2026-02-19T23:35:18.410487Z  INFO 🚀 Starting trunk 0.18.2
2026-02-19T23:35:20.057704Z  INFO 📦 starting build
2026-02-19T23:35:20.063695Z  INFO spawning asset pipelines
2026-02-19T23:35:22.399686Z  INFO copying & hashing css path="style.css"
2026-02-19T23:35:22.399856Z  INFO building batchi
2026-02-19T23:35:22.407409Z  INFO finished copying & hashing css path="style.css"
   Compiling batchi v0.1.1 (/app)
warning: unused import: `HtmlCanvasElement`
 --> src/components/spectrogram_webgl.rs:6:15
  |
6 | use web_sys::{HtmlCanvasElement, WebGl2RenderingContext};
  |               ^^^^^^^^^^^^^^^^^
  |
  = note: `#[warn(unused_imports)]` (part of `#[warn(unused)]`) on by default

warning: use of deprecated function `leptos::prelude::store_value`: This function is being removed to conform to Rust idioms. Please use `StoredValue::new()` or `StoredValue::new_local()` instead.
  --> src/components/spectrogram_webgl.rs:33:20
   |
33 |     let renderer = store_value(None::<SendWrapper<Waterfall3D>>);
   |                    ^^^^^^^^^^^
   |
   = note: `#[warn(deprecated)]` on by default

warning: use of deprecated function `leptos::prelude::create_rw_signal`: This function is being removed to conform to Rust idioms. Please use `RwSignal::new()` instead.
  --> src/components/spectrogram_webgl.rs:34:26
   |
34 |     let renderer_ready = create_rw_signal(false);
   |                          ^^^^^^^^^^^^^^^^

warning: use of deprecated function `leptos::prelude::create_rw_signal`: This function is being removed to conform to Rust idioms. Please use `RwSignal::new()` instead.
  --> src/components/spectrogram_webgl.rs:35:21
   |
35 |     let last_dims = create_rw_signal::<(i32,i32)>( (0,0) );
   |                     ^^^^^^^^^^^^^^^^

warning: use of deprecated function `leptos::prelude::create_rw_signal`: This function is being removed to conform to Rust idioms. Please use `RwSignal::new()` instead.
  --> src/components/spectrogram_webgl.rs:38:23
   |
38 |     let is_dragging = create_rw_signal(false);
   |                       ^^^^^^^^^^^^^^^^

warning: use of deprecated function `leptos::prelude::create_rw_signal`: This function is being removed to conform to Rust idioms. Please use `RwSignal::new()` instead.
  --> src/components/spectrogram_webgl.rs:39:26
   |
39 |     let last_mouse_pos = create_rw_signal::<(i32,i32)>( (0,0) );
   |                          ^^^^^^^^^^^^^^^^

warning: use of deprecated function `leptos::prelude::create_rw_signal`: This function is being removed to conform to Rust idioms. Please use `RwSignal::new()` instead.
  --> src/components/spectrogram_webgl.rs:40:21
   |
40 |     let drag_mode = create_rw_signal(0); // 0=rotate, 1=pan
   |                     ^^^^^^^^^^^^^^^^

warning: use of deprecated function `leptos::prelude::create_effect`: This function is being removed to conform to Rust idioms. Please use `Effect::new()` instead.
  --> src/components/spectrogram_webgl.rs:43:5
   |
43 |     create_effect(move |_| {
   |     ^^^^^^^^^^^^^

warning: use of deprecated function `leptos::prelude::create_effect`: This function is being removed to conform to Rust idioms. Please use `Effect::new()` instead.
  --> src/components/spectrogram_webgl.rs:67:5
   |
67 |     create_effect(move |_| {
   |     ^^^^^^^^^^^^^

warning: use of deprecated function `leptos::prelude::create_effect`: This function is being removed to conform to Rust idioms. Please use `Effect::new()` instead.
   --> src/components/spectrogram_webgl.rs:267:5
    |
267 |     create_effect(move |_| {
    |     ^^^^^^^^^^^^^

warning: `batchi` (lib) generated 10 warnings (run `cargo fix --lib -p batchi` to apply 1 suggestion)
    Finished `dev` profile [unoptimized + debuginfo] target(s) in 40.86s
2026-02-19T23:36:03.382891Z  INFO fetching cargo artifacts
2026-02-19T23:36:04.709542Z  INFO calling wasm-bindgen for batchi
2026-02-19T23:36:11.119769Z  INFO rust build complete
2026-02-19T23:36:11.122857Z  INFO applying new distribution
2026-02-19T23:36:11.124818Z  INFO ✅ success
2026-02-19T23:36:11.130105Z  INFO 📡 serving static assets at -> /
2026-02-19T23:36:11.130138Z  INFO 📡 server listening at http://127.0.0.1:8080
2026-02-19T23:36:11.130537Z  INFO 📦 starting build
2026-02-19T23:36:11.130949Z  INFO spawning asset pipelines
2026-02-19T23:36:11.387698Z  INFO copying & hashing css path="style.css"
2026-02-19T23:36:11.387792Z  INFO building batchi
2026-02-19T23:36:11.388996Z  INFO finished copying & hashing css path="style.css"
warning: unused import: `HtmlCanvasElement`
 --> src/components/spectrogram_webgl.rs:6:15
  |
6 | use web_sys::{HtmlCanvasElement, WebGl2RenderingContext};
  |               ^^^^^^^^^^^^^^^^^
  |
  = note: `#[warn(unused_imports)]` (part of `#[warn(unused)]`) on by default

warning: use of deprecated function `leptos::prelude::store_value`: This function is being removed to conform to Rust idioms. Please use `StoredValue::new()` or `StoredValue::new_local()` instead.
  --> src/components/spectrogram_webgl.rs:33:20
   |
33 |     let renderer = store_value(None::<SendWrapper<Waterfall3D>>);
   |                    ^^^^^^^^^^^
   |
   = note: `#[warn(deprecated)]` on by default

warning: use of deprecated function `leptos::prelude::create_rw_signal`: This function is being removed to conform to Rust idioms. Please use `RwSignal::new()` instead.
  --> src/components/spectrogram_webgl.rs:34:26
   |
34 |     let renderer_ready = create_rw_signal(false);
   |                          ^^^^^^^^^^^^^^^^

warning: use of deprecated function `leptos::prelude::create_rw_signal`: This function is being removed to conform to Rust idioms. Please use `RwSignal::new()` instead.
  --> src/components/spectrogram_webgl.rs:35:21
   |
35 |     let last_dims = create_rw_signal::<(i32,i32)>( (0,0) );
   |                     ^^^^^^^^^^^^^^^^

warning: use of deprecated function `leptos::prelude::create_rw_signal`: This function is being removed to conform to Rust idioms. Please use `RwSignal::new()` instead.
  --> src/components/spectrogram_webgl.rs:38:23
   |
38 |     let is_dragging = create_rw_signal(false);
   |                       ^^^^^^^^^^^^^^^^

warning: use of deprecated function `leptos::prelude::create_rw_signal`: This function is being removed to conform to Rust idioms. Please use `RwSignal::new()` instead.
  --> src/components/spectrogram_webgl.rs:39:26
   |
39 |     let last_mouse_pos = create_rw_signal::<(i32,i32)>( (0,0) );
   |                          ^^^^^^^^^^^^^^^^

warning: use of deprecated function `leptos::prelude::create_rw_signal`: This function is being removed to conform to Rust idioms. Please use `RwSignal::new()` instead.
  --> src/components/spectrogram_webgl.rs:40:21
   |
40 |     let drag_mode = create_rw_signal(0); // 0=rotate, 1=pan
   |                     ^^^^^^^^^^^^^^^^

warning: use of deprecated function `leptos::prelude::create_effect`: This function is being removed to conform to Rust idioms. Please use `Effect::new()` instead.
  --> src/components/spectrogram_webgl.rs:43:5
   |
43 |     create_effect(move |_| {
   |     ^^^^^^^^^^^^^

warning: use of deprecated function `leptos::prelude::create_effect`: This function is being removed to conform to Rust idioms. Please use `Effect::new()` instead.
  --> src/components/spectrogram_webgl.rs:67:5
   |
67 |     create_effect(move |_| {
   |     ^^^^^^^^^^^^^

warning: use of deprecated function `leptos::prelude::create_effect`: This function is being removed to conform to Rust idioms. Please use `Effect::new()` instead.
   --> src/components/spectrogram_webgl.rs:267:5
    |
267 |     create_effect(move |_| {
    |     ^^^^^^^^^^^^^

warning: `batchi` (lib) generated 10 warnings (run `cargo fix --lib -p batchi` to apply 1 suggestion)
    Finished `dev` profile [unoptimized + debuginfo] target(s) in 0.17s
2026-02-19T23:36:11.651631Z  INFO fetching cargo artifacts
2026-02-19T23:36:12.286884Z  INFO calling wasm-bindgen for batchi
2026-02-19T23:36:15.679863Z  INFO rust build complete
2026-02-19T23:36:15.686741Z  INFO applying new distribution
2026-02-19T23:36:15.691279Z  INFO ✅ success
2026-02-19T23:36:15.691393Z  INFO 📦 starting build
2026-02-19T23:36:15.692212Z  INFO spawning asset pipelines
2026-02-19T23:36:16.169630Z  INFO copying & hashing css path="style.css"
2026-02-19T23:36:16.169722Z  INFO building batchi
2026-02-19T23:36:16.170650Z  INFO finished copying & hashing css path="style.css"
warning: unused import: `HtmlCanvasElement`
 --> src/components/spectrogram_webgl.rs:6:15
  |
6 | use web_sys::{HtmlCanvasElement, WebGl2RenderingContext};
  |               ^^^^^^^^^^^^^^^^^
  |
  = note: `#[warn(unused_imports)]` (part of `#[warn(unused)]`) on by default

warning: use of deprecated function `leptos::prelude::store_value`: This function is being removed to conform to Rust idioms. Please use `StoredValue::new()` or `StoredValue::new_local()` instead.
  --> src/components/spectrogram_webgl.rs:33:20
   |
33 |     let renderer = store_value(None::<SendWrapper<Waterfall3D>>);
   |                    ^^^^^^^^^^^
   |
   = note: `#[warn(deprecated)]` on by default

warning: use of deprecated function `leptos::prelude::create_rw_signal`: This function is being removed to conform to Rust idioms. Please use `RwSignal::new()` instead.
  --> src/components/spectrogram_webgl.rs:34:26
   |
34 |     let renderer_ready = create_rw_signal(false);
   |                          ^^^^^^^^^^^^^^^^

warning: use of deprecated function `leptos::prelude::create_rw_signal`: This function is being removed to conform to Rust idioms. Please use `RwSignal::new()` instead.
  --> src/components/spectrogram_webgl.rs:35:21
   |
35 |     let last_dims = create_rw_signal::<(i32,i32)>( (0,0) );
   |                     ^^^^^^^^^^^^^^^^

warning: use of deprecated function `leptos::prelude::create_rw_signal`: This function is being removed to conform to Rust idioms. Please use `RwSignal::new()` instead.
  --> src/components/spectrogram_webgl.rs:38:23
   |
38 |     let is_dragging = create_rw_signal(false);
   |                       ^^^^^^^^^^^^^^^^

warning: use of deprecated function `leptos::prelude::create_rw_signal`: This function is being removed to conform to Rust idioms. Please use `RwSignal::new()` instead.
  --> src/components/spectrogram_webgl.rs:39:26
   |
39 |     let last_mouse_pos = create_rw_signal::<(i32,i32)>( (0,0) );
   |                          ^^^^^^^^^^^^^^^^

warning: use of deprecated function `leptos::prelude::create_rw_signal`: This function is being removed to conform to Rust idioms. Please use `RwSignal::new()` instead.
  --> src/components/spectrogram_webgl.rs:40:21
   |
40 |     let drag_mode = create_rw_signal(0); // 0=rotate, 1=pan
   |                     ^^^^^^^^^^^^^^^^

warning: use of deprecated function `leptos::prelude::create_effect`: This function is being removed to conform to Rust idioms. Please use `Effect::new()` instead.
  --> src/components/spectrogram_webgl.rs:43:5
   |
43 |     create_effect(move |_| {
   |     ^^^^^^^^^^^^^

warning: use of deprecated function `leptos::prelude::create_effect`: This function is being removed to conform to Rust idioms. Please use `Effect::new()` instead.
  --> src/components/spectrogram_webgl.rs:67:5
   |
67 |     create_effect(move |_| {
   |     ^^^^^^^^^^^^^

warning: use of deprecated function `leptos::prelude::create_effect`: This function is being removed to conform to Rust idioms. Please use `Effect::new()` instead.
   --> src/components/spectrogram_webgl.rs:267:5
    |
267 |     create_effect(move |_| {
    |     ^^^^^^^^^^^^^

warning: `batchi` (lib) generated 10 warnings (run `cargo fix --lib -p batchi` to apply 1 suggestion)
    Finished `dev` profile [unoptimized + debuginfo] target(s) in 0.25s
2026-02-19T23:36:16.558001Z  INFO fetching cargo artifacts
2026-02-19T23:36:17.386646Z  INFO calling wasm-bindgen for batchi
2026-02-19T23:36:20.211074Z  INFO rust build complete
2026-02-19T23:36:20.213751Z  INFO applying new distribution
2026-02-19T23:36:20.216405Z  INFO ✅ success
2026-02-19T23:36:20.216435Z  INFO 📦 starting build
2026-02-19T23:36:20.216746Z  INFO spawning asset pipelines
2026-02-19T23:36:20.457309Z  INFO copying & hashing css path="style.css"
2026-02-19T23:36:20.457422Z  INFO building batchi
2026-02-19T23:36:20.458122Z  INFO finished copying & hashing css path="style.css"
warning: unused import: `HtmlCanvasElement`
 --> src/components/spectrogram_webgl.rs:6:15
  |
6 | use web_sys::{HtmlCanvasElement, WebGl2RenderingContext};
  |               ^^^^^^^^^^^^^^^^^
  |
  = note: `#[warn(unused_imports)]` (part of `#[warn(unused)]`) on by default

warning: use of deprecated function `leptos::prelude::store_value`: This function is being removed to conform to Rust idioms. Please use `StoredValue::new()` or `StoredValue::new_local()` instead.
  --> src/components/spectrogram_webgl.rs:33:20
   |
33 |     let renderer = store_value(None::<SendWrapper<Waterfall3D>>);
   |                    ^^^^^^^^^^^
   |
   = note: `#[warn(deprecated)]` on by default

warning: use of deprecated function `leptos::prelude::create_rw_signal`: This function is being removed to conform to Rust idioms. Please use `RwSignal::new()` instead.
  --> src/components/spectrogram_webgl.rs:34:26
   |
34 |     let renderer_ready = create_rw_signal(false);
   |                          ^^^^^^^^^^^^^^^^

warning: use of deprecated function `leptos::prelude::create_rw_signal`: This function is being removed to conform to Rust idioms. Please use `RwSignal::new()` instead.
  --> src/components/spectrogram_webgl.rs:35:21
   |
35 |     let last_dims = create_rw_signal::<(i32,i32)>( (0,0) );
   |                     ^^^^^^^^^^^^^^^^

warning: use of deprecated function `leptos::prelude::create_rw_signal`: This function is being removed to conform to Rust idioms. Please use `RwSignal::new()` instead.
  --> src/components/spectrogram_webgl.rs:38:23
   |
38 |     let is_dragging = create_rw_signal(false);
   |                       ^^^^^^^^^^^^^^^^

warning: use of deprecated function `leptos::prelude::create_rw_signal`: This function is being removed to conform to Rust idioms. Please use `RwSignal::new()` instead.
  --> src/components/spectrogram_webgl.rs:39:26
   |
39 |     let last_mouse_pos = create_rw_signal::<(i32,i32)>( (0,0) );
   |                          ^^^^^^^^^^^^^^^^

warning: use of deprecated function `leptos::prelude::create_rw_signal`: This function is being removed to conform to Rust idioms. Please use `RwSignal::new()` instead.
  --> src/components/spectrogram_webgl.rs:40:21
   |
40 |     let drag_mode = create_rw_signal(0); // 0=rotate, 1=pan
   |                     ^^^^^^^^^^^^^^^^

warning: use of deprecated function `leptos::prelude::create_effect`: This function is being removed to conform to Rust idioms. Please use `Effect::new()` instead.
  --> src/components/spectrogram_webgl.rs:43:5
   |
43 |     create_effect(move |_| {
   |     ^^^^^^^^^^^^^

warning: use of deprecated function `leptos::prelude::create_effect`: This function is being removed to conform to Rust idioms. Please use `Effect::new()` instead.
  --> src/components/spectrogram_webgl.rs:67:5
   |
67 |     create_effect(move |_| {
   |     ^^^^^^^^^^^^^

warning: use of deprecated function `leptos::prelude::create_effect`: This function is being removed to conform to Rust idioms. Please use `Effect::new()` instead.
   --> src/components/spectrogram_webgl.rs:267:5
    |
267 |     create_effect(move |_| {
    |     ^^^^^^^^^^^^^

warning: `batchi` (lib) generated 10 warnings (run `cargo fix --lib -p batchi` to apply 1 suggestion)
    Finished `dev` profile [unoptimized + debuginfo] target(s) in 0.16s
2026-02-19T23:36:20.711920Z  INFO fetching cargo artifacts
2026-02-19T23:36:21.332780Z  INFO calling wasm-bindgen for batchi
2026-02-19T23:36:23.917756Z  INFO rust build complete
2026-02-19T23:36:23.920547Z  INFO applying new distribution
2026-02-19T23:36:23.923254Z  INFO ✅ success
2026-02-19T23:36:23.923296Z  INFO 📦 starting build
2026-02-19T23:36:23.924182Z  INFO spawning asset pipelines
2026-02-19T23:36:24.171525Z  INFO copying & hashing css path="style.css"
2026-02-19T23:36:24.171599Z  INFO building batchi
2026-02-19T23:36:24.172436Z  INFO finished copying & hashing css path="style.css"
warning: unused import: `HtmlCanvasElement`
 --> src/components/spectrogram_webgl.rs:6:15
  |
6 | use web_sys::{HtmlCanvasElement, WebGl2RenderingContext};
  |               ^^^^^^^^^^^^^^^^^
  |
  = note: `#[warn(unused_imports)]` (part of `#[warn(unused)]`) on by default

warning: use of deprecated function `leptos::prelude::store_value`: This function is being removed to conform to Rust idioms. Please use `StoredValue::new()` or `StoredValue::new_local()` instead.
  --> src/components/spectrogram_webgl.rs:33:20
   |
33 |     let renderer = store_value(None::<SendWrapper<Waterfall3D>>);
   |                    ^^^^^^^^^^^
   |
   = note: `#[warn(deprecated)]` on by default

warning: use of deprecated function `leptos::prelude::create_rw_signal`: This function is being removed to conform to Rust idioms. Please use `RwSignal::new()` instead.
  --> src/components/spectrogram_webgl.rs:34:26
   |
34 |     let renderer_ready = create_rw_signal(false);
   |                          ^^^^^^^^^^^^^^^^

warning: use of deprecated function `leptos::prelude::create_rw_signal`: This function is being removed to conform to Rust idioms. Please use `RwSignal::new()` instead.
  --> src/components/spectrogram_webgl.rs:35:21
   |
35 |     let last_dims = create_rw_signal::<(i32,i32)>( (0,0) );
   |                     ^^^^^^^^^^^^^^^^

warning: use of deprecated function `leptos::prelude::create_rw_signal`: This function is being removed to conform to Rust idioms. Please use `RwSignal::new()` instead.
  --> src/components/spectrogram_webgl.rs:38:23
   |
38 |     let is_dragging = create_rw_signal(false);
   |                       ^^^^^^^^^^^^^^^^

warning: use of deprecated function `leptos::prelude::create_rw_signal`: This function is being removed to conform to Rust idioms. Please use `RwSignal::new()` instead.
  --> src/components/spectrogram_webgl.rs:39:26
   |
39 |     let last_mouse_pos = create_rw_signal::<(i32,i32)>( (0,0) );
   |                          ^^^^^^^^^^^^^^^^

warning: use of deprecated function `leptos::prelude::create_rw_signal`: This function is being removed to conform to Rust idioms. Please use `RwSignal::new()` instead.
  --> src/components/spectrogram_webgl.rs:40:21
   |
40 |     let drag_mode = create_rw_signal(0); // 0=rotate, 1=pan
   |                     ^^^^^^^^^^^^^^^^

warning: use of deprecated function `leptos::prelude::create_effect`: This function is being removed to conform to Rust idioms. Please use `Effect::new()` instead.
  --> src/components/spectrogram_webgl.rs:43:5
   |
43 |     create_effect(move |_| {
   |     ^^^^^^^^^^^^^

warning: use of deprecated function `leptos::prelude::create_effect`: This function is being removed to conform to Rust idioms. Please use `Effect::new()` instead.
  --> src/components/spectrogram_webgl.rs:67:5
   |
67 |     create_effect(move |_| {
   |     ^^^^^^^^^^^^^

warning: use of deprecated function `leptos::prelude::create_effect`: This function is being removed to conform to Rust idioms. Please use `Effect::new()` instead.
   --> src/components/spectrogram_webgl.rs:267:5
    |
267 |     create_effect(move |_| {
    |     ^^^^^^^^^^^^^

warning: `batchi` (lib) generated 10 warnings (run `cargo fix --lib -p batchi` to apply 1 suggestion)
    Finished `dev` profile [unoptimized + debuginfo] target(s) in 0.17s
2026-02-19T23:36:24.427360Z  INFO fetching cargo artifacts
2026-02-19T23:36:25.130561Z  INFO calling wasm-bindgen for batchi
2026-02-19T23:36:27.930351Z  INFO rust build complete
2026-02-19T23:36:27.933707Z  INFO applying new distribution
2026-02-19T23:36:27.936638Z  INFO ✅ success
2026-02-19T23:36:27.936681Z  INFO 📦 starting build
2026-02-19T23:36:27.937904Z  INFO spawning asset pipelines
2026-02-19T23:36:28.265241Z  INFO copying & hashing css path="style.css"
2026-02-19T23:36:28.265331Z  INFO building batchi
2026-02-19T23:36:28.265924Z  INFO finished copying & hashing css path="style.css"
warning: unused import: `HtmlCanvasElement`
 --> src/components/spectrogram_webgl.rs:6:15
  |
6 | use web_sys::{HtmlCanvasElement, WebGl2RenderingContext};
  |               ^^^^^^^^^^^^^^^^^
  |
  = note: `#[warn(unused_imports)]` (part of `#[warn(unused)]`) on by default

warning: use of deprecated function `leptos::prelude::store_value`: This function is being removed to conform to Rust idioms. Please use `StoredValue::new()` or `StoredValue::new_local()` instead.
  --> src/components/spectrogram_webgl.rs:33:20
   |
33 |     let renderer = store_value(None::<SendWrapper<Waterfall3D>>);
   |                    ^^^^^^^^^^^
   |
   = note: `#[warn(deprecated)]` on by default

warning: use of deprecated function `leptos::prelude::create_rw_signal`: This function is being removed to conform to Rust idioms. Please use `RwSignal::new()` instead.
  --> src/components/spectrogram_webgl.rs:34:26
   |
34 |     let renderer_ready = create_rw_signal(false);
   |                          ^^^^^^^^^^^^^^^^

warning: use of deprecated function `leptos::prelude::create_rw_signal`: This function is being removed to conform to Rust idioms. Please use `RwSignal::new()` instead.
  --> src/components/spectrogram_webgl.rs:35:21
   |
35 |     let last_dims = create_rw_signal::<(i32,i32)>( (0,0) );
   |                     ^^^^^^^^^^^^^^^^

warning: use of deprecated function `leptos::prelude::create_rw_signal`: This function is being removed to conform to Rust idioms. Please use `RwSignal::new()` instead.
  --> src/components/spectrogram_webgl.rs:38:23
   |
38 |     let is_dragging = create_rw_signal(false);
   |                       ^^^^^^^^^^^^^^^^

warning: use of deprecated function `leptos::prelude::create_rw_signal`: This function is being removed to conform to Rust idioms. Please use `RwSignal::new()` instead.
  --> src/components/spectrogram_webgl.rs:39:26
   |
39 |     let last_mouse_pos = create_rw_signal::<(i32,i32)>( (0,0) );
   |                          ^^^^^^^^^^^^^^^^

warning: use of deprecated function `leptos::prelude::create_rw_signal`: This function is being removed to conform to Rust idioms. Please use `RwSignal::new()` instead.
  --> src/components/spectrogram_webgl.rs:40:21
   |
40 |     let drag_mode = create_rw_signal(0); // 0=rotate, 1=pan
   |                     ^^^^^^^^^^^^^^^^

warning: use of deprecated function `leptos::prelude::create_effect`: This function is being removed to conform to Rust idioms. Please use `Effect::new()` instead.
  --> src/components/spectrogram_webgl.rs:43:5
   |
43 |     create_effect(move |_| {
   |     ^^^^^^^^^^^^^

warning: use of deprecated function `leptos::prelude::create_effect`: This function is being removed to conform to Rust idioms. Please use `Effect::new()` instead.
  --> src/components/spectrogram_webgl.rs:67:5
   |
67 |     create_effect(move |_| {
   |     ^^^^^^^^^^^^^

warning: use of deprecated function `leptos::prelude::create_effect`: This function is being removed to conform to Rust idioms. Please use `Effect::new()` instead.
   --> src/components/spectrogram_webgl.rs:267:5
    |
267 |     create_effect(move |_| {
    |     ^^^^^^^^^^^^^

warning: `batchi` (lib) generated 10 warnings (run `cargo fix --lib -p batchi` to apply 1 suggestion)
    Finished `dev` profile [unoptimized + debuginfo] target(s) in 0.19s
2026-02-19T23:36:28.564125Z  INFO fetching cargo artifacts
2026-02-19T23:36:29.235715Z  INFO calling wasm-bindgen for batchi
2026-02-19T23:36:32.206658Z  INFO rust build complete
2026-02-19T23:36:32.209877Z  INFO applying new distribution
2026-02-19T23:36:32.212093Z  INFO ✅ success
2026-02-19T23:36:32.212124Z  INFO 📦 starting build
2026-02-19T23:36:32.212927Z  INFO spawning asset pipelines
2026-02-19T23:36:32.453586Z  INFO copying & hashing css path="style.css"
2026-02-19T23:36:32.453616Z  INFO building batchi
2026-02-19T23:36:32.454066Z  INFO finished copying & hashing css path="style.css"
warning: unused import: `HtmlCanvasElement`
 --> src/components/spectrogram_webgl.rs:6:15
  |
6 | use web_sys::{HtmlCanvasElement, WebGl2RenderingContext};
  |               ^^^^^^^^^^^^^^^^^
  |
  = note: `#[warn(unused_imports)]` (part of `#[warn(unused)]`) on by default

warning: use of deprecated function `leptos::prelude::store_value`: This function is being removed to conform to Rust idioms. Please use `StoredValue::new()` or `StoredValue::new_local()` instead.
  --> src/components/spectrogram_webgl.rs:33:20
   |
33 |     let renderer = store_value(None::<SendWrapper<Waterfall3D>>);
   |                    ^^^^^^^^^^^
   |
   = note: `#[warn(deprecated)]` on by default

warning: use of deprecated function `leptos::prelude::create_rw_signal`: This function is being removed to conform to Rust idioms. Please use `RwSignal::new()` instead.
  --> src/components/spectrogram_webgl.rs:34:26
   |
34 |     let renderer_ready = create_rw_signal(false);
   |                          ^^^^^^^^^^^^^^^^

warning: use of deprecated function `leptos::prelude::create_rw_signal`: This function is being removed to conform to Rust idioms. Please use `RwSignal::new()` instead.
  --> src/components/spectrogram_webgl.rs:35:21
   |
35 |     let last_dims = create_rw_signal::<(i32,i32)>( (0,0) );
   |                     ^^^^^^^^^^^^^^^^

warning: use of deprecated function `leptos::prelude::create_rw_signal`: This function is being removed to conform to Rust idioms. Please use `RwSignal::new()` instead.
  --> src/components/spectrogram_webgl.rs:38:23
   |
38 |     let is_dragging = create_rw_signal(false);
   |                       ^^^^^^^^^^^^^^^^

warning: use of deprecated function `leptos::prelude::create_rw_signal`: This function is being removed to conform to Rust idioms. Please use `RwSignal::new()` instead.
  --> src/components/spectrogram_webgl.rs:39:26
   |
39 |     let last_mouse_pos = create_rw_signal::<(i32,i32)>( (0,0) );
   |                          ^^^^^^^^^^^^^^^^

warning: use of deprecated function `leptos::prelude::create_rw_signal`: This function is being removed to conform to Rust idioms. Please use `RwSignal::new()` instead.
  --> src/components/spectrogram_webgl.rs:40:21
   |
40 |     let drag_mode = create_rw_signal(0); // 0=rotate, 1=pan
   |                     ^^^^^^^^^^^^^^^^

warning: use of deprecated function `leptos::prelude::create_effect`: This function is being removed to conform to Rust idioms. Please use `Effect::new()` instead.
  --> src/components/spectrogram_webgl.rs:43:5
   |
43 |     create_effect(move |_| {
   |     ^^^^^^^^^^^^^

warning: use of deprecated function `leptos::prelude::create_effect`: This function is being removed to conform to Rust idioms. Please use `Effect::new()` instead.
  --> src/components/spectrogram_webgl.rs:67:5
   |
67 |     create_effect(move |_| {
   |     ^^^^^^^^^^^^^

warning: use of deprecated function `leptos::prelude::create_effect`: This function is being removed to conform to Rust idioms. Please use `Effect::new()` instead.
   --> src/components/spectrogram_webgl.rs:267:5
    |
267 |     create_effect(move |_| {
    |     ^^^^^^^^^^^^^

warning: `batchi` (lib) generated 10 warnings (run `cargo fix --lib -p batchi` to apply 1 suggestion)
    Finished `dev` profile [unoptimized + debuginfo] target(s) in 0.16s
2026-02-19T23:36:32.703621Z  INFO fetching cargo artifacts
2026-02-19T23:36:33.319787Z  INFO calling wasm-bindgen for batchi
2026-02-19T23:36:35.808588Z  INFO rust build complete
2026-02-19T23:36:35.810987Z  INFO applying new distribution
2026-02-19T23:36:35.813517Z  INFO ✅ success
2026-02-19T23:36:35.813546Z  INFO 📦 starting build
2026-02-19T23:36:35.813896Z  INFO spawning asset pipelines
2026-02-19T23:36:36.061876Z  INFO copying & hashing css path="style.css"
2026-02-19T23:36:36.061925Z  INFO building batchi
2026-02-19T23:36:36.062419Z  INFO finished copying & hashing css path="style.css"
warning: unused import: `HtmlCanvasElement`
 --> src/components/spectrogram_webgl.rs:6:15
  |
6 | use web_sys::{HtmlCanvasElement, WebGl2RenderingContext};
  |               ^^^^^^^^^^^^^^^^^
  |
  = note: `#[warn(unused_imports)]` (part of `#[warn(unused)]`) on by default

warning: use of deprecated function `leptos::prelude::store_value`: This function is being removed to conform to Rust idioms. Please use `StoredValue::new()` or `StoredValue::new_local()` instead.
  --> src/components/spectrogram_webgl.rs:33:20
   |
33 |     let renderer = store_value(None::<SendWrapper<Waterfall3D>>);
   |                    ^^^^^^^^^^^
   |
   = note: `#[warn(deprecated)]` on by default

warning: use of deprecated function `leptos::prelude::create_rw_signal`: This function is being removed to conform to Rust idioms. Please use `RwSignal::new()` instead.
  --> src/components/spectrogram_webgl.rs:34:26
   |
34 |     let renderer_ready = create_rw_signal(false);
   |                          ^^^^^^^^^^^^^^^^

warning: use of deprecated function `leptos::prelude::create_rw_signal`: This function is being removed to conform to Rust idioms. Please use `RwSignal::new()` instead.
  --> src/components/spectrogram_webgl.rs:35:21
   |
35 |     let last_dims = create_rw_signal::<(i32,i32)>( (0,0) );
   |                     ^^^^^^^^^^^^^^^^

warning: use of deprecated function `leptos::prelude::create_rw_signal`: This function is being removed to conform to Rust idioms. Please use `RwSignal::new()` instead.
  --> src/components/spectrogram_webgl.rs:38:23
   |
38 |     let is_dragging = create_rw_signal(false);
   |                       ^^^^^^^^^^^^^^^^

warning: use of deprecated function `leptos::prelude::create_rw_signal`: This function is being removed to conform to Rust idioms. Please use `RwSignal::new()` instead.
  --> src/components/spectrogram_webgl.rs:39:26
   |
39 |     let last_mouse_pos = create_rw_signal::<(i32,i32)>( (0,0) );
   |                          ^^^^^^^^^^^^^^^^

warning: use of deprecated function `leptos::prelude::create_rw_signal`: This function is being removed to conform to Rust idioms. Please use `RwSignal::new()` instead.
  --> src/components/spectrogram_webgl.rs:40:21
   |
40 |     let drag_mode = create_rw_signal(0); // 0=rotate, 1=pan
   |                     ^^^^^^^^^^^^^^^^

warning: use of deprecated function `leptos::prelude::create_effect`: This function is being removed to conform to Rust idioms. Please use `Effect::new()` instead.
  --> src/components/spectrogram_webgl.rs:43:5
   |
43 |     create_effect(move |_| {
   |     ^^^^^^^^^^^^^

warning: use of deprecated function `leptos::prelude::create_effect`: This function is being removed to conform to Rust idioms. Please use `Effect::new()` instead.
  --> src/components/spectrogram_webgl.rs:67:5
   |
67 |     create_effect(move |_| {
   |     ^^^^^^^^^^^^^

warning: use of deprecated function `leptos::prelude::create_effect`: This function is being removed to conform to Rust idioms. Please use `Effect::new()` instead.
   --> src/components/spectrogram_webgl.rs:267:5
    |
267 |     create_effect(move |_| {
    |     ^^^^^^^^^^^^^

warning: `batchi` (lib) generated 10 warnings (run `cargo fix --lib -p batchi` to apply 1 suggestion)
    Finished `dev` profile [unoptimized + debuginfo] target(s) in 0.17s
2026-02-19T23:36:36.323853Z  INFO fetching cargo artifacts
2026-02-19T23:36:36.948014Z  INFO calling wasm-bindgen for batchi
2026-02-19T23:36:39.458116Z  INFO rust build complete
2026-02-19T23:36:39.460949Z  INFO applying new distribution
2026-02-19T23:36:39.463381Z  INFO ✅ success
2026-02-19T23:36:39.463415Z  INFO 📦 starting build
2026-02-19T23:36:39.463663Z  INFO spawning asset pipelines
2026-02-19T23:36:39.715411Z  INFO copying & hashing css path="style.css"
2026-02-19T23:36:39.715502Z  INFO building batchi
2026-02-19T23:36:39.715873Z  INFO finished copying & hashing css path="style.css"
warning: unused import: `HtmlCanvasElement`
 --> src/components/spectrogram_webgl.rs:6:15
  |
6 | use web_sys::{HtmlCanvasElement, WebGl2RenderingContext};
  |               ^^^^^^^^^^^^^^^^^
  |
  = note: `#[warn(unused_imports)]` (part of `#[warn(unused)]`) on by default

warning: use of deprecated function `leptos::prelude::store_value`: This function is being removed to conform to Rust idioms. Please use `StoredValue::new()` or `StoredValue::new_local()` instead.
  --> src/components/spectrogram_webgl.rs:33:20
   |
33 |     let renderer = store_value(None::<SendWrapper<Waterfall3D>>);
   |                    ^^^^^^^^^^^
   |
   = note: `#[warn(deprecated)]` on by default

warning: use of deprecated function `leptos::prelude::create_rw_signal`: This function is being removed to conform to Rust idioms. Please use `RwSignal::new()` instead.
  --> src/components/spectrogram_webgl.rs:34:26
   |
34 |     let renderer_ready = create_rw_signal(false);
   |                          ^^^^^^^^^^^^^^^^

warning: use of deprecated function `leptos::prelude::create_rw_signal`: This function is being removed to conform to Rust idioms. Please use `RwSignal::new()` instead.
  --> src/components/spectrogram_webgl.rs:35:21
   |
35 |     let last_dims = create_rw_signal::<(i32,i32)>( (0,0) );
   |                     ^^^^^^^^^^^^^^^^

warning: use of deprecated function `leptos::prelude::create_rw_signal`: This function is being removed to conform to Rust idioms. Please use `RwSignal::new()` instead.
  --> src/components/spectrogram_webgl.rs:38:23
   |
38 |     let is_dragging = create_rw_signal(false);
   |                       ^^^^^^^^^^^^^^^^

warning: use of deprecated function `leptos::prelude::create_rw_signal`: This function is being removed to conform to Rust idioms. Please use `RwSignal::new()` instead.
  --> src/components/spectrogram_webgl.rs:39:26
   |
39 |     let last_mouse_pos = create_rw_signal::<(i32,i32)>( (0,0) );
   |                          ^^^^^^^^^^^^^^^^

warning: use of deprecated function `leptos::prelude::create_rw_signal`: This function is being removed to conform to Rust idioms. Please use `RwSignal::new()` instead.
  --> src/components/spectrogram_webgl.rs:40:21
   |
40 |     let drag_mode = create_rw_signal(0); // 0=rotate, 1=pan
   |                     ^^^^^^^^^^^^^^^^

warning: use of deprecated function `leptos::prelude::create_effect`: This function is being removed to conform to Rust idioms. Please use `Effect::new()` instead.
  --> src/components/spectrogram_webgl.rs:43:5
   |
43 |     create_effect(move |_| {
   |     ^^^^^^^^^^^^^

warning: use of deprecated function `leptos::prelude::create_effect`: This function is being removed to conform to Rust idioms. Please use `Effect::new()` instead.
  --> src/components/spectrogram_webgl.rs:67:5
   |
67 |     create_effect(move |_| {
   |     ^^^^^^^^^^^^^

warning: use of deprecated function `leptos::prelude::create_effect`: This function is being removed to conform to Rust idioms. Please use `Effect::new()` instead.
   --> src/components/spectrogram_webgl.rs:267:5
    |
267 |     create_effect(move |_| {
    |     ^^^^^^^^^^^^^

warning: `batchi` (lib) generated 10 warnings (run `cargo fix --lib -p batchi` to apply 1 suggestion)
    Finished `dev` profile [unoptimized + debuginfo] target(s) in 0.17s
2026-02-19T23:36:39.979972Z  INFO fetching cargo artifacts
2026-02-19T23:36:40.607152Z  INFO calling wasm-bindgen for batchi
2026-02-19T23:36:43.014831Z  INFO rust build complete
2026-02-19T23:36:43.018720Z  INFO applying new distribution
2026-02-19T23:36:43.020965Z  INFO ✅ success
2026-02-19T23:36:43.020996Z  INFO 📦 starting build
2026-02-19T23:36:43.021566Z  INFO spawning asset pipelines
2026-02-19T23:36:43.262979Z  INFO copying & hashing css path="style.css"
2026-02-19T23:36:43.263038Z  INFO building batchi
2026-02-19T23:36:43.263344Z  INFO finished copying & hashing css path="style.css"
warning: unused import: `HtmlCanvasElement`
 --> src/components/spectrogram_webgl.rs:6:15
  |
6 | use web_sys::{HtmlCanvasElement, WebGl2RenderingContext};
  |               ^^^^^^^^^^^^^^^^^
  |
  = note: `#[warn(unused_imports)]` (part of `#[warn(unused)]`) on by default

warning: use of deprecated function `leptos::prelude::store_value`: This function is being removed to conform to Rust idioms. Please use `StoredValue::new()` or `StoredValue::new_local()` instead.
  --> src/components/spectrogram_webgl.rs:33:20
   |
33 |     let renderer = store_value(None::<SendWrapper<Waterfall3D>>);
   |                    ^^^^^^^^^^^
   |
   = note: `#[warn(deprecated)]` on by default

warning: use of deprecated function `leptos::prelude::create_rw_signal`: This function is being removed to conform to Rust idioms. Please use `RwSignal::new()` instead.
  --> src/components/spectrogram_webgl.rs:34:26
   |
34 |     let renderer_ready = create_rw_signal(false);
   |                          ^^^^^^^^^^^^^^^^

warning: use of deprecated function `leptos::prelude::create_rw_signal`: This function is being removed to conform to Rust idioms. Please use `RwSignal::new()` instead.
  --> src/components/spectrogram_webgl.rs:35:21
   |
35 |     let last_dims = create_rw_signal::<(i32,i32)>( (0,0) );
   |                     ^^^^^^^^^^^^^^^^

warning: use of deprecated function `leptos::prelude::create_rw_signal`: This function is being removed to conform to Rust idioms. Please use `RwSignal::new()` instead.
  --> src/components/spectrogram_webgl.rs:38:23
   |
38 |     let is_dragging = create_rw_signal(false);
   |                       ^^^^^^^^^^^^^^^^

warning: use of deprecated function `leptos::prelude::create_rw_signal`: This function is being removed to conform to Rust idioms. Please use `RwSignal::new()` instead.
  --> src/components/spectrogram_webgl.rs:39:26
   |
39 |     let last_mouse_pos = create_rw_signal::<(i32,i32)>( (0,0) );
   |                          ^^^^^^^^^^^^^^^^

warning: use of deprecated function `leptos::prelude::create_rw_signal`: This function is being removed to conform to Rust idioms. Please use `RwSignal::new()` instead.
  --> src/components/spectrogram_webgl.rs:40:21
   |
40 |     let drag_mode = create_rw_signal(0); // 0=rotate, 1=pan
   |                     ^^^^^^^^^^^^^^^^

warning: use of deprecated function `leptos::prelude::create_effect`: This function is being removed to conform to Rust idioms. Please use `Effect::new()` instead.
  --> src/components/spectrogram_webgl.rs:43:5
   |
43 |     create_effect(move |_| {
   |     ^^^^^^^^^^^^^

warning: use of deprecated function `leptos::prelude::create_effect`: This function is being removed to conform to Rust idioms. Please use `Effect::new()` instead.
  --> src/components/spectrogram_webgl.rs:67:5
   |
67 |     create_effect(move |_| {
   |     ^^^^^^^^^^^^^

warning: use of deprecated function `leptos::prelude::create_effect`: This function is being removed to conform to Rust idioms. Please use `Effect::new()` instead.
   --> src/components/spectrogram_webgl.rs:267:5
    |
267 |     create_effect(move |_| {
    |     ^^^^^^^^^^^^^

warning: `batchi` (lib) generated 10 warnings (run `cargo fix --lib -p batchi` to apply 1 suggestion)
    Finished `dev` profile [unoptimized + debuginfo] target(s) in 0.17s
2026-02-19T23:36:43.538645Z  INFO fetching cargo artifacts
2026-02-19T23:36:44.170107Z  INFO calling wasm-bindgen for batchi
2026-02-19T23:36:46.848107Z  INFO rust build complete
2026-02-19T23:36:46.850547Z  INFO applying new distribution
2026-02-19T23:36:46.852883Z  INFO ✅ success
2026-02-19T23:36:46.852916Z  INFO 📦 starting build
2026-02-19T23:36:46.853170Z  INFO spawning asset pipelines
2026-02-19T23:36:47.099588Z  INFO copying & hashing css path="style.css"
2026-02-19T23:36:47.099619Z  INFO building batchi
2026-02-19T23:36:47.099881Z  INFO finished copying & hashing css path="style.css"
warning: unused import: `HtmlCanvasElement`
 --> src/components/spectrogram_webgl.rs:6:15
  |
6 | use web_sys::{HtmlCanvasElement, WebGl2RenderingContext};
  |               ^^^^^^^^^^^^^^^^^
  |
  = note: `#[warn(unused_imports)]` (part of `#[warn(unused)]`) on by default

warning: use of deprecated function `leptos::prelude::store_value`: This function is being removed to conform to Rust idioms. Please use `StoredValue::new()` or `StoredValue::new_local()` instead.
  --> src/components/spectrogram_webgl.rs:33:20
   |
33 |     let renderer = store_value(None::<SendWrapper<Waterfall3D>>);
   |                    ^^^^^^^^^^^
   |
   = note: `#[warn(deprecated)]` on by default

warning: use of deprecated function `leptos::prelude::create_rw_signal`: This function is being removed to conform to Rust idioms. Please use `RwSignal::new()` instead.
  --> src/components/spectrogram_webgl.rs:34:26
   |
34 |     let renderer_ready = create_rw_signal(false);
   |                          ^^^^^^^^^^^^^^^^

warning: use of deprecated function `leptos::prelude::create_rw_signal`: This function is being removed to conform to Rust idioms. Please use `RwSignal::new()` instead.
  --> src/components/spectrogram_webgl.rs:35:21
   |
35 |     let last_dims = create_rw_signal::<(i32,i32)>( (0,0) );
   |                     ^^^^^^^^^^^^^^^^

warning: use of deprecated function `leptos::prelude::create_rw_signal`: This function is being removed to conform to Rust idioms. Please use `RwSignal::new()` instead.
  --> src/components/spectrogram_webgl.rs:38:23
   |
38 |     let is_dragging = create_rw_signal(false);
   |                       ^^^^^^^^^^^^^^^^

warning: use of deprecated function `leptos::prelude::create_rw_signal`: This function is being removed to conform to Rust idioms. Please use `RwSignal::new()` instead.
  --> src/components/spectrogram_webgl.rs:39:26
   |
39 |     let last_mouse_pos = create_rw_signal::<(i32,i32)>( (0,0) );
   |                          ^^^^^^^^^^^^^^^^

warning: use of deprecated function `leptos::prelude::create_rw_signal`: This function is being removed to conform to Rust idioms. Please use `RwSignal::new()` instead.
  --> src/components/spectrogram_webgl.rs:40:21
   |
40 |     let drag_mode = create_rw_signal(0); // 0=rotate, 1=pan
   |                     ^^^^^^^^^^^^^^^^

warning: use of deprecated function `leptos::prelude::create_effect`: This function is being removed to conform to Rust idioms. Please use `Effect::new()` instead.
  --> src/components/spectrogram_webgl.rs:43:5
   |
43 |     create_effect(move |_| {
   |     ^^^^^^^^^^^^^

warning: use of deprecated function `leptos::prelude::create_effect`: This function is being removed to conform to Rust idioms. Please use `Effect::new()` instead.
  --> src/components/spectrogram_webgl.rs:67:5
   |
67 |     create_effect(move |_| {
   |     ^^^^^^^^^^^^^

warning: use of deprecated function `leptos::prelude::create_effect`: This function is being removed to conform to Rust idioms. Please use `Effect::new()` instead.
   --> src/components/spectrogram_webgl.rs:267:5
    |
267 |     create_effect(move |_| {
    |     ^^^^^^^^^^^^^

warning: `batchi` (lib) generated 10 warnings (run `cargo fix --lib -p batchi` to apply 1 suggestion)
    Finished `dev` profile [unoptimized + debuginfo] target(s) in 0.17s
2026-02-19T23:36:47.369499Z  INFO fetching cargo artifacts
2026-02-19T23:36:48.030503Z  INFO calling wasm-bindgen for batchi
2026-02-19T23:36:52.264462Z  INFO rust build complete
2026-02-19T23:36:52.267163Z  INFO applying new distribution
2026-02-19T23:36:52.271404Z  INFO ✅ success
2026-02-19T23:36:52.271437Z  INFO 📦 starting build
2026-02-19T23:36:52.272274Z  INFO spawning asset pipelines
2026-02-19T23:36:52.530958Z  INFO copying & hashing css path="style.css"
2026-02-19T23:36:52.531056Z  INFO building batchi
2026-02-19T23:36:52.531363Z  INFO finished copying & hashing css path="style.css"
warning: unused import: `HtmlCanvasElement`
 --> src/components/spectrogram_webgl.rs:6:15
  |
6 | use web_sys::{HtmlCanvasElement, WebGl2RenderingContext};
  |               ^^^^^^^^^^^^^^^^^
  |
  = note: `#[warn(unused_imports)]` (part of `#[warn(unused)]`) on by default

warning: use of deprecated function `leptos::prelude::store_value`: This function is being removed to conform to Rust idioms. Please use `StoredValue::new()` or `StoredValue::new_local()` instead.
  --> src/components/spectrogram_webgl.rs:33:20
   |
33 |     let renderer = store_value(None::<SendWrapper<Waterfall3D>>);
   |                    ^^^^^^^^^^^
   |
   = note: `#[warn(deprecated)]` on by default

warning: use of deprecated function `leptos::prelude::create_rw_signal`: This function is being removed to conform to Rust idioms. Please use `RwSignal::new()` instead.
  --> src/components/spectrogram_webgl.rs:34:26
   |
34 |     let renderer_ready = create_rw_signal(false);
   |                          ^^^^^^^^^^^^^^^^

warning: use of deprecated function `leptos::prelude::create_rw_signal`: This function is being removed to conform to Rust idioms. Please use `RwSignal::new()` instead.
  --> src/components/spectrogram_webgl.rs:35:21
   |
35 |     let last_dims = create_rw_signal::<(i32,i32)>( (0,0) );
   |                     ^^^^^^^^^^^^^^^^

warning: use of deprecated function `leptos::prelude::create_rw_signal`: This function is being removed to conform to Rust idioms. Please use `RwSignal::new()` instead.
  --> src/components/spectrogram_webgl.rs:38:23
   |
38 |     let is_dragging = create_rw_signal(false);
   |                       ^^^^^^^^^^^^^^^^

warning: use of deprecated function `leptos::prelude::create_rw_signal`: This function is being removed to conform to Rust idioms. Please use `RwSignal::new()` instead.
  --> src/components/spectrogram_webgl.rs:39:26
   |
39 |     let last_mouse_pos = create_rw_signal::<(i32,i32)>( (0,0) );
   |                          ^^^^^^^^^^^^^^^^

warning: use of deprecated function `leptos::prelude::create_rw_signal`: This function is being removed to conform to Rust idioms. Please use `RwSignal::new()` instead.
  --> src/components/spectrogram_webgl.rs:40:21
   |
40 |     let drag_mode = create_rw_signal(0); // 0=rotate, 1=pan
   |                     ^^^^^^^^^^^^^^^^

warning: use of deprecated function `leptos::prelude::create_effect`: This function is being removed to conform to Rust idioms. Please use `Effect::new()` instead.
  --> src/components/spectrogram_webgl.rs:43:5
   |
43 |     create_effect(move |_| {
   |     ^^^^^^^^^^^^^

warning: use of deprecated function `leptos::prelude::create_effect`: This function is being removed to conform to Rust idioms. Please use `Effect::new()` instead.
  --> src/components/spectrogram_webgl.rs:67:5
   |
67 |     create_effect(move |_| {
   |     ^^^^^^^^^^^^^

warning: use of deprecated function `leptos::prelude::create_effect`: This function is being removed to conform to Rust idioms. Please use `Effect::new()` instead.
   --> src/components/spectrogram_webgl.rs:267:5
    |
267 |     create_effect(move |_| {
    |     ^^^^^^^^^^^^^

warning: `batchi` (lib) generated 10 warnings (run `cargo fix --lib -p batchi` to apply 1 suggestion)
    Finished `dev` profile [unoptimized + debuginfo] target(s) in 0.18s
2026-02-19T23:36:52.810176Z  INFO fetching cargo artifacts
2026-02-19T23:36:53.438741Z  INFO calling wasm-bindgen for batchi
2026-02-19T23:36:56.657632Z  INFO rust build complete
2026-02-19T23:36:56.660176Z  INFO applying new distribution
2026-02-19T23:36:56.667473Z  INFO ✅ success
2026-02-19T23:36:56.667505Z  INFO 📦 starting build
2026-02-19T23:36:56.667848Z  INFO spawning asset pipelines
2026-02-19T23:36:56.910965Z  INFO copying & hashing css path="style.css"
2026-02-19T23:36:56.911013Z  INFO building batchi
2026-02-19T23:36:56.911496Z  INFO finished copying & hashing css path="style.css"
warning: unused import: `HtmlCanvasElement`
 --> src/components/spectrogram_webgl.rs:6:15
  |
6 | use web_sys::{HtmlCanvasElement, WebGl2RenderingContext};
  |               ^^^^^^^^^^^^^^^^^
  |
  = note: `#[warn(unused_imports)]` (part of `#[warn(unused)]`) on by default

warning: use of deprecated function `leptos::prelude::store_value`: This function is being removed to conform to Rust idioms. Please use `StoredValue::new()` or `StoredValue::new_local()` instead.
  --> src/components/spectrogram_webgl.rs:33:20
   |
33 |     let renderer = store_value(None::<SendWrapper<Waterfall3D>>);
   |                    ^^^^^^^^^^^
   |
   = note: `#[warn(deprecated)]` on by default

warning: use of deprecated function `leptos::prelude::create_rw_signal`: This function is being removed to conform to Rust idioms. Please use `RwSignal::new()` instead.
  --> src/components/spectrogram_webgl.rs:34:26
   |
34 |     let renderer_ready = create_rw_signal(false);
   |                          ^^^^^^^^^^^^^^^^

warning: use of deprecated function `leptos::prelude::create_rw_signal`: This function is being removed to conform to Rust idioms. Please use `RwSignal::new()` instead.
  --> src/components/spectrogram_webgl.rs:35:21
   |
35 |     let last_dims = create_rw_signal::<(i32,i32)>( (0,0) );
   |                     ^^^^^^^^^^^^^^^^

warning: use of deprecated function `leptos::prelude::create_rw_signal`: This function is being removed to conform to Rust idioms. Please use `RwSignal::new()` instead.
  --> src/components/spectrogram_webgl.rs:38:23
   |
38 |     let is_dragging = create_rw_signal(false);
   |                       ^^^^^^^^^^^^^^^^

warning: use of deprecated function `leptos::prelude::create_rw_signal`: This function is being removed to conform to Rust idioms. Please use `RwSignal::new()` instead.
  --> src/components/spectrogram_webgl.rs:39:26
   |
39 |     let last_mouse_pos = create_rw_signal::<(i32,i32)>( (0,0) );
   |                          ^^^^^^^^^^^^^^^^

warning: use of deprecated function `leptos::prelude::create_rw_signal`: This function is being removed to conform to Rust idioms. Please use `RwSignal::new()` instead.
  --> src/components/spectrogram_webgl.rs:40:21
   |
40 |     let drag_mode = create_rw_signal(0); // 0=rotate, 1=pan
   |                     ^^^^^^^^^^^^^^^^

warning: use of deprecated function `leptos::prelude::create_effect`: This function is being removed to conform to Rust idioms. Please use `Effect::new()` instead.
  --> src/components/spectrogram_webgl.rs:43:5
   |
43 |     create_effect(move |_| {
   |     ^^^^^^^^^^^^^

warning: use of deprecated function `leptos::prelude::create_effect`: This function is being removed to conform to Rust idioms. Please use `Effect::new()` instead.
  --> src/components/spectrogram_webgl.rs:67:5
   |
67 |     create_effect(move |_| {
   |     ^^^^^^^^^^^^^

warning: use of deprecated function `leptos::prelude::create_effect`: This function is being removed to conform to Rust idioms. Please use `Effect::new()` instead.
   --> src/components/spectrogram_webgl.rs:267:5
    |
267 |     create_effect(move |_| {
    |     ^^^^^^^^^^^^^

warning: `batchi` (lib) generated 10 warnings (run `cargo fix --lib -p batchi` to apply 1 suggestion)
    Finished `dev` profile [unoptimized + debuginfo] target(s) in 0.16s
2026-02-19T23:36:57.164100Z  INFO fetching cargo artifacts
2026-02-19T23:36:57.774603Z  INFO calling wasm-bindgen for batchi
2026-02-19T23:37:00.924058Z  INFO rust build complete
2026-02-19T23:37:00.927288Z  INFO applying new distribution
2026-02-19T23:37:00.937727Z  INFO ✅ success
2026-02-19T23:37:00.937780Z  INFO 📦 starting build
2026-02-19T23:37:00.938528Z  INFO spawning asset pipelines
2026-02-19T23:37:01.183771Z  INFO copying & hashing css path="style.css"
2026-02-19T23:37:01.183803Z  INFO building batchi
2026-02-19T23:37:01.188523Z  INFO finished copying & hashing css path="style.css"
warning: unused import: `HtmlCanvasElement`
 --> src/components/spectrogram_webgl.rs:6:15
  |
6 | use web_sys::{HtmlCanvasElement, WebGl2RenderingContext};
  |               ^^^^^^^^^^^^^^^^^
  |
  = note: `#[warn(unused_imports)]` (part of `#[warn(unused)]`) on by default

warning: use of deprecated function `leptos::prelude::store_value`: This function is being removed to conform to Rust idioms. Please use `StoredValue::new()` or `StoredValue::new_local()` instead.
  --> src/components/spectrogram_webgl.rs:33:20
   |
33 |     let renderer = store_value(None::<SendWrapper<Waterfall3D>>);
   |                    ^^^^^^^^^^^
   |
   = note: `#[warn(deprecated)]` on by default

warning: use of deprecated function `leptos::prelude::create_rw_signal`: This function is being removed to conform to Rust idioms. Please use `RwSignal::new()` instead.
  --> src/components/spectrogram_webgl.rs:34:26
   |
34 |     let renderer_ready = create_rw_signal(false);
   |                          ^^^^^^^^^^^^^^^^

warning: use of deprecated function `leptos::prelude::create_rw_signal`: This function is being removed to conform to Rust idioms. Please use `RwSignal::new()` instead.
  --> src/components/spectrogram_webgl.rs:35:21
   |
35 |     let last_dims = create_rw_signal::<(i32,i32)>( (0,0) );
   |                     ^^^^^^^^^^^^^^^^

warning: use of deprecated function `leptos::prelude::create_rw_signal`: This function is being removed to conform to Rust idioms. Please use `RwSignal::new()` instead.
  --> src/components/spectrogram_webgl.rs:38:23
   |
38 |     let is_dragging = create_rw_signal(false);
   |                       ^^^^^^^^^^^^^^^^

warning: use of deprecated function `leptos::prelude::create_rw_signal`: This function is being removed to conform to Rust idioms. Please use `RwSignal::new()` instead.
  --> src/components/spectrogram_webgl.rs:39:26
   |
39 |     let last_mouse_pos = create_rw_signal::<(i32,i32)>( (0,0) );
   |                          ^^^^^^^^^^^^^^^^

warning: use of deprecated function `leptos::prelude::create_rw_signal`: This function is being removed to conform to Rust idioms. Please use `RwSignal::new()` instead.
  --> src/components/spectrogram_webgl.rs:40:21
   |
40 |     let drag_mode = create_rw_signal(0); // 0=rotate, 1=pan
   |                     ^^^^^^^^^^^^^^^^

warning: use of deprecated function `leptos::prelude::create_effect`: This function is being removed to conform to Rust idioms. Please use `Effect::new()` instead.
  --> src/components/spectrogram_webgl.rs:43:5
   |
43 |     create_effect(move |_| {
   |     ^^^^^^^^^^^^^

warning: use of deprecated function `leptos::prelude::create_effect`: This function is being removed to conform to Rust idioms. Please use `Effect::new()` instead.
  --> src/components/spectrogram_webgl.rs:67:5
   |
67 |     create_effect(move |_| {
   |     ^^^^^^^^^^^^^

warning: use of deprecated function `leptos::prelude::create_effect`: This function is being removed to conform to Rust idioms. Please use `Effect::new()` instead.
   --> src/components/spectrogram_webgl.rs:267:5
    |
267 |     create_effect(move |_| {
    |     ^^^^^^^^^^^^^

warning: `batchi` (lib) generated 10 warnings (run `cargo fix --lib -p batchi` to apply 1 suggestion)
    Finished `dev` profile [unoptimized + debuginfo] target(s) in 0.17s
2026-02-19T23:37:01.451606Z  INFO fetching cargo artifacts
2026-02-19T23:37:02.136824Z  INFO calling wasm-bindgen for batchi
2026-02-19T23:37:05.561191Z  INFO rust build complete
2026-02-19T23:37:05.563705Z  INFO applying new distribution
2026-02-19T23:37:05.566416Z  INFO ✅ success
2026-02-19T23:37:05.566465Z  INFO 📦 starting build
2026-02-19T23:37:05.566682Z  INFO spawning asset pipelines
2026-02-19T23:37:05.810195Z  INFO copying & hashing css path="style.css"
2026-02-19T23:37:05.810245Z  INFO building batchi
2026-02-19T23:37:05.810655Z  INFO finished copying & hashing css path="style.css"
warning: unused import: `HtmlCanvasElement`
 --> src/components/spectrogram_webgl.rs:6:15
  |
6 | use web_sys::{HtmlCanvasElement, WebGl2RenderingContext};
  |               ^^^^^^^^^^^^^^^^^
  |
  = note: `#[warn(unused_imports)]` (part of `#[warn(unused)]`) on by default

warning: use of deprecated function `leptos::prelude::store_value`: This function is being removed to conform to Rust idioms. Please use `StoredValue::new()` or `StoredValue::new_local()` instead.
  --> src/components/spectrogram_webgl.rs:33:20
   |
33 |     let renderer = store_value(None::<SendWrapper<Waterfall3D>>);
   |                    ^^^^^^^^^^^
   |
   = note: `#[warn(deprecated)]` on by default

warning: use of deprecated function `leptos::prelude::create_rw_signal`: This function is being removed to conform to Rust idioms. Please use `RwSignal::new()` instead.
  --> src/components/spectrogram_webgl.rs:34:26
   |
34 |     let renderer_ready = create_rw_signal(false);
   |                          ^^^^^^^^^^^^^^^^

warning: use of deprecated function `leptos::prelude::create_rw_signal`: This function is being removed to conform to Rust idioms. Please use `RwSignal::new()` instead.
  --> src/components/spectrogram_webgl.rs:35:21
   |
35 |     let last_dims = create_rw_signal::<(i32,i32)>( (0,0) );
   |                     ^^^^^^^^^^^^^^^^

warning: use of deprecated function `leptos::prelude::create_rw_signal`: This function is being removed to conform to Rust idioms. Please use `RwSignal::new()` instead.
  --> src/components/spectrogram_webgl.rs:38:23
   |
38 |     let is_dragging = create_rw_signal(false);
   |                       ^^^^^^^^^^^^^^^^

warning: use of deprecated function `leptos::prelude::create_rw_signal`: This function is being removed to conform to Rust idioms. Please use `RwSignal::new()` instead.
  --> src/components/spectrogram_webgl.rs:39:26
   |
39 |     let last_mouse_pos = create_rw_signal::<(i32,i32)>( (0,0) );
   |                          ^^^^^^^^^^^^^^^^

warning: use of deprecated function `leptos::prelude::create_rw_signal`: This function is being removed to conform to Rust idioms. Please use `RwSignal::new()` instead.
  --> src/components/spectrogram_webgl.rs:40:21
   |
40 |     let drag_mode = create_rw_signal(0); // 0=rotate, 1=pan
   |                     ^^^^^^^^^^^^^^^^

warning: use of deprecated function `leptos::prelude::create_effect`: This function is being removed to conform to Rust idioms. Please use `Effect::new()` instead.
  --> src/components/spectrogram_webgl.rs:43:5
   |
43 |     create_effect(move |_| {
   |     ^^^^^^^^^^^^^

warning: use of deprecated function `leptos::prelude::create_effect`: This function is being removed to conform to Rust idioms. Please use `Effect::new()` instead.
  --> src/components/spectrogram_webgl.rs:67:5
   |
67 |     create_effect(move |_| {
   |     ^^^^^^^^^^^^^

warning: use of deprecated function `leptos::prelude::create_effect`: This function is being removed to conform to Rust idioms. Please use `Effect::new()` instead.
   --> src/components/spectrogram_webgl.rs:267:5
    |
267 |     create_effect(move |_| {
    |     ^^^^^^^^^^^^^

warning: `batchi` (lib) generated 10 warnings (run `cargo fix --lib -p batchi` to apply 1 suggestion)
    Finished `dev` profile [unoptimized + debuginfo] target(s) in 0.18s
2026-02-19T23:37:06.086857Z  INFO fetching cargo artifacts
2026-02-19T23:37:06.716765Z  INFO calling wasm-bindgen for batchi
2026-02-19T23:37:09.335081Z  INFO rust build complete
2026-02-19T23:37:09.337462Z  INFO applying new distribution
2026-02-19T23:37:09.339612Z  INFO ✅ success
2026-02-19T23:37:09.339654Z  INFO 📦 starting build
2026-02-19T23:37:09.340454Z  INFO spawning asset pipelines
2026-02-19T23:37:09.578722Z  INFO copying & hashing css path="style.css"
2026-02-19T23:37:09.578784Z  INFO building batchi
2026-02-19T23:37:09.579427Z  INFO finished copying & hashing css path="style.css"
warning: unused import: `HtmlCanvasElement`
 --> src/components/spectrogram_webgl.rs:6:15
  |
6 | use web_sys::{HtmlCanvasElement, WebGl2RenderingContext};
  |               ^^^^^^^^^^^^^^^^^
  |
  = note: `#[warn(unused_imports)]` (part of `#[warn(unused)]`) on by default

warning: use of deprecated function `leptos::prelude::store_value`: This function is being removed to conform to Rust idioms. Please use `StoredValue::new()` or `StoredValue::new_local()` instead.
  --> src/components/spectrogram_webgl.rs:33:20
   |
33 |     let renderer = store_value(None::<SendWrapper<Waterfall3D>>);
   |                    ^^^^^^^^^^^
   |
   = note: `#[warn(deprecated)]` on by default

warning: use of deprecated function `leptos::prelude::create_rw_signal`: This function is being removed to conform to Rust idioms. Please use `RwSignal::new()` instead.
  --> src/components/spectrogram_webgl.rs:34:26
   |
34 |     let renderer_ready = create_rw_signal(false);
   |                          ^^^^^^^^^^^^^^^^

warning: use of deprecated function `leptos::prelude::create_rw_signal`: This function is being removed to conform to Rust idioms. Please use `RwSignal::new()` instead.
  --> src/components/spectrogram_webgl.rs:35:21
   |
35 |     let last_dims = create_rw_signal::<(i32,i32)>( (0,0) );
   |                     ^^^^^^^^^^^^^^^^

warning: use of deprecated function `leptos::prelude::create_rw_signal`: This function is being removed to conform to Rust idioms. Please use `RwSignal::new()` instead.
  --> src/components/spectrogram_webgl.rs:38:23
   |
38 |     let is_dragging = create_rw_signal(false);
   |                       ^^^^^^^^^^^^^^^^

warning: use of deprecated function `leptos::prelude::create_rw_signal`: This function is being removed to conform to Rust idioms. Please use `RwSignal::new()` instead.
  --> src/components/spectrogram_webgl.rs:39:26
   |
39 |     let last_mouse_pos = create_rw_signal::<(i32,i32)>( (0,0) );
   |                          ^^^^^^^^^^^^^^^^

warning: use of deprecated function `leptos::prelude::create_rw_signal`: This function is being removed to conform to Rust idioms. Please use `RwSignal::new()` instead.
  --> src/components/spectrogram_webgl.rs:40:21
   |
40 |     let drag_mode = create_rw_signal(0); // 0=rotate, 1=pan
   |                     ^^^^^^^^^^^^^^^^

warning: use of deprecated function `leptos::prelude::create_effect`: This function is being removed to conform to Rust idioms. Please use `Effect::new()` instead.
  --> src/components/spectrogram_webgl.rs:43:5
   |
43 |     create_effect(move |_| {
   |     ^^^^^^^^^^^^^

warning: use of deprecated function `leptos::prelude::create_effect`: This function is being removed to conform to Rust idioms. Please use `Effect::new()` instead.
  --> src/components/spectrogram_webgl.rs:67:5
   |
67 |     create_effect(move |_| {
   |     ^^^^^^^^^^^^^

warning: use of deprecated function `leptos::prelude::create_effect`: This function is being removed to conform to Rust idioms. Please use `Effect::new()` instead.
   --> src/components/spectrogram_webgl.rs:267:5
    |
267 |     create_effect(move |_| {
    |     ^^^^^^^^^^^^^

warning: `batchi` (lib) generated 10 warnings (run `cargo fix --lib -p batchi` to apply 1 suggestion)
    Finished `dev` profile [unoptimized + debuginfo] target(s) in 0.16s
2026-02-19T23:37:09.832694Z  INFO fetching cargo artifacts
2026-02-19T23:37:10.451952Z  INFO calling wasm-bindgen for batchi
2026-02-19T23:37:13.105210Z  INFO rust build complete
2026-02-19T23:37:13.107940Z  INFO applying new distribution
2026-02-19T23:37:13.119278Z  INFO ✅ success
2026-02-19T23:37:13.119312Z  INFO 📦 starting build
2026-02-19T23:37:13.119543Z  INFO spawning asset pipelines
2026-02-19T23:37:13.370645Z  INFO copying & hashing css path="style.css"
2026-02-19T23:37:13.370693Z  INFO building batchi
2026-02-19T23:37:13.371143Z  INFO finished copying & hashing css path="style.css"
warning: unused import: `HtmlCanvasElement`
 --> src/components/spectrogram_webgl.rs:6:15
  |
6 | use web_sys::{HtmlCanvasElement, WebGl2RenderingContext};
  |               ^^^^^^^^^^^^^^^^^
  |
  = note: `#[warn(unused_imports)]` (part of `#[warn(unused)]`) on by default

warning: use of deprecated function `leptos::prelude::store_value`: This function is being removed to conform to Rust idioms. Please use `StoredValue::new()` or `StoredValue::new_local()` instead.
  --> src/components/spectrogram_webgl.rs:33:20
   |
33 |     let renderer = store_value(None::<SendWrapper<Waterfall3D>>);
   |                    ^^^^^^^^^^^
   |
   = note: `#[warn(deprecated)]` on by default

warning: use of deprecated function `leptos::prelude::create_rw_signal`: This function is being removed to conform to Rust idioms. Please use `RwSignal::new()` instead.
  --> src/components/spectrogram_webgl.rs:34:26
   |
34 |     let renderer_ready = create_rw_signal(false);
   |                          ^^^^^^^^^^^^^^^^

warning: use of deprecated function `leptos::prelude::create_rw_signal`: This function is being removed to conform to Rust idioms. Please use `RwSignal::new()` instead.
  --> src/components/spectrogram_webgl.rs:35:21
   |
35 |     let last_dims = create_rw_signal::<(i32,i32)>( (0,0) );
   |                     ^^^^^^^^^^^^^^^^

warning: use of deprecated function `leptos::prelude::create_rw_signal`: This function is being removed to conform to Rust idioms. Please use `RwSignal::new()` instead.
  --> src/components/spectrogram_webgl.rs:38:23
   |
38 |     let is_dragging = create_rw_signal(false);
   |                       ^^^^^^^^^^^^^^^^

warning: use of deprecated function `leptos::prelude::create_rw_signal`: This function is being removed to conform to Rust idioms. Please use `RwSignal::new()` instead.
  --> src/components/spectrogram_webgl.rs:39:26
   |
39 |     let last_mouse_pos = create_rw_signal::<(i32,i32)>( (0,0) );
   |                          ^^^^^^^^^^^^^^^^

warning: use of deprecated function `leptos::prelude::create_rw_signal`: This function is being removed to conform to Rust idioms. Please use `RwSignal::new()` instead.
  --> src/components/spectrogram_webgl.rs:40:21
   |
40 |     let drag_mode = create_rw_signal(0); // 0=rotate, 1=pan
   |                     ^^^^^^^^^^^^^^^^

warning: use of deprecated function `leptos::prelude::create_effect`: This function is being removed to conform to Rust idioms. Please use `Effect::new()` instead.
  --> src/components/spectrogram_webgl.rs:43:5
   |
43 |     create_effect(move |_| {
   |     ^^^^^^^^^^^^^

warning: use of deprecated function `leptos::prelude::create_effect`: This function is being removed to conform to Rust idioms. Please use `Effect::new()` instead.
  --> src/components/spectrogram_webgl.rs:67:5
   |
67 |     create_effect(move |_| {
   |     ^^^^^^^^^^^^^

warning: use of deprecated function `leptos::prelude::create_effect`: This function is being removed to conform to Rust idioms. Please use `Effect::new()` instead.
   --> src/components/spectrogram_webgl.rs:267:5
    |
267 |     create_effect(move |_| {
    |     ^^^^^^^^^^^^^

warning: `batchi` (lib) generated 10 warnings (run `cargo fix --lib -p batchi` to apply 1 suggestion)
    Finished `dev` profile [unoptimized + debuginfo] target(s) in 0.17s
2026-02-19T23:37:13.632979Z  INFO fetching cargo artifacts
2026-02-19T23:37:14.261791Z  INFO calling wasm-bindgen for batchi
2026-02-19T23:37:16.737345Z  INFO rust build complete
2026-02-19T23:37:16.739803Z  INFO applying new distribution
2026-02-19T23:37:16.742505Z  INFO ✅ success
2026-02-19T23:37:16.742540Z  INFO 📦 starting build
2026-02-19T23:37:16.742865Z  INFO spawning asset pipelines
2026-02-19T23:37:16.984834Z  INFO copying & hashing css path="style.css"
2026-02-19T23:37:16.984890Z  INFO building batchi
2026-02-19T23:37:16.985192Z  INFO finished copying & hashing css path="style.css"
warning: unused import: `HtmlCanvasElement`
 --> src/components/spectrogram_webgl.rs:6:15
  |
6 | use web_sys::{HtmlCanvasElement, WebGl2RenderingContext};
  |               ^^^^^^^^^^^^^^^^^
  |
  = note: `#[warn(unused_imports)]` (part of `#[warn(unused)]`) on by default

warning: use of deprecated function `leptos::prelude::store_value`: This function is being removed to conform to Rust idioms. Please use `StoredValue::new()` or `StoredValue::new_local()` instead.
  --> src/components/spectrogram_webgl.rs:33:20
   |
33 |     let renderer = store_value(None::<SendWrapper<Waterfall3D>>);
   |                    ^^^^^^^^^^^
   |
   = note: `#[warn(deprecated)]` on by default

warning: use of deprecated function `leptos::prelude::create_rw_signal`: This function is being removed to conform to Rust idioms. Please use `RwSignal::new()` instead.
  --> src/components/spectrogram_webgl.rs:34:26
   |
34 |     let renderer_ready = create_rw_signal(false);
   |                          ^^^^^^^^^^^^^^^^

warning: use of deprecated function `leptos::prelude::create_rw_signal`: This function is being removed to conform to Rust idioms. Please use `RwSignal::new()` instead.
  --> src/components/spectrogram_webgl.rs:35:21
   |
35 |     let last_dims = create_rw_signal::<(i32,i32)>( (0,0) );
   |                     ^^^^^^^^^^^^^^^^

warning: use of deprecated function `leptos::prelude::create_rw_signal`: This function is being removed to conform to Rust idioms. Please use `RwSignal::new()` instead.
  --> src/components/spectrogram_webgl.rs:38:23
   |
38 |     let is_dragging = create_rw_signal(false);
   |                       ^^^^^^^^^^^^^^^^

warning: use of deprecated function `leptos::prelude::create_rw_signal`: This function is being removed to conform to Rust idioms. Please use `RwSignal::new()` instead.
  --> src/components/spectrogram_webgl.rs:39:26
   |
39 |     let last_mouse_pos = create_rw_signal::<(i32,i32)>( (0,0) );
   |                          ^^^^^^^^^^^^^^^^

warning: use of deprecated function `leptos::prelude::create_rw_signal`: This function is being removed to conform to Rust idioms. Please use `RwSignal::new()` instead.
  --> src/components/spectrogram_webgl.rs:40:21
   |
40 |     let drag_mode = create_rw_signal(0); // 0=rotate, 1=pan
   |                     ^^^^^^^^^^^^^^^^

warning: use of deprecated function `leptos::prelude::create_effect`: This function is being removed to conform to Rust idioms. Please use `Effect::new()` instead.
  --> src/components/spectrogram_webgl.rs:43:5
   |
43 |     create_effect(move |_| {
   |     ^^^^^^^^^^^^^

warning: use of deprecated function `leptos::prelude::create_effect`: This function is being removed to conform to Rust idioms. Please use `Effect::new()` instead.
  --> src/components/spectrogram_webgl.rs:67:5
   |
67 |     create_effect(move |_| {
   |     ^^^^^^^^^^^^^

warning: use of deprecated function `leptos::prelude::create_effect`: This function is being removed to conform to Rust idioms. Please use `Effect::new()` instead.
   --> src/components/spectrogram_webgl.rs:267:5
    |
267 |     create_effect(move |_| {
    |     ^^^^^^^^^^^^^

warning: `batchi` (lib) generated 10 warnings (run `cargo fix --lib -p batchi` to apply 1 suggestion)
    Finished `dev` profile [unoptimized + debuginfo] target(s) in 0.17s
2026-02-19T23:37:17.243094Z  INFO fetching cargo artifacts
2026-02-19T23:37:17.861982Z  INFO calling wasm-bindgen for batchi
2026-02-19T23:37:20.301550Z  INFO rust build complete
2026-02-19T23:37:20.304185Z  INFO applying new distribution
2026-02-19T23:37:20.306981Z  INFO ✅ success
2026-02-19T23:37:20.307019Z  INFO 📦 starting build
2026-02-19T23:37:20.307392Z  INFO spawning asset pipelines
2026-02-19T23:37:20.553418Z  INFO copying & hashing css path="style.css"
2026-02-19T23:37:20.553489Z  INFO building batchi
2026-02-19T23:37:20.553830Z  INFO finished copying & hashing css path="style.css"
warning: unused import: `HtmlCanvasElement`
 --> src/components/spectrogram_webgl.rs:6:15
  |
6 | use web_sys::{HtmlCanvasElement, WebGl2RenderingContext};
  |               ^^^^^^^^^^^^^^^^^
  |
  = note: `#[warn(unused_imports)]` (part of `#[warn(unused)]`) on by default

warning: use of deprecated function `leptos::prelude::store_value`: This function is being removed to conform to Rust idioms. Please use `StoredValue::new()` or `StoredValue::new_local()` instead.
  --> src/components/spectrogram_webgl.rs:33:20
   |
33 |     let renderer = store_value(None::<SendWrapper<Waterfall3D>>);
   |                    ^^^^^^^^^^^
   |
   = note: `#[warn(deprecated)]` on by default

warning: use of deprecated function `leptos::prelude::create_rw_signal`: This function is being removed to conform to Rust idioms. Please use `RwSignal::new()` instead.
  --> src/components/spectrogram_webgl.rs:34:26
   |
34 |     let renderer_ready = create_rw_signal(false);
   |                          ^^^^^^^^^^^^^^^^

warning: use of deprecated function `leptos::prelude::create_rw_signal`: This function is being removed to conform to Rust idioms. Please use `RwSignal::new()` instead.
  --> src/components/spectrogram_webgl.rs:35:21
   |
35 |     let last_dims = create_rw_signal::<(i32,i32)>( (0,0) );
   |                     ^^^^^^^^^^^^^^^^

warning: use of deprecated function `leptos::prelude::create_rw_signal`: This function is being removed to conform to Rust idioms. Please use `RwSignal::new()` instead.
  --> src/components/spectrogram_webgl.rs:38:23
   |
38 |     let is_dragging = create_rw_signal(false);
   |                       ^^^^^^^^^^^^^^^^

warning: use of deprecated function `leptos::prelude::create_rw_signal`: This function is being removed to conform to Rust idioms. Please use `RwSignal::new()` instead.
  --> src/components/spectrogram_webgl.rs:39:26
   |
39 |     let last_mouse_pos = create_rw_signal::<(i32,i32)>( (0,0) );
   |                          ^^^^^^^^^^^^^^^^

warning: use of deprecated function `leptos::prelude::create_rw_signal`: This function is being removed to conform to Rust idioms. Please use `RwSignal::new()` instead.
  --> src/components/spectrogram_webgl.rs:40:21
   |
40 |     let drag_mode = create_rw_signal(0); // 0=rotate, 1=pan
   |                     ^^^^^^^^^^^^^^^^

warning: use of deprecated function `leptos::prelude::create_effect`: This function is being removed to conform to Rust idioms. Please use `Effect::new()` instead.
  --> src/components/spectrogram_webgl.rs:43:5
   |
43 |     create_effect(move |_| {
   |     ^^^^^^^^^^^^^

warning: use of deprecated function `leptos::prelude::create_effect`: This function is being removed to conform to Rust idioms. Please use `Effect::new()` instead.
  --> src/components/spectrogram_webgl.rs:67:5
   |
67 |     create_effect(move |_| {
   |     ^^^^^^^^^^^^^

warning: use of deprecated function `leptos::prelude::create_effect`: This function is being removed to conform to Rust idioms. Please use `Effect::new()` instead.
   --> src/components/spectrogram_webgl.rs:267:5
    |
267 |     create_effect(move |_| {
    |     ^^^^^^^^^^^^^

warning: `batchi` (lib) generated 10 warnings (run `cargo fix --lib -p batchi` to apply 1 suggestion)
    Finished `dev` profile [unoptimized + debuginfo] target(s) in 0.17s
2026-02-19T23:37:20.817941Z  INFO fetching cargo artifacts
2026-02-19T23:37:21.468462Z  INFO calling wasm-bindgen for batchi
2026-02-19T23:37:23.895652Z  INFO rust build complete
2026-02-19T23:37:23.898577Z  INFO applying new distribution
2026-02-19T23:37:23.900954Z  INFO ✅ success
2026-02-19T23:37:23.900986Z  INFO 📦 starting build
2026-02-19T23:37:23.901476Z  INFO spawning asset pipelines
2026-02-19T23:37:24.145086Z  INFO copying & hashing css path="style.css"
2026-02-19T23:37:24.145143Z  INFO building batchi
2026-02-19T23:37:24.145608Z  INFO finished copying & hashing css path="style.css"
warning: unused import: `HtmlCanvasElement`
 --> src/components/spectrogram_webgl.rs:6:15
  |
6 | use web_sys::{HtmlCanvasElement, WebGl2RenderingContext};
  |               ^^^^^^^^^^^^^^^^^
  |
  = note: `#[warn(unused_imports)]` (part of `#[warn(unused)]`) on by default

warning: use of deprecated function `leptos::prelude::store_value`: This function is being removed to conform to Rust idioms. Please use `StoredValue::new()` or `StoredValue::new_local()` instead.
  --> src/components/spectrogram_webgl.rs:33:20
   |
33 |     let renderer = store_value(None::<SendWrapper<Waterfall3D>>);
   |                    ^^^^^^^^^^^
   |
   = note: `#[warn(deprecated)]` on by default

warning: use of deprecated function `leptos::prelude::create_rw_signal`: This function is being removed to conform to Rust idioms. Please use `RwSignal::new()` instead.
  --> src/components/spectrogram_webgl.rs:34:26
   |
34 |     let renderer_ready = create_rw_signal(false);
   |                          ^^^^^^^^^^^^^^^^

warning: use of deprecated function `leptos::prelude::create_rw_signal`: This function is being removed to conform to Rust idioms. Please use `RwSignal::new()` instead.
  --> src/components/spectrogram_webgl.rs:35:21
   |
35 |     let last_dims = create_rw_signal::<(i32,i32)>( (0,0) );
   |                     ^^^^^^^^^^^^^^^^

warning: use of deprecated function `leptos::prelude::create_rw_signal`: This function is being removed to conform to Rust idioms. Please use `RwSignal::new()` instead.
  --> src/components/spectrogram_webgl.rs:38:23
   |
38 |     let is_dragging = create_rw_signal(false);
   |                       ^^^^^^^^^^^^^^^^

warning: use of deprecated function `leptos::prelude::create_rw_signal`: This function is being removed to conform to Rust idioms. Please use `RwSignal::new()` instead.
  --> src/components/spectrogram_webgl.rs:39:26
   |
39 |     let last_mouse_pos = create_rw_signal::<(i32,i32)>( (0,0) );
   |                          ^^^^^^^^^^^^^^^^

warning: use of deprecated function `leptos::prelude::create_rw_signal`: This function is being removed to conform to Rust idioms. Please use `RwSignal::new()` instead.
  --> src/components/spectrogram_webgl.rs:40:21
   |
40 |     let drag_mode = create_rw_signal(0); // 0=rotate, 1=pan
   |                     ^^^^^^^^^^^^^^^^

warning: use of deprecated function `leptos::prelude::create_effect`: This function is being removed to conform to Rust idioms. Please use `Effect::new()` instead.
  --> src/components/spectrogram_webgl.rs:43:5
   |
43 |     create_effect(move |_| {
   |     ^^^^^^^^^^^^^

warning: use of deprecated function `leptos::prelude::create_effect`: This function is being removed to conform to Rust idioms. Please use `Effect::new()` instead.
  --> src/components/spectrogram_webgl.rs:67:5
   |
67 |     create_effect(move |_| {
   |     ^^^^^^^^^^^^^

warning: use of deprecated function `leptos::prelude::create_effect`: This function is being removed to conform to Rust idioms. Please use `Effect::new()` instead.
   --> src/components/spectrogram_webgl.rs:267:5
    |
267 |     create_effect(move |_| {
    |     ^^^^^^^^^^^^^

warning: `batchi` (lib) generated 10 warnings (run `cargo fix --lib -p batchi` to apply 1 suggestion)
    Finished `dev` profile [unoptimized + debuginfo] target(s) in 0.17s
2026-02-19T23:37:24.405333Z  INFO fetching cargo artifacts
2026-02-19T23:37:25.027838Z  INFO calling wasm-bindgen for batchi
2026-02-19T23:37:27.464734Z  INFO rust build complete
2026-02-19T23:37:27.467133Z  INFO applying new distribution
2026-02-19T23:37:27.469619Z  INFO ✅ success
2026-02-19T23:37:27.469652Z  INFO 📦 starting build
2026-02-19T23:37:27.469940Z  INFO spawning asset pipelines
2026-02-19T23:37:27.711462Z  INFO copying & hashing css path="style.css"
2026-02-19T23:37:27.711508Z  INFO building batchi
2026-02-19T23:37:27.712037Z  INFO finished copying & hashing css path="style.css"
warning: unused import: `HtmlCanvasElement`
 --> src/components/spectrogram_webgl.rs:6:15
  |
6 | use web_sys::{HtmlCanvasElement, WebGl2RenderingContext};
  |               ^^^^^^^^^^^^^^^^^
  |
  = note: `#[warn(unused_imports)]` (part of `#[warn(unused)]`) on by default

warning: use of deprecated function `leptos::prelude::store_value`: This function is being removed to conform to Rust idioms. Please use `StoredValue::new()` or `StoredValue::new_local()` instead.
  --> src/components/spectrogram_webgl.rs:33:20
   |
33 |     let renderer = store_value(None::<SendWrapper<Waterfall3D>>);
   |                    ^^^^^^^^^^^
   |
   = note: `#[warn(deprecated)]` on by default

warning: use of deprecated function `leptos::prelude::create_rw_signal`: This function is being removed to conform to Rust idioms. Please use `RwSignal::new()` instead.
  --> src/components/spectrogram_webgl.rs:34:26
   |
34 |     let renderer_ready = create_rw_signal(false);
   |                          ^^^^^^^^^^^^^^^^

warning: use of deprecated function `leptos::prelude::create_rw_signal`: This function is being removed to conform to Rust idioms. Please use `RwSignal::new()` instead.
  --> src/components/spectrogram_webgl.rs:35:21
   |
35 |     let last_dims = create_rw_signal::<(i32,i32)>( (0,0) );
   |                     ^^^^^^^^^^^^^^^^

warning: use of deprecated function `leptos::prelude::create_rw_signal`: This function is being removed to conform to Rust idioms. Please use `RwSignal::new()` instead.
  --> src/components/spectrogram_webgl.rs:38:23
   |
38 |     let is_dragging = create_rw_signal(false);
   |                       ^^^^^^^^^^^^^^^^

warning: use of deprecated function `leptos::prelude::create_rw_signal`: This function is being removed to conform to Rust idioms. Please use `RwSignal::new()` instead.
  --> src/components/spectrogram_webgl.rs:39:26
   |
39 |     let last_mouse_pos = create_rw_signal::<(i32,i32)>( (0,0) );
   |                          ^^^^^^^^^^^^^^^^

warning: use of deprecated function `leptos::prelude::create_rw_signal`: This function is being removed to conform to Rust idioms. Please use `RwSignal::new()` instead.
  --> src/components/spectrogram_webgl.rs:40:21
   |
40 |     let drag_mode = create_rw_signal(0); // 0=rotate, 1=pan
   |                     ^^^^^^^^^^^^^^^^

warning: use of deprecated function `leptos::prelude::create_effect`: This function is being removed to conform to Rust idioms. Please use `Effect::new()` instead.
  --> src/components/spectrogram_webgl.rs:43:5
   |
43 |     create_effect(move |_| {
   |     ^^^^^^^^^^^^^

warning: use of deprecated function `leptos::prelude::create_effect`: This function is being removed to conform to Rust idioms. Please use `Effect::new()` instead.
  --> src/components/spectrogram_webgl.rs:67:5
   |
67 |     create_effect(move |_| {
   |     ^^^^^^^^^^^^^

warning: use of deprecated function `leptos::prelude::create_effect`: This function is being removed to conform to Rust idioms. Please use `Effect::new()` instead.
   --> src/components/spectrogram_webgl.rs:267:5
    |
267 |     create_effect(move |_| {
    |     ^^^^^^^^^^^^^

warning: `batchi` (lib) generated 10 warnings (run `cargo fix --lib -p batchi` to apply 1 suggestion)
    Finished `dev` profile [unoptimized + debuginfo] target(s) in 0.17s
2026-02-19T23:37:27.970301Z  INFO fetching cargo artifacts
2026-02-19T23:37:28.585479Z  INFO calling wasm-bindgen for batchi
2026-02-19T23:37:31.147127Z  INFO rust build complete
2026-02-19T23:37:31.149554Z  INFO applying new distribution
2026-02-19T23:37:31.151826Z  INFO ✅ success
2026-02-19T23:37:31.151857Z  INFO 📦 starting build
2026-02-19T23:37:31.152782Z  INFO spawning asset pipelines
2026-02-19T23:37:31.402278Z  INFO copying & hashing css path="style.css"
2026-02-19T23:37:31.402335Z  INFO building batchi
2026-02-19T23:37:31.402733Z  INFO finished copying & hashing css path="style.css"
warning: unused import: `HtmlCanvasElement`
 --> src/components/spectrogram_webgl.rs:6:15
  |
6 | use web_sys::{HtmlCanvasElement, WebGl2RenderingContext};
  |               ^^^^^^^^^^^^^^^^^
  |
  = note: `#[warn(unused_imports)]` (part of `#[warn(unused)]`) on by default

warning: use of deprecated function `leptos::prelude::store_value`: This function is being removed to conform to Rust idioms. Please use `StoredValue::new()` or `StoredValue::new_local()` instead.
  --> src/components/spectrogram_webgl.rs:33:20
   |
33 |     let renderer = store_value(None::<SendWrapper<Waterfall3D>>);
   |                    ^^^^^^^^^^^
   |
   = note: `#[warn(deprecated)]` on by default

warning: use of deprecated function `leptos::prelude::create_rw_signal`: This function is being removed to conform to Rust idioms. Please use `RwSignal::new()` instead.
  --> src/components/spectrogram_webgl.rs:34:26
   |
34 |     let renderer_ready = create_rw_signal(false);
   |                          ^^^^^^^^^^^^^^^^

warning: use of deprecated function `leptos::prelude::create_rw_signal`: This function is being removed to conform to Rust idioms. Please use `RwSignal::new()` instead.
  --> src/components/spectrogram_webgl.rs:35:21
   |
35 |     let last_dims = create_rw_signal::<(i32,i32)>( (0,0) );
   |                     ^^^^^^^^^^^^^^^^

warning: use of deprecated function `leptos::prelude::create_rw_signal`: This function is being removed to conform to Rust idioms. Please use `RwSignal::new()` instead.
  --> src/components/spectrogram_webgl.rs:38:23
   |
38 |     let is_dragging = create_rw_signal(false);
   |                       ^^^^^^^^^^^^^^^^

warning: use of deprecated function `leptos::prelude::create_rw_signal`: This function is being removed to conform to Rust idioms. Please use `RwSignal::new()` instead.
  --> src/components/spectrogram_webgl.rs:39:26
   |
39 |     let last_mouse_pos = create_rw_signal::<(i32,i32)>( (0,0) );
   |                          ^^^^^^^^^^^^^^^^

warning: use of deprecated function `leptos::prelude::create_rw_signal`: This function is being removed to conform to Rust idioms. Please use `RwSignal::new()` instead.
  --> src/components/spectrogram_webgl.rs:40:21
   |
40 |     let drag_mode = create_rw_signal(0); // 0=rotate, 1=pan
   |                     ^^^^^^^^^^^^^^^^

warning: use of deprecated function `leptos::prelude::create_effect`: This function is being removed to conform to Rust idioms. Please use `Effect::new()` instead.
  --> src/components/spectrogram_webgl.rs:43:5
   |
43 |     create_effect(move |_| {
   |     ^^^^^^^^^^^^^

warning: use of deprecated function `leptos::prelude::create_effect`: This function is being removed to conform to Rust idioms. Please use `Effect::new()` instead.
  --> src/components/spectrogram_webgl.rs:67:5
   |
67 |     create_effect(move |_| {
   |     ^^^^^^^^^^^^^

warning: use of deprecated function `leptos::prelude::create_effect`: This function is being removed to conform to Rust idioms. Please use `Effect::new()` instead.
   --> src/components/spectrogram_webgl.rs:267:5
    |
267 |     create_effect(move |_| {
    |     ^^^^^^^^^^^^^

warning: `batchi` (lib) generated 10 warnings (run `cargo fix --lib -p batchi` to apply 1 suggestion)
    Finished `dev` profile [unoptimized + debuginfo] target(s) in 0.17s
2026-02-19T23:37:31.657794Z  INFO fetching cargo artifacts
2026-02-19T23:37:32.269606Z  INFO calling wasm-bindgen for batchi
2026-02-19T23:37:34.757692Z  INFO rust build complete
2026-02-19T23:37:34.760086Z  INFO applying new distribution
2026-02-19T23:37:34.762470Z  INFO ✅ success
2026-02-19T23:37:34.762503Z  INFO 📦 starting build
2026-02-19T23:37:34.762761Z  INFO spawning asset pipelines
2026-02-19T23:37:35.006934Z  INFO copying & hashing css path="style.css"
2026-02-19T23:37:35.006980Z  INFO building batchi
2026-02-19T23:37:35.007392Z  INFO finished copying & hashing css path="style.css"
warning: unused import: `HtmlCanvasElement`
 --> src/components/spectrogram_webgl.rs:6:15
  |
6 | use web_sys::{HtmlCanvasElement, WebGl2RenderingContext};
  |               ^^^^^^^^^^^^^^^^^
  |
  = note: `#[warn(unused_imports)]` (part of `#[warn(unused)]`) on by default

warning: use of deprecated function `leptos::prelude::store_value`: This function is being removed to conform to Rust idioms. Please use `StoredValue::new()` or `StoredValue::new_local()` instead.
  --> src/components/spectrogram_webgl.rs:33:20
   |
33 |     let renderer = store_value(None::<SendWrapper<Waterfall3D>>);
   |                    ^^^^^^^^^^^
   |
   = note: `#[warn(deprecated)]` on by default

warning: use of deprecated function `leptos::prelude::create_rw_signal`: This function is being removed to conform to Rust idioms. Please use `RwSignal::new()` instead.
  --> src/components/spectrogram_webgl.rs:34:26
   |
34 |     let renderer_ready = create_rw_signal(false);
   |                          ^^^^^^^^^^^^^^^^

warning: use of deprecated function `leptos::prelude::create_rw_signal`: This function is being removed to conform to Rust idioms. Please use `RwSignal::new()` instead.
  --> src/components/spectrogram_webgl.rs:35:21
   |
35 |     let last_dims = create_rw_signal::<(i32,i32)>( (0,0) );
   |                     ^^^^^^^^^^^^^^^^

warning: use of deprecated function `leptos::prelude::create_rw_signal`: This function is being removed to conform to Rust idioms. Please use `RwSignal::new()` instead.
  --> src/components/spectrogram_webgl.rs:38:23
   |
38 |     let is_dragging = create_rw_signal(false);
   |                       ^^^^^^^^^^^^^^^^

warning: use of deprecated function `leptos::prelude::create_rw_signal`: This function is being removed to conform to Rust idioms. Please use `RwSignal::new()` instead.
  --> src/components/spectrogram_webgl.rs:39:26
   |
39 |     let last_mouse_pos = create_rw_signal::<(i32,i32)>( (0,0) );
   |                          ^^^^^^^^^^^^^^^^

warning: use of deprecated function `leptos::prelude::create_rw_signal`: This function is being removed to conform to Rust idioms. Please use `RwSignal::new()` instead.
  --> src/components/spectrogram_webgl.rs:40:21
   |
40 |     let drag_mode = create_rw_signal(0); // 0=rotate, 1=pan
   |                     ^^^^^^^^^^^^^^^^

warning: use of deprecated function `leptos::prelude::create_effect`: This function is being removed to conform to Rust idioms. Please use `Effect::new()` instead.
  --> src/components/spectrogram_webgl.rs:43:5
   |
43 |     create_effect(move |_| {
   |     ^^^^^^^^^^^^^

warning: use of deprecated function `leptos::prelude::create_effect`: This function is being removed to conform to Rust idioms. Please use `Effect::new()` instead.
  --> src/components/spectrogram_webgl.rs:67:5
   |
67 |     create_effect(move |_| {
   |     ^^^^^^^^^^^^^

warning: use of deprecated function `leptos::prelude::create_effect`: This function is being removed to conform to Rust idioms. Please use `Effect::new()` instead.
   --> src/components/spectrogram_webgl.rs:267:5
    |
267 |     create_effect(move |_| {
    |     ^^^^^^^^^^^^^

warning: `batchi` (lib) generated 10 warnings (run `cargo fix --lib -p batchi` to apply 1 suggestion)
    Finished `dev` profile [unoptimized + debuginfo] target(s) in 0.17s
2026-02-19T23:37:35.265847Z  INFO fetching cargo artifacts
2026-02-19T23:37:35.881453Z  INFO calling wasm-bindgen for batchi
2026-02-19T23:37:38.254348Z  INFO rust build complete
2026-02-19T23:37:38.256775Z  INFO applying new distribution
2026-02-19T23:37:38.259560Z  INFO ✅ success
2026-02-19T23:37:38.259596Z  INFO 📦 starting build
2026-02-19T23:37:38.259843Z  INFO spawning asset pipelines
2026-02-19T23:37:38.500768Z  INFO copying & hashing css path="style.css"
2026-02-19T23:37:38.500848Z  INFO building batchi
2026-02-19T23:37:38.501251Z  INFO finished copying & hashing css path="style.css"
warning: unused import: `HtmlCanvasElement`
 --> src/components/spectrogram_webgl.rs:6:15
  |
6 | use web_sys::{HtmlCanvasElement, WebGl2RenderingContext};
  |               ^^^^^^^^^^^^^^^^^
  |
  = note: `#[warn(unused_imports)]` (part of `#[warn(unused)]`) on by default

warning: use of deprecated function `leptos::prelude::store_value`: This function is being removed to conform to Rust idioms. Please use `StoredValue::new()` or `StoredValue::new_local()` instead.
  --> src/components/spectrogram_webgl.rs:33:20
   |
33 |     let renderer = store_value(None::<SendWrapper<Waterfall3D>>);
   |                    ^^^^^^^^^^^
   |
   = note: `#[warn(deprecated)]` on by default

warning: use of deprecated function `leptos::prelude::create_rw_signal`: This function is being removed to conform to Rust idioms. Please use `RwSignal::new()` instead.
  --> src/components/spectrogram_webgl.rs:34:26
   |
34 |     let renderer_ready = create_rw_signal(false);
   |                          ^^^^^^^^^^^^^^^^

warning: use of deprecated function `leptos::prelude::create_rw_signal`: This function is being removed to conform to Rust idioms. Please use `RwSignal::new()` instead.
  --> src/components/spectrogram_webgl.rs:35:21
   |
35 |     let last_dims = create_rw_signal::<(i32,i32)>( (0,0) );
   |                     ^^^^^^^^^^^^^^^^

warning: use of deprecated function `leptos::prelude::create_rw_signal`: This function is being removed to conform to Rust idioms. Please use `RwSignal::new()` instead.
  --> src/components/spectrogram_webgl.rs:38:23
   |
38 |     let is_dragging = create_rw_signal(false);
   |                       ^^^^^^^^^^^^^^^^

warning: use of deprecated function `leptos::prelude::create_rw_signal`: This function is being removed to conform to Rust idioms. Please use `RwSignal::new()` instead.
  --> src/components/spectrogram_webgl.rs:39:26
   |
39 |     let last_mouse_pos = create_rw_signal::<(i32,i32)>( (0,0) );
   |                          ^^^^^^^^^^^^^^^^

warning: use of deprecated function `leptos::prelude::create_rw_signal`: This function is being removed to conform to Rust idioms. Please use `RwSignal::new()` instead.
  --> src/components/spectrogram_webgl.rs:40:21
   |
40 |     let drag_mode = create_rw_signal(0); // 0=rotate, 1=pan
   |                     ^^^^^^^^^^^^^^^^

warning: use of deprecated function `leptos::prelude::create_effect`: This function is being removed to conform to Rust idioms. Please use `Effect::new()` instead.
  --> src/components/spectrogram_webgl.rs:43:5
   |
43 |     create_effect(move |_| {
   |     ^^^^^^^^^^^^^

warning: use of deprecated function `leptos::prelude::create_effect`: This function is being removed to conform to Rust idioms. Please use `Effect::new()` instead.
  --> src/components/spectrogram_webgl.rs:67:5
   |
67 |     create_effect(move |_| {
   |     ^^^^^^^^^^^^^

warning: use of deprecated function `leptos::prelude::create_effect`: This function is being removed to conform to Rust idioms. Please use `Effect::new()` instead.
   --> src/components/spectrogram_webgl.rs:267:5
    |
267 |     create_effect(move |_| {
    |     ^^^^^^^^^^^^^

warning: `batchi` (lib) generated 10 warnings (run `cargo fix --lib -p batchi` to apply 1 suggestion)
    Finished `dev` profile [unoptimized + debuginfo] target(s) in 0.17s
2026-02-19T23:37:38.759354Z  INFO fetching cargo artifacts
2026-02-19T23:37:39.369654Z  INFO calling wasm-bindgen for batchi
2026-02-19T23:37:41.952523Z  INFO rust build complete
2026-02-19T23:37:41.955026Z  INFO applying new distribution
2026-02-19T23:37:41.957266Z  INFO ✅ success
2026-02-19T23:37:41.957296Z  INFO 📦 starting build
2026-02-19T23:37:41.957709Z  INFO spawning asset pipelines
2026-02-19T23:37:42.204754Z  INFO copying & hashing css path="style.css"
2026-02-19T23:37:42.204846Z  INFO building batchi
2026-02-19T23:37:42.205188Z  INFO finished copying & hashing css path="style.css"
warning: unused import: `HtmlCanvasElement`
 --> src/components/spectrogram_webgl.rs:6:15
  |
6 | use web_sys::{HtmlCanvasElement, WebGl2RenderingContext};
  |               ^^^^^^^^^^^^^^^^^
  |
  = note: `#[warn(unused_imports)]` (part of `#[warn(unused)]`) on by default

warning: use of deprecated function `leptos::prelude::store_value`: This function is being removed to conform to Rust idioms. Please use `StoredValue::new()` or `StoredValue::new_local()` instead.
  --> src/components/spectrogram_webgl.rs:33:20
   |
33 |     let renderer = store_value(None::<SendWrapper<Waterfall3D>>);
   |                    ^^^^^^^^^^^
   |
   = note: `#[warn(deprecated)]` on by default

warning: use of deprecated function `leptos::prelude::create_rw_signal`: This function is being removed to conform to Rust idioms. Please use `RwSignal::new()` instead.
  --> src/components/spectrogram_webgl.rs:34:26
   |
34 |     let renderer_ready = create_rw_signal(false);
   |                          ^^^^^^^^^^^^^^^^

warning: use of deprecated function `leptos::prelude::create_rw_signal`: This function is being removed to conform to Rust idioms. Please use `RwSignal::new()` instead.
  --> src/components/spectrogram_webgl.rs:35:21
   |
35 |     let last_dims = create_rw_signal::<(i32,i32)>( (0,0) );
   |                     ^^^^^^^^^^^^^^^^

warning: use of deprecated function `leptos::prelude::create_rw_signal`: This function is being removed to conform to Rust idioms. Please use `RwSignal::new()` instead.
  --> src/components/spectrogram_webgl.rs:38:23
   |
38 |     let is_dragging = create_rw_signal(false);
   |                       ^^^^^^^^^^^^^^^^

warning: use of deprecated function `leptos::prelude::create_rw_signal`: This function is being removed to conform to Rust idioms. Please use `RwSignal::new()` instead.
  --> src/components/spectrogram_webgl.rs:39:26
   |
39 |     let last_mouse_pos = create_rw_signal::<(i32,i32)>( (0,0) );
   |                          ^^^^^^^^^^^^^^^^

warning: use of deprecated function `leptos::prelude::create_rw_signal`: This function is being removed to conform to Rust idioms. Please use `RwSignal::new()` instead.
  --> src/components/spectrogram_webgl.rs:40:21
   |
40 |     let drag_mode = create_rw_signal(0); // 0=rotate, 1=pan
   |                     ^^^^^^^^^^^^^^^^

warning: use of deprecated function `leptos::prelude::create_effect`: This function is being removed to conform to Rust idioms. Please use `Effect::new()` instead.
  --> src/components/spectrogram_webgl.rs:43:5
   |
43 |     create_effect(move |_| {
   |     ^^^^^^^^^^^^^

warning: use of deprecated function `leptos::prelude::create_effect`: This function is being removed to conform to Rust idioms. Please use `Effect::new()` instead.
  --> src/components/spectrogram_webgl.rs:67:5
   |
67 |     create_effect(move |_| {
   |     ^^^^^^^^^^^^^

warning: use of deprecated function `leptos::prelude::create_effect`: This function is being removed to conform to Rust idioms. Please use `Effect::new()` instead.
   --> src/components/spectrogram_webgl.rs:267:5
    |
267 |     create_effect(move |_| {
    |     ^^^^^^^^^^^^^

warning: `batchi` (lib) generated 10 warnings (run `cargo fix --lib -p batchi` to apply 1 suggestion)
    Finished `dev` profile [unoptimized + debuginfo] target(s) in 0.16s
2026-02-19T23:37:42.457992Z  INFO fetching cargo artifacts
2026-02-19T23:37:43.154566Z  INFO calling wasm-bindgen for batchi
2026-02-19T23:37:45.641271Z  INFO rust build complete
2026-02-19T23:37:45.643781Z  INFO applying new distribution
2026-02-19T23:37:45.646561Z  INFO ✅ success
2026-02-19T23:37:45.646597Z  INFO 📦 starting build
2026-02-19T23:37:45.646877Z  INFO spawning asset pipelines
2026-02-19T23:37:45.886131Z  INFO copying & hashing css path="style.css"
2026-02-19T23:37:45.886178Z  INFO building batchi
2026-02-19T23:37:45.886504Z  INFO finished copying & hashing css path="style.css"
warning: unused import: `HtmlCanvasElement`
 --> src/components/spectrogram_webgl.rs:6:15
  |
6 | use web_sys::{HtmlCanvasElement, WebGl2RenderingContext};
  |               ^^^^^^^^^^^^^^^^^
  |
  = note: `#[warn(unused_imports)]` (part of `#[warn(unused)]`) on by default

warning: use of deprecated function `leptos::prelude::store_value`: This function is being removed to conform to Rust idioms. Please use `StoredValue::new()` or `StoredValue::new_local()` instead.
  --> src/components/spectrogram_webgl.rs:33:20
   |
33 |     let renderer = store_value(None::<SendWrapper<Waterfall3D>>);
   |                    ^^^^^^^^^^^
   |
   = note: `#[warn(deprecated)]` on by default

warning: use of deprecated function `leptos::prelude::create_rw_signal`: This function is being removed to conform to Rust idioms. Please use `RwSignal::new()` instead.
  --> src/components/spectrogram_webgl.rs:34:26
   |
34 |     let renderer_ready = create_rw_signal(false);
   |                          ^^^^^^^^^^^^^^^^

warning: use of deprecated function `leptos::prelude::create_rw_signal`: This function is being removed to conform to Rust idioms. Please use `RwSignal::new()` instead.
  --> src/components/spectrogram_webgl.rs:35:21
   |
35 |     let last_dims = create_rw_signal::<(i32,i32)>( (0,0) );
   |                     ^^^^^^^^^^^^^^^^

warning: use of deprecated function `leptos::prelude::create_rw_signal`: This function is being removed to conform to Rust idioms. Please use `RwSignal::new()` instead.
  --> src/components/spectrogram_webgl.rs:38:23
   |
38 |     let is_dragging = create_rw_signal(false);
   |                       ^^^^^^^^^^^^^^^^

warning: use of deprecated function `leptos::prelude::create_rw_signal`: This function is being removed to conform to Rust idioms. Please use `RwSignal::new()` instead.
  --> src/components/spectrogram_webgl.rs:39:26
   |
39 |     let last_mouse_pos = create_rw_signal::<(i32,i32)>( (0,0) );
   |                          ^^^^^^^^^^^^^^^^

warning: use of deprecated function `leptos::prelude::create_rw_signal`: This function is being removed to conform to Rust idioms. Please use `RwSignal::new()` instead.
  --> src/components/spectrogram_webgl.rs:40:21
   |
40 |     let drag_mode = create_rw_signal(0); // 0=rotate, 1=pan
   |                     ^^^^^^^^^^^^^^^^

warning: use of deprecated function `leptos::prelude::create_effect`: This function is being removed to conform to Rust idioms. Please use `Effect::new()` instead.
  --> src/components/spectrogram_webgl.rs:43:5
   |
43 |     create_effect(move |_| {
   |     ^^^^^^^^^^^^^

warning: use of deprecated function `leptos::prelude::create_effect`: This function is being removed to conform to Rust idioms. Please use `Effect::new()` instead.
  --> src/components/spectrogram_webgl.rs:67:5
   |
67 |     create_effect(move |_| {
   |     ^^^^^^^^^^^^^

warning: use of deprecated function `leptos::prelude::create_effect`: This function is being removed to conform to Rust idioms. Please use `Effect::new()` instead.
   --> src/components/spectrogram_webgl.rs:267:5
    |
267 |     create_effect(move |_| {
    |     ^^^^^^^^^^^^^

warning: `batchi` (lib) generated 10 warnings (run `cargo fix --lib -p batchi` to apply 1 suggestion)
    Finished `dev` profile [unoptimized + debuginfo] target(s) in 0.16s
2026-02-19T23:37:46.141115Z  INFO fetching cargo artifacts
2026-02-19T23:37:46.754077Z  INFO calling wasm-bindgen for batchi
2026-02-19T23:37:49.186438Z  INFO rust build complete
2026-02-19T23:37:49.188884Z  INFO applying new distribution
2026-02-19T23:37:49.191235Z  INFO ✅ success
2026-02-19T23:37:49.191272Z  INFO 📦 starting build
2026-02-19T23:37:49.191620Z  INFO spawning asset pipelines
2026-02-19T23:37:49.435557Z  INFO copying & hashing css path="style.css"
2026-02-19T23:37:49.435614Z  INFO building batchi
2026-02-19T23:37:49.435993Z  INFO finished copying & hashing css path="style.css"
warning: unused import: `HtmlCanvasElement`
 --> src/components/spectrogram_webgl.rs:6:15
  |
6 | use web_sys::{HtmlCanvasElement, WebGl2RenderingContext};
  |               ^^^^^^^^^^^^^^^^^
  |
  = note: `#[warn(unused_imports)]` (part of `#[warn(unused)]`) on by default

warning: use of deprecated function `leptos::prelude::store_value`: This function is being removed to conform to Rust idioms. Please use `StoredValue::new()` or `StoredValue::new_local()` instead.
  --> src/components/spectrogram_webgl.rs:33:20
   |
33 |     let renderer = store_value(None::<SendWrapper<Waterfall3D>>);
   |                    ^^^^^^^^^^^
   |
   = note: `#[warn(deprecated)]` on by default

warning: use of deprecated function `leptos::prelude::create_rw_signal`: This function is being removed to conform to Rust idioms. Please use `RwSignal::new()` instead.
  --> src/components/spectrogram_webgl.rs:34:26
   |
34 |     let renderer_ready = create_rw_signal(false);
   |                          ^^^^^^^^^^^^^^^^

warning: use of deprecated function `leptos::prelude::create_rw_signal`: This function is being removed to conform to Rust idioms. Please use `RwSignal::new()` instead.
  --> src/components/spectrogram_webgl.rs:35:21
   |
35 |     let last_dims = create_rw_signal::<(i32,i32)>( (0,0) );
   |                     ^^^^^^^^^^^^^^^^

warning: use of deprecated function `leptos::prelude::create_rw_signal`: This function is being removed to conform to Rust idioms. Please use `RwSignal::new()` instead.
  --> src/components/spectrogram_webgl.rs:38:23
   |
38 |     let is_dragging = create_rw_signal(false);
   |                       ^^^^^^^^^^^^^^^^

warning: use of deprecated function `leptos::prelude::create_rw_signal`: This function is being removed to conform to Rust idioms. Please use `RwSignal::new()` instead.
  --> src/components/spectrogram_webgl.rs:39:26
   |
39 |     let last_mouse_pos = create_rw_signal::<(i32,i32)>( (0,0) );
   |                          ^^^^^^^^^^^^^^^^

warning: use of deprecated function `leptos::prelude::create_rw_signal`: This function is being removed to conform to Rust idioms. Please use `RwSignal::new()` instead.
  --> src/components/spectrogram_webgl.rs:40:21
   |
40 |     let drag_mode = create_rw_signal(0); // 0=rotate, 1=pan
   |                     ^^^^^^^^^^^^^^^^

warning: use of deprecated function `leptos::prelude::create_effect`: This function is being removed to conform to Rust idioms. Please use `Effect::new()` instead.
  --> src/components/spectrogram_webgl.rs:43:5
   |
43 |     create_effect(move |_| {
   |     ^^^^^^^^^^^^^

warning: use of deprecated function `leptos::prelude::create_effect`: This function is being removed to conform to Rust idioms. Please use `Effect::new()` instead.
  --> src/components/spectrogram_webgl.rs:67:5
   |
67 |     create_effect(move |_| {
   |     ^^^^^^^^^^^^^

warning: use of deprecated function `leptos::prelude::create_effect`: This function is being removed to conform to Rust idioms. Please use `Effect::new()` instead.
   --> src/components/spectrogram_webgl.rs:267:5
    |
267 |     create_effect(move |_| {
    |     ^^^^^^^^^^^^^

warning: `batchi` (lib) generated 10 warnings (run `cargo fix --lib -p batchi` to apply 1 suggestion)
    Finished `dev` profile [unoptimized + debuginfo] target(s) in 0.16s
2026-02-19T23:37:49.690401Z  INFO fetching cargo artifacts
2026-02-19T23:37:50.303384Z  INFO calling wasm-bindgen for batchi
2026-02-19T23:37:52.707728Z  INFO rust build complete
2026-02-19T23:37:52.710098Z  INFO applying new distribution
2026-02-19T23:37:52.712431Z  INFO ✅ success
2026-02-19T23:37:52.712461Z  INFO 📦 starting build
2026-02-19T23:37:52.712757Z  INFO spawning asset pipelines
2026-02-19T23:37:52.950038Z  INFO copying & hashing css path="style.css"
2026-02-19T23:37:52.950109Z  INFO building batchi
2026-02-19T23:37:52.950499Z  INFO finished copying & hashing css path="style.css"
warning: unused import: `HtmlCanvasElement`
 --> src/components/spectrogram_webgl.rs:6:15
  |
6 | use web_sys::{HtmlCanvasElement, WebGl2RenderingContext};
  |               ^^^^^^^^^^^^^^^^^
  |
  = note: `#[warn(unused_imports)]` (part of `#[warn(unused)]`) on by default

warning: use of deprecated function `leptos::prelude::store_value`: This function is being removed to conform to Rust idioms. Please use `StoredValue::new()` or `StoredValue::new_local()` instead.
  --> src/components/spectrogram_webgl.rs:33:20
   |
33 |     let renderer = store_value(None::<SendWrapper<Waterfall3D>>);
   |                    ^^^^^^^^^^^
   |
   = note: `#[warn(deprecated)]` on by default

warning: use of deprecated function `leptos::prelude::create_rw_signal`: This function is being removed to conform to Rust idioms. Please use `RwSignal::new()` instead.
  --> src/components/spectrogram_webgl.rs:34:26
   |
34 |     let renderer_ready = create_rw_signal(false);
   |                          ^^^^^^^^^^^^^^^^

warning: use of deprecated function `leptos::prelude::create_rw_signal`: This function is being removed to conform to Rust idioms. Please use `RwSignal::new()` instead.
  --> src/components/spectrogram_webgl.rs:35:21
   |
35 |     let last_dims = create_rw_signal::<(i32,i32)>( (0,0) );
   |                     ^^^^^^^^^^^^^^^^

warning: use of deprecated function `leptos::prelude::create_rw_signal`: This function is being removed to conform to Rust idioms. Please use `RwSignal::new()` instead.
  --> src/components/spectrogram_webgl.rs:38:23
   |
38 |     let is_dragging = create_rw_signal(false);
   |                       ^^^^^^^^^^^^^^^^

warning: use of deprecated function `leptos::prelude::create_rw_signal`: This function is being removed to conform to Rust idioms. Please use `RwSignal::new()` instead.
  --> src/components/spectrogram_webgl.rs:39:26
   |
39 |     let last_mouse_pos = create_rw_signal::<(i32,i32)>( (0,0) );
   |                          ^^^^^^^^^^^^^^^^

warning: use of deprecated function `leptos::prelude::create_rw_signal`: This function is being removed to conform to Rust idioms. Please use `RwSignal::new()` instead.
  --> src/components/spectrogram_webgl.rs:40:21
   |
40 |     let drag_mode = create_rw_signal(0); // 0=rotate, 1=pan
   |                     ^^^^^^^^^^^^^^^^

warning: use of deprecated function `leptos::prelude::create_effect`: This function is being removed to conform to Rust idioms. Please use `Effect::new()` instead.
  --> src/components/spectrogram_webgl.rs:43:5
   |
43 |     create_effect(move |_| {
   |     ^^^^^^^^^^^^^

warning: use of deprecated function `leptos::prelude::create_effect`: This function is being removed to conform to Rust idioms. Please use `Effect::new()` instead.
  --> src/components/spectrogram_webgl.rs:67:5
   |
67 |     create_effect(move |_| {
   |     ^^^^^^^^^^^^^

warning: use of deprecated function `leptos::prelude::create_effect`: This function is being removed to conform to Rust idioms. Please use `Effect::new()` instead.
   --> src/components/spectrogram_webgl.rs:267:5
    |
267 |     create_effect(move |_| {
    |     ^^^^^^^^^^^^^

warning: `batchi` (lib) generated 10 warnings (run `cargo fix --lib -p batchi` to apply 1 suggestion)
    Finished `dev` profile [unoptimized + debuginfo] target(s) in 0.16s
2026-02-19T23:37:53.206415Z  INFO fetching cargo artifacts
2026-02-19T23:37:53.820638Z  INFO calling wasm-bindgen for batchi
2026-02-19T23:37:56.212964Z  INFO rust build complete
2026-02-19T23:37:56.215378Z  INFO applying new distribution
2026-02-19T23:37:56.217580Z  INFO ✅ success
2026-02-19T23:37:56.217609Z  INFO 📦 starting build
2026-02-19T23:37:56.217917Z  INFO spawning asset pipelines
2026-02-19T23:37:56.458865Z  INFO copying & hashing css path="style.css"
2026-02-19T23:37:56.458895Z  INFO building batchi
2026-02-19T23:37:56.459302Z  INFO finished copying & hashing css path="style.css"
warning: unused import: `HtmlCanvasElement`
 --> src/components/spectrogram_webgl.rs:6:15
  |
6 | use web_sys::{HtmlCanvasElement, WebGl2RenderingContext};
  |               ^^^^^^^^^^^^^^^^^
  |
  = note: `#[warn(unused_imports)]` (part of `#[warn(unused)]`) on by default

warning: use of deprecated function `leptos::prelude::store_value`: This function is being removed to conform to Rust idioms. Please use `StoredValue::new()` or `StoredValue::new_local()` instead.
  --> src/components/spectrogram_webgl.rs:33:20
   |
33 |     let renderer = store_value(None::<SendWrapper<Waterfall3D>>);
   |                    ^^^^^^^^^^^
   |
   = note: `#[warn(deprecated)]` on by default

warning: use of deprecated function `leptos::prelude::create_rw_signal`: This function is being removed to conform to Rust idioms. Please use `RwSignal::new()` instead.
  --> src/components/spectrogram_webgl.rs:34:26
   |
34 |     let renderer_ready = create_rw_signal(false);
   |                          ^^^^^^^^^^^^^^^^

warning: use of deprecated function `leptos::prelude::create_rw_signal`: This function is being removed to conform to Rust idioms. Please use `RwSignal::new()` instead.
  --> src/components/spectrogram_webgl.rs:35:21
   |
35 |     let last_dims = create_rw_signal::<(i32,i32)>( (0,0) );
   |                     ^^^^^^^^^^^^^^^^

warning: use of deprecated function `leptos::prelude::create_rw_signal`: This function is being removed to conform to Rust idioms. Please use `RwSignal::new()` instead.
  --> src/components/spectrogram_webgl.rs:38:23
   |
38 |     let is_dragging = create_rw_signal(false);
   |                       ^^^^^^^^^^^^^^^^

warning: use of deprecated function `leptos::prelude::create_rw_signal`: This function is being removed to conform to Rust idioms. Please use `RwSignal::new()` instead.
  --> src/components/spectrogram_webgl.rs:39:26
   |
39 |     let last_mouse_pos = create_rw_signal::<(i32,i32)>( (0,0) );
   |                          ^^^^^^^^^^^^^^^^

warning: use of deprecated function `leptos::prelude::create_rw_signal`: This function is being removed to conform to Rust idioms. Please use `RwSignal::new()` instead.
  --> src/components/spectrogram_webgl.rs:40:21
   |
40 |     let drag_mode = create_rw_signal(0); // 0=rotate, 1=pan
   |                     ^^^^^^^^^^^^^^^^

warning: use of deprecated function `leptos::prelude::create_effect`: This function is being removed to conform to Rust idioms. Please use `Effect::new()` instead.
  --> src/components/spectrogram_webgl.rs:43:5
   |
43 |     create_effect(move |_| {
   |     ^^^^^^^^^^^^^

warning: use of deprecated function `leptos::prelude::create_effect`: This function is being removed to conform to Rust idioms. Please use `Effect::new()` instead.
  --> src/components/spectrogram_webgl.rs:67:5
   |
67 |     create_effect(move |_| {
   |     ^^^^^^^^^^^^^

warning: use of deprecated function `leptos::prelude::create_effect`: This function is being removed to conform to Rust idioms. Please use `Effect::new()` instead.
   --> src/components/spectrogram_webgl.rs:267:5
    |
267 |     create_effect(move |_| {
    |     ^^^^^^^^^^^^^

warning: `batchi` (lib) generated 10 warnings (run `cargo fix --lib -p batchi` to apply 1 suggestion)
    Finished `dev` profile [unoptimized + debuginfo] target(s) in 0.17s
2026-02-19T23:37:56.716678Z  INFO fetching cargo artifacts
2026-02-19T23:37:57.337895Z  INFO calling wasm-bindgen for batchi
2026-02-19T23:37:59.814286Z  INFO rust build complete
2026-02-19T23:37:59.816671Z  INFO applying new distribution
2026-02-19T23:37:59.818968Z  INFO ✅ success
2026-02-19T23:37:59.819001Z  INFO 📦 starting build
2026-02-19T23:37:59.819242Z  INFO spawning asset pipelines
2026-02-19T23:38:00.062366Z  INFO copying & hashing css path="style.css"
2026-02-19T23:38:00.062432Z  INFO building batchi
2026-02-19T23:38:00.062828Z  INFO finished copying & hashing css path="style.css"
warning: unused import: `HtmlCanvasElement`
 --> src/components/spectrogram_webgl.rs:6:15
  |
6 | use web_sys::{HtmlCanvasElement, WebGl2RenderingContext};
  |               ^^^^^^^^^^^^^^^^^
  |
  = note: `#[warn(unused_imports)]` (part of `#[warn(unused)]`) on by default

warning: use of deprecated function `leptos::prelude::store_value`: This function is being removed to conform to Rust idioms. Please use `StoredValue::new()` or `StoredValue::new_local()` instead.
  --> src/components/spectrogram_webgl.rs:33:20
   |
33 |     let renderer = store_value(None::<SendWrapper<Waterfall3D>>);
   |                    ^^^^^^^^^^^
   |
   = note: `#[warn(deprecated)]` on by default

warning: use of deprecated function `leptos::prelude::create_rw_signal`: This function is being removed to conform to Rust idioms. Please use `RwSignal::new()` instead.
  --> src/components/spectrogram_webgl.rs:34:26
   |
34 |     let renderer_ready = create_rw_signal(false);
   |                          ^^^^^^^^^^^^^^^^

warning: use of deprecated function `leptos::prelude::create_rw_signal`: This function is being removed to conform to Rust idioms. Please use `RwSignal::new()` instead.
  --> src/components/spectrogram_webgl.rs:35:21
   |
35 |     let last_dims = create_rw_signal::<(i32,i32)>( (0,0) );
   |                     ^^^^^^^^^^^^^^^^

warning: use of deprecated function `leptos::prelude::create_rw_signal`: This function is being removed to conform to Rust idioms. Please use `RwSignal::new()` instead.
  --> src/components/spectrogram_webgl.rs:38:23
   |
38 |     let is_dragging = create_rw_signal(false);
   |                       ^^^^^^^^^^^^^^^^

warning: use of deprecated function `leptos::prelude::create_rw_signal`: This function is being removed to conform to Rust idioms. Please use `RwSignal::new()` instead.
  --> src/components/spectrogram_webgl.rs:39:26
   |
39 |     let last_mouse_pos = create_rw_signal::<(i32,i32)>( (0,0) );
   |                          ^^^^^^^^^^^^^^^^

warning: use of deprecated function `leptos::prelude::create_rw_signal`: This function is being removed to conform to Rust idioms. Please use `RwSignal::new()` instead.
  --> src/components/spectrogram_webgl.rs:40:21
   |
40 |     let drag_mode = create_rw_signal(0); // 0=rotate, 1=pan
   |                     ^^^^^^^^^^^^^^^^

warning: use of deprecated function `leptos::prelude::create_effect`: This function is being removed to conform to Rust idioms. Please use `Effect::new()` instead.
  --> src/components/spectrogram_webgl.rs:43:5
   |
43 |     create_effect(move |_| {
   |     ^^^^^^^^^^^^^

warning: use of deprecated function `leptos::prelude::create_effect`: This function is being removed to conform to Rust idioms. Please use `Effect::new()` instead.
  --> src/components/spectrogram_webgl.rs:67:5
   |
67 |     create_effect(move |_| {
   |     ^^^^^^^^^^^^^

warning: use of deprecated function `leptos::prelude::create_effect`: This function is being removed to conform to Rust idioms. Please use `Effect::new()` instead.
   --> src/components/spectrogram_webgl.rs:267:5
    |
267 |     create_effect(move |_| {
    |     ^^^^^^^^^^^^^

warning: `batchi` (lib) generated 10 warnings (run `cargo fix --lib -p batchi` to apply 1 suggestion)
    Finished `dev` profile [unoptimized + debuginfo] target(s) in 0.17s
2026-02-19T23:38:00.317887Z  INFO fetching cargo artifacts
2026-02-19T23:38:00.938583Z  INFO calling wasm-bindgen for batchi
2026-02-19T23:38:03.361828Z  INFO rust build complete
2026-02-19T23:38:03.364177Z  INFO applying new distribution
2026-02-19T23:38:03.366681Z  INFO ✅ success
2026-02-19T23:38:03.366717Z  INFO 📦 starting build
2026-02-19T23:38:03.367005Z  INFO spawning asset pipelines
2026-02-19T23:38:03.608350Z  INFO copying & hashing css path="style.css"
2026-02-19T23:38:03.608408Z  INFO building batchi
2026-02-19T23:38:03.608694Z  INFO finished copying & hashing css path="style.css"
warning: unused import: `HtmlCanvasElement`
 --> src/components/spectrogram_webgl.rs:6:15
  |
6 | use web_sys::{HtmlCanvasElement, WebGl2RenderingContext};
  |               ^^^^^^^^^^^^^^^^^
  |
  = note: `#[warn(unused_imports)]` (part of `#[warn(unused)]`) on by default

warning: use of deprecated function `leptos::prelude::store_value`: This function is being removed to conform to Rust idioms. Please use `StoredValue::new()` or `StoredValue::new_local()` instead.
  --> src/components/spectrogram_webgl.rs:33:20
   |
33 |     let renderer = store_value(None::<SendWrapper<Waterfall3D>>);
   |                    ^^^^^^^^^^^
   |
   = note: `#[warn(deprecated)]` on by default

warning: use of deprecated function `leptos::prelude::create_rw_signal`: This function is being removed to conform to Rust idioms. Please use `RwSignal::new()` instead.
  --> src/components/spectrogram_webgl.rs:34:26
   |
34 |     let renderer_ready = create_rw_signal(false);
   |                          ^^^^^^^^^^^^^^^^

warning: use of deprecated function `leptos::prelude::create_rw_signal`: This function is being removed to conform to Rust idioms. Please use `RwSignal::new()` instead.
  --> src/components/spectrogram_webgl.rs:35:21
   |
35 |     let last_dims = create_rw_signal::<(i32,i32)>( (0,0) );
   |                     ^^^^^^^^^^^^^^^^

warning: use of deprecated function `leptos::prelude::create_rw_signal`: This function is being removed to conform to Rust idioms. Please use `RwSignal::new()` instead.
  --> src/components/spectrogram_webgl.rs:38:23
   |
38 |     let is_dragging = create_rw_signal(false);
   |                       ^^^^^^^^^^^^^^^^

warning: use of deprecated function `leptos::prelude::create_rw_signal`: This function is being removed to conform to Rust idioms. Please use `RwSignal::new()` instead.
  --> src/components/spectrogram_webgl.rs:39:26
   |
39 |     let last_mouse_pos = create_rw_signal::<(i32,i32)>( (0,0) );
   |                          ^^^^^^^^^^^^^^^^

warning: use of deprecated function `leptos::prelude::create_rw_signal`: This function is being removed to conform to Rust idioms. Please use `RwSignal::new()` instead.
  --> src/components/spectrogram_webgl.rs:40:21
   |
40 |     let drag_mode = create_rw_signal(0); // 0=rotate, 1=pan
   |                     ^^^^^^^^^^^^^^^^

warning: use of deprecated function `leptos::prelude::create_effect`: This function is being removed to conform to Rust idioms. Please use `Effect::new()` instead.
  --> src/components/spectrogram_webgl.rs:43:5
   |
43 |     create_effect(move |_| {
   |     ^^^^^^^^^^^^^

warning: use of deprecated function `leptos::prelude::create_effect`: This function is being removed to conform to Rust idioms. Please use `Effect::new()` instead.
  --> src/components/spectrogram_webgl.rs:67:5
   |
67 |     create_effect(move |_| {
   |     ^^^^^^^^^^^^^

warning: use of deprecated function `leptos::prelude::create_effect`: This function is being removed to conform to Rust idioms. Please use `Effect::new()` instead.
   --> src/components/spectrogram_webgl.rs:267:5
    |
267 |     create_effect(move |_| {
    |     ^^^^^^^^^^^^^

warning: `batchi` (lib) generated 10 warnings (run `cargo fix --lib -p batchi` to apply 1 suggestion)
    Finished `dev` profile [unoptimized + debuginfo] target(s) in 0.17s
2026-02-19T23:38:03.864514Z  INFO fetching cargo artifacts
2026-02-19T23:38:04.479466Z  INFO calling wasm-bindgen for batchi
2026-02-19T23:38:06.994900Z  INFO rust build complete
2026-02-19T23:38:06.997449Z  INFO applying new distribution
2026-02-19T23:38:07.000483Z  INFO ✅ success
2026-02-19T23:38:07.000514Z  INFO 📦 starting build
2026-02-19T23:38:07.000894Z  INFO spawning asset pipelines
2026-02-19T23:38:07.246919Z  INFO copying & hashing css path="style.css"
2026-02-19T23:38:07.246964Z  INFO building batchi
2026-02-19T23:38:07.247184Z  INFO finished copying & hashing css path="style.css"
warning: unused import: `HtmlCanvasElement`
 --> src/components/spectrogram_webgl.rs:6:15
  |
6 | use web_sys::{HtmlCanvasElement, WebGl2RenderingContext};
  |               ^^^^^^^^^^^^^^^^^
  |
  = note: `#[warn(unused_imports)]` (part of `#[warn(unused)]`) on by default

warning: use of deprecated function `leptos::prelude::store_value`: This function is being removed to conform to Rust idioms. Please use `StoredValue::new()` or `StoredValue::new_local()` instead.
  --> src/components/spectrogram_webgl.rs:33:20
   |
33 |     let renderer = store_value(None::<SendWrapper<Waterfall3D>>);
   |                    ^^^^^^^^^^^
   |
   = note: `#[warn(deprecated)]` on by default

warning: use of deprecated function `leptos::prelude::create_rw_signal`: This function is being removed to conform to Rust idioms. Please use `RwSignal::new()` instead.
  --> src/components/spectrogram_webgl.rs:34:26
   |
34 |     let renderer_ready = create_rw_signal(false);
   |                          ^^^^^^^^^^^^^^^^

warning: use of deprecated function `leptos::prelude::create_rw_signal`: This function is being removed to conform to Rust idioms. Please use `RwSignal::new()` instead.
  --> src/components/spectrogram_webgl.rs:35:21
   |
35 |     let last_dims = create_rw_signal::<(i32,i32)>( (0,0) );
   |                     ^^^^^^^^^^^^^^^^

warning: use of deprecated function `leptos::prelude::create_rw_signal`: This function is being removed to conform to Rust idioms. Please use `RwSignal::new()` instead.
  --> src/components/spectrogram_webgl.rs:38:23
   |
38 |     let is_dragging = create_rw_signal(false);
   |                       ^^^^^^^^^^^^^^^^

warning: use of deprecated function `leptos::prelude::create_rw_signal`: This function is being removed to conform to Rust idioms. Please use `RwSignal::new()` instead.
  --> src/components/spectrogram_webgl.rs:39:26
   |
39 |     let last_mouse_pos = create_rw_signal::<(i32,i32)>( (0,0) );
   |                          ^^^^^^^^^^^^^^^^

warning: use of deprecated function `leptos::prelude::create_rw_signal`: This function is being removed to conform to Rust idioms. Please use `RwSignal::new()` instead.
  --> src/components/spectrogram_webgl.rs:40:21
   |
40 |     let drag_mode = create_rw_signal(0); // 0=rotate, 1=pan
   |                     ^^^^^^^^^^^^^^^^

warning: use of deprecated function `leptos::prelude::create_effect`: This function is being removed to conform to Rust idioms. Please use `Effect::new()` instead.
  --> src/components/spectrogram_webgl.rs:43:5
   |
43 |     create_effect(move |_| {
   |     ^^^^^^^^^^^^^

warning: use of deprecated function `leptos::prelude::create_effect`: This function is being removed to conform to Rust idioms. Please use `Effect::new()` instead.
  --> src/components/spectrogram_webgl.rs:67:5
   |
67 |     create_effect(move |_| {
   |     ^^^^^^^^^^^^^

warning: use of deprecated function `leptos::prelude::create_effect`: This function is being removed to conform to Rust idioms. Please use `Effect::new()` instead.
   --> src/components/spectrogram_webgl.rs:267:5
    |
267 |     create_effect(move |_| {
    |     ^^^^^^^^^^^^^

warning: `batchi` (lib) generated 10 warnings (run `cargo fix --lib -p batchi` to apply 1 suggestion)
    Finished `dev` profile [unoptimized + debuginfo] target(s) in 0.17s
2026-02-19T23:38:07.509575Z  INFO fetching cargo artifacts
2026-02-19T23:38:08.141970Z  INFO calling wasm-bindgen for batchi
2026-02-19T23:38:10.607342Z  INFO rust build complete
2026-02-19T23:38:10.610017Z  INFO applying new distribution
2026-02-19T23:38:10.612386Z  INFO ✅ success
2026-02-19T23:38:10.612420Z  INFO 📦 starting build
2026-02-19T23:38:10.612900Z  INFO spawning asset pipelines
2026-02-19T23:38:10.907090Z  INFO copying & hashing css path="style.css"
2026-02-19T23:38:10.907194Z  INFO building batchi
2026-02-19T23:38:10.907746Z  INFO finished copying & hashing css path="style.css"
warning: unused import: `HtmlCanvasElement`
 --> src/components/spectrogram_webgl.rs:6:15
  |
6 | use web_sys::{HtmlCanvasElement, WebGl2RenderingContext};
  |               ^^^^^^^^^^^^^^^^^
  |
  = note: `#[warn(unused_imports)]` (part of `#[warn(unused)]`) on by default

warning: use of deprecated function `leptos::prelude::store_value`: This function is being removed to conform to Rust idioms. Please use `StoredValue::new()` or `StoredValue::new_local()` instead.
  --> src/components/spectrogram_webgl.rs:33:20
   |
33 |     let renderer = store_value(None::<SendWrapper<Waterfall3D>>);
   |                    ^^^^^^^^^^^
   |
   = note: `#[warn(deprecated)]` on by default

warning: use of deprecated function `leptos::prelude::create_rw_signal`: This function is being removed to conform to Rust idioms. Please use `RwSignal::new()` instead.
  --> src/components/spectrogram_webgl.rs:34:26
   |
34 |     let renderer_ready = create_rw_signal(false);
   |                          ^^^^^^^^^^^^^^^^

warning: use of deprecated function `leptos::prelude::create_rw_signal`: This function is being removed to conform to Rust idioms. Please use `RwSignal::new()` instead.
  --> src/components/spectrogram_webgl.rs:35:21
   |
35 |     let last_dims = create_rw_signal::<(i32,i32)>( (0,0) );
   |                     ^^^^^^^^^^^^^^^^

warning: use of deprecated function `leptos::prelude::create_rw_signal`: This function is being removed to conform to Rust idioms. Please use `RwSignal::new()` instead.
  --> src/components/spectrogram_webgl.rs:38:23
   |
38 |     let is_dragging = create_rw_signal(false);
   |                       ^^^^^^^^^^^^^^^^

warning: use of deprecated function `leptos::prelude::create_rw_signal`: This function is being removed to conform to Rust idioms. Please use `RwSignal::new()` instead.
  --> src/components/spectrogram_webgl.rs:39:26
   |
39 |     let last_mouse_pos = create_rw_signal::<(i32,i32)>( (0,0) );
   |                          ^^^^^^^^^^^^^^^^

warning: use of deprecated function `leptos::prelude::create_rw_signal`: This function is being removed to conform to Rust idioms. Please use `RwSignal::new()` instead.
  --> src/components/spectrogram_webgl.rs:40:21
   |
40 |     let drag_mode = create_rw_signal(0); // 0=rotate, 1=pan
   |                     ^^^^^^^^^^^^^^^^

warning: use of deprecated function `leptos::prelude::create_effect`: This function is being removed to conform to Rust idioms. Please use `Effect::new()` instead.
  --> src/components/spectrogram_webgl.rs:43:5
   |
43 |     create_effect(move |_| {
   |     ^^^^^^^^^^^^^

warning: use of deprecated function `leptos::prelude::create_effect`: This function is being removed to conform to Rust idioms. Please use `Effect::new()` instead.
  --> src/components/spectrogram_webgl.rs:67:5
   |
67 |     create_effect(move |_| {
   |     ^^^^^^^^^^^^^

warning: use of deprecated function `leptos::prelude::create_effect`: This function is being removed to conform to Rust idioms. Please use `Effect::new()` instead.
   --> src/components/spectrogram_webgl.rs:267:5
    |
267 |     create_effect(move |_| {
    |     ^^^^^^^^^^^^^

warning: `batchi` (lib) generated 10 warnings (run `cargo fix --lib -p batchi` to apply 1 suggestion)
    Finished `dev` profile [unoptimized + debuginfo] target(s) in 0.19s
2026-02-19T23:38:11.229562Z  INFO fetching cargo artifacts
2026-02-19T23:38:11.899385Z  INFO calling wasm-bindgen for batchi
2026-02-19T23:38:14.333429Z  INFO rust build complete
2026-02-19T23:38:14.335684Z  INFO applying new distribution
2026-02-19T23:38:14.338069Z  INFO ✅ success
2026-02-19T23:38:14.338103Z  INFO 📦 starting build
2026-02-19T23:38:14.338392Z  INFO spawning asset pipelines
2026-02-19T23:38:14.582035Z  INFO copying & hashing css path="style.css"
2026-02-19T23:38:14.582115Z  INFO building batchi
2026-02-19T23:38:14.582464Z  INFO finished copying & hashing css path="style.css"
warning: unused import: `HtmlCanvasElement`
 --> src/components/spectrogram_webgl.rs:6:15
  |
6 | use web_sys::{HtmlCanvasElement, WebGl2RenderingContext};
  |               ^^^^^^^^^^^^^^^^^
  |
  = note: `#[warn(unused_imports)]` (part of `#[warn(unused)]`) on by default

warning: use of deprecated function `leptos::prelude::store_value`: This function is being removed to conform to Rust idioms. Please use `StoredValue::new()` or `StoredValue::new_local()` instead.
  --> src/components/spectrogram_webgl.rs:33:20
   |
33 |     let renderer = store_value(None::<SendWrapper<Waterfall3D>>);
   |                    ^^^^^^^^^^^
   |
   = note: `#[warn(deprecated)]` on by default

warning: use of deprecated function `leptos::prelude::create_rw_signal`: This function is being removed to conform to Rust idioms. Please use `RwSignal::new()` instead.
  --> src/components/spectrogram_webgl.rs:34:26
   |
34 |     let renderer_ready = create_rw_signal(false);
   |                          ^^^^^^^^^^^^^^^^

warning: use of deprecated function `leptos::prelude::create_rw_signal`: This function is being removed to conform to Rust idioms. Please use `RwSignal::new()` instead.
  --> src/components/spectrogram_webgl.rs:35:21
   |
35 |     let last_dims = create_rw_signal::<(i32,i32)>( (0,0) );
   |                     ^^^^^^^^^^^^^^^^

warning: use of deprecated function `leptos::prelude::create_rw_signal`: This function is being removed to conform to Rust idioms. Please use `RwSignal::new()` instead.
  --> src/components/spectrogram_webgl.rs:38:23
   |
38 |     let is_dragging = create_rw_signal(false);
   |                       ^^^^^^^^^^^^^^^^

warning: use of deprecated function `leptos::prelude::create_rw_signal`: This function is being removed to conform to Rust idioms. Please use `RwSignal::new()` instead.
  --> src/components/spectrogram_webgl.rs:39:26
   |
39 |     let last_mouse_pos = create_rw_signal::<(i32,i32)>( (0,0) );
   |                          ^^^^^^^^^^^^^^^^

warning: use of deprecated function `leptos::prelude::create_rw_signal`: This function is being removed to conform to Rust idioms. Please use `RwSignal::new()` instead.
  --> src/components/spectrogram_webgl.rs:40:21
   |
40 |     let drag_mode = create_rw_signal(0); // 0=rotate, 1=pan
   |                     ^^^^^^^^^^^^^^^^

warning: use of deprecated function `leptos::prelude::create_effect`: This function is being removed to conform to Rust idioms. Please use `Effect::new()` instead.
  --> src/components/spectrogram_webgl.rs:43:5
   |
43 |     create_effect(move |_| {
   |     ^^^^^^^^^^^^^

warning: use of deprecated function `leptos::prelude::create_effect`: This function is being removed to conform to Rust idioms. Please use `Effect::new()` instead.
  --> src/components/spectrogram_webgl.rs:67:5
   |
67 |     create_effect(move |_| {
   |     ^^^^^^^^^^^^^

warning: use of deprecated function `leptos::prelude::create_effect`: This function is being removed to conform to Rust idioms. Please use `Effect::new()` instead.
   --> src/components/spectrogram_webgl.rs:267:5
    |
267 |     create_effect(move |_| {
    |     ^^^^^^^^^^^^^

warning: `batchi` (lib) generated 10 warnings (run `cargo fix --lib -p batchi` to apply 1 suggestion)
    Finished `dev` profile [unoptimized + debuginfo] target(s) in 0.17s
2026-02-19T23:38:14.844051Z  INFO fetching cargo artifacts
2026-02-19T23:38:15.464950Z  INFO calling wasm-bindgen for batchi
2026-02-19T23:38:17.940679Z  INFO rust build complete
2026-02-19T23:38:17.943227Z  INFO applying new distribution
2026-02-19T23:38:17.945644Z  INFO ✅ success
2026-02-19T23:38:17.945683Z  INFO 📦 starting build
2026-02-19T23:38:17.945968Z  INFO spawning asset pipelines
2026-02-19T23:38:18.194940Z  INFO copying & hashing css path="style.css"
2026-02-19T23:38:18.194997Z  INFO building batchi
2026-02-19T23:38:18.195367Z  INFO finished copying & hashing css path="style.css"
warning: unused import: `HtmlCanvasElement`
 --> src/components/spectrogram_webgl.rs:6:15
  |
6 | use web_sys::{HtmlCanvasElement, WebGl2RenderingContext};
  |               ^^^^^^^^^^^^^^^^^
  |
  = note: `#[warn(unused_imports)]` (part of `#[warn(unused)]`) on by default

warning: use of deprecated function `leptos::prelude::store_value`: This function is being removed to conform to Rust idioms. Please use `StoredValue::new()` or `StoredValue::new_local()` instead.
  --> src/components/spectrogram_webgl.rs:33:20
   |
33 |     let renderer = store_value(None::<SendWrapper<Waterfall3D>>);
   |                    ^^^^^^^^^^^
   |
   = note: `#[warn(deprecated)]` on by default

warning: use of deprecated function `leptos::prelude::create_rw_signal`: This function is being removed to conform to Rust idioms. Please use `RwSignal::new()` instead.
  --> src/components/spectrogram_webgl.rs:34:26
   |
34 |     let renderer_ready = create_rw_signal(false);
   |                          ^^^^^^^^^^^^^^^^

warning: use of deprecated function `leptos::prelude::create_rw_signal`: This function is being removed to conform to Rust idioms. Please use `RwSignal::new()` instead.
  --> src/components/spectrogram_webgl.rs:35:21
   |
35 |     let last_dims = create_rw_signal::<(i32,i32)>( (0,0) );
   |                     ^^^^^^^^^^^^^^^^

warning: use of deprecated function `leptos::prelude::create_rw_signal`: This function is being removed to conform to Rust idioms. Please use `RwSignal::new()` instead.
  --> src/components/spectrogram_webgl.rs:38:23
   |
38 |     let is_dragging = create_rw_signal(false);
   |                       ^^^^^^^^^^^^^^^^

warning: use of deprecated function `leptos::prelude::create_rw_signal`: This function is being removed to conform to Rust idioms. Please use `RwSignal::new()` instead.
  --> src/components/spectrogram_webgl.rs:39:26
   |
39 |     let last_mouse_pos = create_rw_signal::<(i32,i32)>( (0,0) );
   |                          ^^^^^^^^^^^^^^^^

warning: use of deprecated function `leptos::prelude::create_rw_signal`: This function is being removed to conform to Rust idioms. Please use `RwSignal::new()` instead.
  --> src/components/spectrogram_webgl.rs:40:21
   |
40 |     let drag_mode = create_rw_signal(0); // 0=rotate, 1=pan
   |                     ^^^^^^^^^^^^^^^^

warning: use of deprecated function `leptos::prelude::create_effect`: This function is being removed to conform to Rust idioms. Please use `Effect::new()` instead.
  --> src/components/spectrogram_webgl.rs:43:5
   |
43 |     create_effect(move |_| {
   |     ^^^^^^^^^^^^^

warning: use of deprecated function `leptos::prelude::create_effect`: This function is being removed to conform to Rust idioms. Please use `Effect::new()` instead.
  --> src/components/spectrogram_webgl.rs:67:5
   |
67 |     create_effect(move |_| {
   |     ^^^^^^^^^^^^^

warning: use of deprecated function `leptos::prelude::create_effect`: This function is being removed to conform to Rust idioms. Please use `Effect::new()` instead.
   --> src/components/spectrogram_webgl.rs:267:5
    |
267 |     create_effect(move |_| {
    |     ^^^^^^^^^^^^^

warning: `batchi` (lib) generated 10 warnings (run `cargo fix --lib -p batchi` to apply 1 suggestion)
    Finished `dev` profile [unoptimized + debuginfo] target(s) in 0.17s
2026-02-19T23:38:18.459324Z  INFO fetching cargo artifacts
2026-02-19T23:38:19.082605Z  INFO calling wasm-bindgen for batchi
2026-02-19T23:38:21.595663Z  INFO rust build complete
2026-02-19T23:38:21.600012Z  INFO applying new distribution
2026-02-19T23:38:21.603432Z  INFO ✅ success
2026-02-19T23:38:21.603486Z  INFO 📦 starting build
2026-02-19T23:38:21.603852Z  INFO spawning asset pipelines
2026-02-19T23:38:21.854927Z  INFO copying & hashing css path="style.css"
2026-02-19T23:38:21.854998Z  INFO building batchi
2026-02-19T23:38:21.855539Z  INFO finished copying & hashing css path="style.css"
warning: unused import: `HtmlCanvasElement`
 --> src/components/spectrogram_webgl.rs:6:15
  |
6 | use web_sys::{HtmlCanvasElement, WebGl2RenderingContext};
  |               ^^^^^^^^^^^^^^^^^
  |
  = note: `#[warn(unused_imports)]` (part of `#[warn(unused)]`) on by default

warning: use of deprecated function `leptos::prelude::store_value`: This function is being removed to conform to Rust idioms. Please use `StoredValue::new()` or `StoredValue::new_local()` instead.
  --> src/components/spectrogram_webgl.rs:33:20
   |
33 |     let renderer = store_value(None::<SendWrapper<Waterfall3D>>);
   |                    ^^^^^^^^^^^
   |
   = note: `#[warn(deprecated)]` on by default

warning: use of deprecated function `leptos::prelude::create_rw_signal`: This function is being removed to conform to Rust idioms. Please use `RwSignal::new()` instead.
  --> src/components/spectrogram_webgl.rs:34:26
   |
34 |     let renderer_ready = create_rw_signal(false);
   |                          ^^^^^^^^^^^^^^^^

warning: use of deprecated function `leptos::prelude::create_rw_signal`: This function is being removed to conform to Rust idioms. Please use `RwSignal::new()` instead.
  --> src/components/spectrogram_webgl.rs:35:21
   |
35 |     let last_dims = create_rw_signal::<(i32,i32)>( (0,0) );
   |                     ^^^^^^^^^^^^^^^^

warning: use of deprecated function `leptos::prelude::create_rw_signal`: This function is being removed to conform to Rust idioms. Please use `RwSignal::new()` instead.
  --> src/components/spectrogram_webgl.rs:38:23
   |
38 |     let is_dragging = create_rw_signal(false);
   |                       ^^^^^^^^^^^^^^^^

warning: use of deprecated function `leptos::prelude::create_rw_signal`: This function is being removed to conform to Rust idioms. Please use `RwSignal::new()` instead.
  --> src/components/spectrogram_webgl.rs:39:26
   |
39 |     let last_mouse_pos = create_rw_signal::<(i32,i32)>( (0,0) );
   |                          ^^^^^^^^^^^^^^^^

warning: use of deprecated function `leptos::prelude::create_rw_signal`: This function is being removed to conform to Rust idioms. Please use `RwSignal::new()` instead.
  --> src/components/spectrogram_webgl.rs:40:21
   |
40 |     let drag_mode = create_rw_signal(0); // 0=rotate, 1=pan
   |                     ^^^^^^^^^^^^^^^^

warning: use of deprecated function `leptos::prelude::create_effect`: This function is being removed to conform to Rust idioms. Please use `Effect::new()` instead.
  --> src/components/spectrogram_webgl.rs:43:5
   |
43 |     create_effect(move |_| {
   |     ^^^^^^^^^^^^^

warning: use of deprecated function `leptos::prelude::create_effect`: This function is being removed to conform to Rust idioms. Please use `Effect::new()` instead.
  --> src/components/spectrogram_webgl.rs:67:5
   |
67 |     create_effect(move |_| {
   |     ^^^^^^^^^^^^^

warning: use of deprecated function `leptos::prelude::create_effect`: This function is being removed to conform to Rust idioms. Please use `Effect::new()` instead.
   --> src/components/spectrogram_webgl.rs:267:5
    |
267 |     create_effect(move |_| {
    |     ^^^^^^^^^^^^^

warning: `batchi` (lib) generated 10 warnings (run `cargo fix --lib -p batchi` to apply 1 suggestion)
    Finished `dev` profile [unoptimized + debuginfo] target(s) in 0.17s
2026-02-19T23:38:22.155379Z  INFO fetching cargo artifacts
2026-02-19T23:38:22.798144Z  INFO calling wasm-bindgen for batchi
2026-02-19T23:38:25.224690Z  INFO rust build complete
2026-02-19T23:38:25.227249Z  INFO applying new distribution
2026-02-19T23:38:25.230511Z  INFO ✅ success
2026-02-19T23:38:25.230549Z  INFO 📦 starting build
2026-02-19T23:38:25.230827Z  INFO spawning asset pipelines
2026-02-19T23:38:25.470827Z  INFO copying & hashing css path="style.css"
2026-02-19T23:38:25.470926Z  INFO building batchi
2026-02-19T23:38:25.471286Z  INFO finished copying & hashing css path="style.css"
warning: unused import: `HtmlCanvasElement`
 --> src/components/spectrogram_webgl.rs:6:15
  |
6 | use web_sys::{HtmlCanvasElement, WebGl2RenderingContext};
  |               ^^^^^^^^^^^^^^^^^
  |
  = note: `#[warn(unused_imports)]` (part of `#[warn(unused)]`) on by default

warning: use of deprecated function `leptos::prelude::store_value`: This function is being removed to conform to Rust idioms. Please use `StoredValue::new()` or `StoredValue::new_local()` instead.
  --> src/components/spectrogram_webgl.rs:33:20
   |
33 |     let renderer = store_value(None::<SendWrapper<Waterfall3D>>);
   |                    ^^^^^^^^^^^
   |
   = note: `#[warn(deprecated)]` on by default

warning: use of deprecated function `leptos::prelude::create_rw_signal`: This function is being removed to conform to Rust idioms. Please use `RwSignal::new()` instead.
  --> src/components/spectrogram_webgl.rs:34:26
   |
34 |     let renderer_ready = create_rw_signal(false);
   |                          ^^^^^^^^^^^^^^^^

warning: use of deprecated function `leptos::prelude::create_rw_signal`: This function is being removed to conform to Rust idioms. Please use `RwSignal::new()` instead.
  --> src/components/spectrogram_webgl.rs:35:21
   |
35 |     let last_dims = create_rw_signal::<(i32,i32)>( (0,0) );
   |                     ^^^^^^^^^^^^^^^^

warning: use of deprecated function `leptos::prelude::create_rw_signal`: This function is being removed to conform to Rust idioms. Please use `RwSignal::new()` instead.
  --> src/components/spectrogram_webgl.rs:38:23
   |
38 |     let is_dragging = create_rw_signal(false);
   |                       ^^^^^^^^^^^^^^^^

warning: use of deprecated function `leptos::prelude::create_rw_signal`: This function is being removed to conform to Rust idioms. Please use `RwSignal::new()` instead.
  --> src/components/spectrogram_webgl.rs:39:26
   |
39 |     let last_mouse_pos = create_rw_signal::<(i32,i32)>( (0,0) );
   |                          ^^^^^^^^^^^^^^^^

warning: use of deprecated function `leptos::prelude::create_rw_signal`: This function is being removed to conform to Rust idioms. Please use `RwSignal::new()` instead.
  --> src/components/spectrogram_webgl.rs:40:21
   |
40 |     let drag_mode = create_rw_signal(0); // 0=rotate, 1=pan
   |                     ^^^^^^^^^^^^^^^^

warning: use of deprecated function `leptos::prelude::create_effect`: This function is being removed to conform to Rust idioms. Please use `Effect::new()` instead.
  --> src/components/spectrogram_webgl.rs:43:5
   |
43 |     create_effect(move |_| {
   |     ^^^^^^^^^^^^^

warning: use of deprecated function `leptos::prelude::create_effect`: This function is being removed to conform to Rust idioms. Please use `Effect::new()` instead.
  --> src/components/spectrogram_webgl.rs:67:5
   |
67 |     create_effect(move |_| {
   |     ^^^^^^^^^^^^^

warning: use of deprecated function `leptos::prelude::create_effect`: This function is being removed to conform to Rust idioms. Please use `Effect::new()` instead.
   --> src/components/spectrogram_webgl.rs:267:5
    |
267 |     create_effect(move |_| {
    |     ^^^^^^^^^^^^^

warning: `batchi` (lib) generated 10 warnings (run `cargo fix --lib -p batchi` to apply 1 suggestion)
    Finished `dev` profile [unoptimized + debuginfo] target(s) in 0.17s
2026-02-19T23:38:25.731809Z  INFO fetching cargo artifacts
2026-02-19T23:38:26.347919Z  INFO calling wasm-bindgen for batchi
2026-02-19T23:38:28.793424Z  INFO rust build complete
2026-02-19T23:38:28.795818Z  INFO applying new distribution
2026-02-19T23:38:28.798267Z  INFO ✅ success
2026-02-19T23:38:28.798306Z  INFO 📦 starting build
2026-02-19T23:38:28.798595Z  INFO spawning asset pipelines
2026-02-19T23:38:29.041493Z  INFO copying & hashing css path="style.css"
2026-02-19T23:38:29.041565Z  INFO building batchi
2026-02-19T23:38:29.041867Z  INFO finished copying & hashing css path="style.css"
warning: unused import: `HtmlCanvasElement`
 --> src/components/spectrogram_webgl.rs:6:15
  |
6 | use web_sys::{HtmlCanvasElement, WebGl2RenderingContext};
  |               ^^^^^^^^^^^^^^^^^
  |
  = note: `#[warn(unused_imports)]` (part of `#[warn(unused)]`) on by default

warning: use of deprecated function `leptos::prelude::store_value`: This function is being removed to conform to Rust idioms. Please use `StoredValue::new()` or `StoredValue::new_local()` instead.
  --> src/components/spectrogram_webgl.rs:33:20
   |
33 |     let renderer = store_value(None::<SendWrapper<Waterfall3D>>);
   |                    ^^^^^^^^^^^
   |
   = note: `#[warn(deprecated)]` on by default

warning: use of deprecated function `leptos::prelude::create_rw_signal`: This function is being removed to conform to Rust idioms. Please use `RwSignal::new()` instead.
  --> src/components/spectrogram_webgl.rs:34:26
   |
34 |     let renderer_ready = create_rw_signal(false);
   |                          ^^^^^^^^^^^^^^^^

warning: use of deprecated function `leptos::prelude::create_rw_signal`: This function is being removed to conform to Rust idioms. Please use `RwSignal::new()` instead.
  --> src/components/spectrogram_webgl.rs:35:21
   |
35 |     let last_dims = create_rw_signal::<(i32,i32)>( (0,0) );
   |                     ^^^^^^^^^^^^^^^^

warning: use of deprecated function `leptos::prelude::create_rw_signal`: This function is being removed to conform to Rust idioms. Please use `RwSignal::new()` instead.
  --> src/components/spectrogram_webgl.rs:38:23
   |
38 |     let is_dragging = create_rw_signal(false);
   |                       ^^^^^^^^^^^^^^^^

warning: use of deprecated function `leptos::prelude::create_rw_signal`: This function is being removed to conform to Rust idioms. Please use `RwSignal::new()` instead.
  --> src/components/spectrogram_webgl.rs:39:26
   |
39 |     let last_mouse_pos = create_rw_signal::<(i32,i32)>( (0,0) );
   |                          ^^^^^^^^^^^^^^^^

warning: use of deprecated function `leptos::prelude::create_rw_signal`: This function is being removed to conform to Rust idioms. Please use `RwSignal::new()` instead.
  --> src/components/spectrogram_webgl.rs:40:21
   |
40 |     let drag_mode = create_rw_signal(0); // 0=rotate, 1=pan
   |                     ^^^^^^^^^^^^^^^^

warning: use of deprecated function `leptos::prelude::create_effect`: This function is being removed to conform to Rust idioms. Please use `Effect::new()` instead.
  --> src/components/spectrogram_webgl.rs:43:5
   |
43 |     create_effect(move |_| {
   |     ^^^^^^^^^^^^^

warning: use of deprecated function `leptos::prelude::create_effect`: This function is being removed to conform to Rust idioms. Please use `Effect::new()` instead.
  --> src/components/spectrogram_webgl.rs:67:5
   |
67 |     create_effect(move |_| {
   |     ^^^^^^^^^^^^^

warning: use of deprecated function `leptos::prelude::create_effect`: This function is being removed to conform to Rust idioms. Please use `Effect::new()` instead.
   --> src/components/spectrogram_webgl.rs:267:5
    |
267 |     create_effect(move |_| {
    |     ^^^^^^^^^^^^^

warning: `batchi` (lib) generated 10 warnings (run `cargo fix --lib -p batchi` to apply 1 suggestion)
    Finished `dev` profile [unoptimized + debuginfo] target(s) in 0.17s
2026-02-19T23:38:29.300048Z  INFO fetching cargo artifacts
2026-02-19T23:38:29.919114Z  INFO calling wasm-bindgen for batchi
2026-02-19T23:38:32.350019Z  INFO rust build complete
2026-02-19T23:38:32.352347Z  INFO applying new distribution
2026-02-19T23:38:32.354580Z  INFO ✅ success
2026-02-19T23:38:32.354611Z  INFO 📦 starting build
2026-02-19T23:38:32.354859Z  INFO spawning asset pipelines
2026-02-19T23:38:32.594498Z  INFO copying & hashing css path="style.css"
2026-02-19T23:38:32.594604Z  INFO building batchi
2026-02-19T23:38:32.594903Z  INFO finished copying & hashing css path="style.css"
warning: unused import: `HtmlCanvasElement`
 --> src/components/spectrogram_webgl.rs:6:15
  |
6 | use web_sys::{HtmlCanvasElement, WebGl2RenderingContext};
  |               ^^^^^^^^^^^^^^^^^
  |
  = note: `#[warn(unused_imports)]` (part of `#[warn(unused)]`) on by default

warning: use of deprecated function `leptos::prelude::store_value`: This function is being removed to conform to Rust idioms. Please use `StoredValue::new()` or `StoredValue::new_local()` instead.
  --> src/components/spectrogram_webgl.rs:33:20
   |
33 |     let renderer = store_value(None::<SendWrapper<Waterfall3D>>);
   |                    ^^^^^^^^^^^
   |
   = note: `#[warn(deprecated)]` on by default

warning: use of deprecated function `leptos::prelude::create_rw_signal`: This function is being removed to conform to Rust idioms. Please use `RwSignal::new()` instead.
  --> src/components/spectrogram_webgl.rs:34:26
   |
34 |     let renderer_ready = create_rw_signal(false);
   |                          ^^^^^^^^^^^^^^^^

warning: use of deprecated function `leptos::prelude::create_rw_signal`: This function is being removed to conform to Rust idioms. Please use `RwSignal::new()` instead.
  --> src/components/spectrogram_webgl.rs:35:21
   |
35 |     let last_dims = create_rw_signal::<(i32,i32)>( (0,0) );
   |                     ^^^^^^^^^^^^^^^^

warning: use of deprecated function `leptos::prelude::create_rw_signal`: This function is being removed to conform to Rust idioms. Please use `RwSignal::new()` instead.
  --> src/components/spectrogram_webgl.rs:38:23
   |
38 |     let is_dragging = create_rw_signal(false);
   |                       ^^^^^^^^^^^^^^^^

warning: use of deprecated function `leptos::prelude::create_rw_signal`: This function is being removed to conform to Rust idioms. Please use `RwSignal::new()` instead.
  --> src/components/spectrogram_webgl.rs:39:26
   |
39 |     let last_mouse_pos = create_rw_signal::<(i32,i32)>( (0,0) );
   |                          ^^^^^^^^^^^^^^^^

warning: use of deprecated function `leptos::prelude::create_rw_signal`: This function is being removed to conform to Rust idioms. Please use `RwSignal::new()` instead.
  --> src/components/spectrogram_webgl.rs:40:21
   |
40 |     let drag_mode = create_rw_signal(0); // 0=rotate, 1=pan
   |                     ^^^^^^^^^^^^^^^^

warning: use of deprecated function `leptos::prelude::create_effect`: This function is being removed to conform to Rust idioms. Please use `Effect::new()` instead.
  --> src/components/spectrogram_webgl.rs:43:5
   |
43 |     create_effect(move |_| {
   |     ^^^^^^^^^^^^^

warning: use of deprecated function `leptos::prelude::create_effect`: This function is being removed to conform to Rust idioms. Please use `Effect::new()` instead.
  --> src/components/spectrogram_webgl.rs:67:5
   |
67 |     create_effect(move |_| {
   |     ^^^^^^^^^^^^^

warning: use of deprecated function `leptos::prelude::create_effect`: This function is being removed to conform to Rust idioms. Please use `Effect::new()` instead.
   --> src/components/spectrogram_webgl.rs:267:5
    |
267 |     create_effect(move |_| {
    |     ^^^^^^^^^^^^^

warning: `batchi` (lib) generated 10 warnings (run `cargo fix --lib -p batchi` to apply 1 suggestion)
    Finished `dev` profile [unoptimized + debuginfo] target(s) in 0.16s
2026-02-19T23:38:32.848541Z  INFO fetching cargo artifacts
2026-02-19T23:38:33.458873Z  INFO calling wasm-bindgen for batchi
2026-02-19T23:38:35.868812Z  INFO rust build complete
2026-02-19T23:38:35.871330Z  INFO applying new distribution
2026-02-19T23:38:35.873696Z  INFO ✅ success
2026-02-19T23:38:35.873725Z  INFO 📦 starting build
2026-02-19T23:38:35.874021Z  INFO spawning asset pipelines
2026-02-19T23:38:36.114377Z  INFO copying & hashing css path="style.css"
2026-02-19T23:38:36.114421Z  INFO building batchi
2026-02-19T23:38:36.114844Z  INFO finished copying & hashing css path="style.css"
warning: unused import: `HtmlCanvasElement`
 --> src/components/spectrogram_webgl.rs:6:15
  |
6 | use web_sys::{HtmlCanvasElement, WebGl2RenderingContext};
  |               ^^^^^^^^^^^^^^^^^
  |
  = note: `#[warn(unused_imports)]` (part of `#[warn(unused)]`) on by default

warning: use of deprecated function `leptos::prelude::store_value`: This function is being removed to conform to Rust idioms. Please use `StoredValue::new()` or `StoredValue::new_local()` instead.
  --> src/components/spectrogram_webgl.rs:33:20
   |
33 |     let renderer = store_value(None::<SendWrapper<Waterfall3D>>);
   |                    ^^^^^^^^^^^
   |
   = note: `#[warn(deprecated)]` on by default

warning: use of deprecated function `leptos::prelude::create_rw_signal`: This function is being removed to conform to Rust idioms. Please use `RwSignal::new()` instead.
  --> src/components/spectrogram_webgl.rs:34:26
   |
34 |     let renderer_ready = create_rw_signal(false);
   |                          ^^^^^^^^^^^^^^^^

warning: use of deprecated function `leptos::prelude::create_rw_signal`: This function is being removed to conform to Rust idioms. Please use `RwSignal::new()` instead.
  --> src/components/spectrogram_webgl.rs:35:21
   |
35 |     let last_dims = create_rw_signal::<(i32,i32)>( (0,0) );
   |                     ^^^^^^^^^^^^^^^^

warning: use of deprecated function `leptos::prelude::create_rw_signal`: This function is being removed to conform to Rust idioms. Please use `RwSignal::new()` instead.
  --> src/components/spectrogram_webgl.rs:38:23
   |
38 |     let is_dragging = create_rw_signal(false);
   |                       ^^^^^^^^^^^^^^^^

warning: use of deprecated function `leptos::prelude::create_rw_signal`: This function is being removed to conform to Rust idioms. Please use `RwSignal::new()` instead.
  --> src/components/spectrogram_webgl.rs:39:26
   |
39 |     let last_mouse_pos = create_rw_signal::<(i32,i32)>( (0,0) );
   |                          ^^^^^^^^^^^^^^^^

warning: use of deprecated function `leptos::prelude::create_rw_signal`: This function is being removed to conform to Rust idioms. Please use `RwSignal::new()` instead.
  --> src/components/spectrogram_webgl.rs:40:21
   |
40 |     let drag_mode = create_rw_signal(0); // 0=rotate, 1=pan
   |                     ^^^^^^^^^^^^^^^^

warning: use of deprecated function `leptos::prelude::create_effect`: This function is being removed to conform to Rust idioms. Please use `Effect::new()` instead.
  --> src/components/spectrogram_webgl.rs:43:5
   |
43 |     create_effect(move |_| {
   |     ^^^^^^^^^^^^^

warning: use of deprecated function `leptos::prelude::create_effect`: This function is being removed to conform to Rust idioms. Please use `Effect::new()` instead.
  --> src/components/spectrogram_webgl.rs:67:5
   |
67 |     create_effect(move |_| {
   |     ^^^^^^^^^^^^^

warning: use of deprecated function `leptos::prelude::create_effect`: This function is being removed to conform to Rust idioms. Please use `Effect::new()` instead.
   --> src/components/spectrogram_webgl.rs:267:5
    |
267 |     create_effect(move |_| {
    |     ^^^^^^^^^^^^^

warning: `batchi` (lib) generated 10 warnings (run `cargo fix --lib -p batchi` to apply 1 suggestion)
    Finished `dev` profile [unoptimized + debuginfo] target(s) in 0.17s
2026-02-19T23:38:36.376549Z  INFO fetching cargo artifacts
2026-02-19T23:38:36.987875Z  INFO calling wasm-bindgen for batchi
2026-02-19T23:38:39.405553Z  INFO rust build complete
2026-02-19T23:38:39.407938Z  INFO applying new distribution
2026-02-19T23:38:39.410392Z  INFO ✅ success
2026-02-19T23:38:39.410432Z  INFO 📦 starting build
2026-02-19T23:38:39.410693Z  INFO spawning asset pipelines
2026-02-19T23:38:39.646395Z  INFO copying & hashing css path="style.css"
2026-02-19T23:38:39.646469Z  INFO building batchi
2026-02-19T23:38:39.646781Z  INFO finished copying & hashing css path="style.css"
warning: unused import: `HtmlCanvasElement`
 --> src/components/spectrogram_webgl.rs:6:15
  |
6 | use web_sys::{HtmlCanvasElement, WebGl2RenderingContext};
  |               ^^^^^^^^^^^^^^^^^
  |
  = note: `#[warn(unused_imports)]` (part of `#[warn(unused)]`) on by default

warning: use of deprecated function `leptos::prelude::store_value`: This function is being removed to conform to Rust idioms. Please use `StoredValue::new()` or `StoredValue::new_local()` instead.
  --> src/components/spectrogram_webgl.rs:33:20
   |
33 |     let renderer = store_value(None::<SendWrapper<Waterfall3D>>);
   |                    ^^^^^^^^^^^
   |
   = note: `#[warn(deprecated)]` on by default

warning: use of deprecated function `leptos::prelude::create_rw_signal`: This function is being removed to conform to Rust idioms. Please use `RwSignal::new()` instead.
  --> src/components/spectrogram_webgl.rs:34:26
   |
34 |     let renderer_ready = create_rw_signal(false);
   |                          ^^^^^^^^^^^^^^^^

warning: use of deprecated function `leptos::prelude::create_rw_signal`: This function is being removed to conform to Rust idioms. Please use `RwSignal::new()` instead.
  --> src/components/spectrogram_webgl.rs:35:21
   |
35 |     let last_dims = create_rw_signal::<(i32,i32)>( (0,0) );
   |                     ^^^^^^^^^^^^^^^^

warning: use of deprecated function `leptos::prelude::create_rw_signal`: This function is being removed to conform to Rust idioms. Please use `RwSignal::new()` instead.
  --> src/components/spectrogram_webgl.rs:38:23
   |
38 |     let is_dragging = create_rw_signal(false);
   |                       ^^^^^^^^^^^^^^^^

warning: use of deprecated function `leptos::prelude::create_rw_signal`: This function is being removed to conform to Rust idioms. Please use `RwSignal::new()` instead.
  --> src/components/spectrogram_webgl.rs:39:26
   |
39 |     let last_mouse_pos = create_rw_signal::<(i32,i32)>( (0,0) );
   |                          ^^^^^^^^^^^^^^^^

warning: use of deprecated function `leptos::prelude::create_rw_signal`: This function is being removed to conform to Rust idioms. Please use `RwSignal::new()` instead.
  --> src/components/spectrogram_webgl.rs:40:21
   |
40 |     let drag_mode = create_rw_signal(0); // 0=rotate, 1=pan
   |                     ^^^^^^^^^^^^^^^^

warning: use of deprecated function `leptos::prelude::create_effect`: This function is being removed to conform to Rust idioms. Please use `Effect::new()` instead.
  --> src/components/spectrogram_webgl.rs:43:5
   |
43 |     create_effect(move |_| {
   |     ^^^^^^^^^^^^^

warning: use of deprecated function `leptos::prelude::create_effect`: This function is being removed to conform to Rust idioms. Please use `Effect::new()` instead.
  --> src/components/spectrogram_webgl.rs:67:5
   |
67 |     create_effect(move |_| {
   |     ^^^^^^^^^^^^^

warning: use of deprecated function `leptos::prelude::create_effect`: This function is being removed to conform to Rust idioms. Please use `Effect::new()` instead.
   --> src/components/spectrogram_webgl.rs:267:5
    |
267 |     create_effect(move |_| {
    |     ^^^^^^^^^^^^^

warning: `batchi` (lib) generated 10 warnings (run `cargo fix --lib -p batchi` to apply 1 suggestion)
    Finished `dev` profile [unoptimized + debuginfo] target(s) in 0.17s
2026-02-19T23:38:39.903317Z  INFO fetching cargo artifacts
2026-02-19T23:38:40.517769Z  INFO calling wasm-bindgen for batchi
2026-02-19T23:38:42.897567Z  INFO rust build complete
2026-02-19T23:38:42.899934Z  INFO applying new distribution
2026-02-19T23:38:42.903117Z  INFO ✅ success
2026-02-19T23:38:42.903151Z  INFO 📦 starting build
2026-02-19T23:38:42.903410Z  INFO spawning asset pipelines
2026-02-19T23:38:43.141928Z  INFO copying & hashing css path="style.css"
2026-02-19T23:38:43.141974Z  INFO building batchi
2026-02-19T23:38:43.142373Z  INFO finished copying & hashing css path="style.css"
warning: unused import: `HtmlCanvasElement`
 --> src/components/spectrogram_webgl.rs:6:15
  |
6 | use web_sys::{HtmlCanvasElement, WebGl2RenderingContext};
  |               ^^^^^^^^^^^^^^^^^
  |
  = note: `#[warn(unused_imports)]` (part of `#[warn(unused)]`) on by default

warning: use of deprecated function `leptos::prelude::store_value`: This function is being removed to conform to Rust idioms. Please use `StoredValue::new()` or `StoredValue::new_local()` instead.
  --> src/components/spectrogram_webgl.rs:33:20
   |
33 |     let renderer = store_value(None::<SendWrapper<Waterfall3D>>);
   |                    ^^^^^^^^^^^
   |
   = note: `#[warn(deprecated)]` on by default

warning: use of deprecated function `leptos::prelude::create_rw_signal`: This function is being removed to conform to Rust idioms. Please use `RwSignal::new()` instead.
  --> src/components/spectrogram_webgl.rs:34:26
   |
34 |     let renderer_ready = create_rw_signal(false);
   |                          ^^^^^^^^^^^^^^^^

warning: use of deprecated function `leptos::prelude::create_rw_signal`: This function is being removed to conform to Rust idioms. Please use `RwSignal::new()` instead.
  --> src/components/spectrogram_webgl.rs:35:21
   |
35 |     let last_dims = create_rw_signal::<(i32,i32)>( (0,0) );
   |                     ^^^^^^^^^^^^^^^^

warning: use of deprecated function `leptos::prelude::create_rw_signal`: This function is being removed to conform to Rust idioms. Please use `RwSignal::new()` instead.
  --> src/components/spectrogram_webgl.rs:38:23
   |
38 |     let is_dragging = create_rw_signal(false);
   |                       ^^^^^^^^^^^^^^^^

warning: use of deprecated function `leptos::prelude::create_rw_signal`: This function is being removed to conform to Rust idioms. Please use `RwSignal::new()` instead.
  --> src/components/spectrogram_webgl.rs:39:26
   |
39 |     let last_mouse_pos = create_rw_signal::<(i32,i32)>( (0,0) );
   |                          ^^^^^^^^^^^^^^^^

warning: use of deprecated function `leptos::prelude::create_rw_signal`: This function is being removed to conform to Rust idioms. Please use `RwSignal::new()` instead.
  --> src/components/spectrogram_webgl.rs:40:21
   |
40 |     let drag_mode = create_rw_signal(0); // 0=rotate, 1=pan
   |                     ^^^^^^^^^^^^^^^^

warning: use of deprecated function `leptos::prelude::create_effect`: This function is being removed to conform to Rust idioms. Please use `Effect::new()` instead.
  --> src/components/spectrogram_webgl.rs:43:5
   |
43 |     create_effect(move |_| {
   |     ^^^^^^^^^^^^^

warning: use of deprecated function `leptos::prelude::create_effect`: This function is being removed to conform to Rust idioms. Please use `Effect::new()` instead.
  --> src/components/spectrogram_webgl.rs:67:5
   |
67 |     create_effect(move |_| {
   |     ^^^^^^^^^^^^^

warning: use of deprecated function `leptos::prelude::create_effect`: This function is being removed to conform to Rust idioms. Please use `Effect::new()` instead.
   --> src/components/spectrogram_webgl.rs:267:5
    |
267 |     create_effect(move |_| {
    |     ^^^^^^^^^^^^^

warning: `batchi` (lib) generated 10 warnings (run `cargo fix --lib -p batchi` to apply 1 suggestion)
    Finished `dev` profile [unoptimized + debuginfo] target(s) in 0.16s
2026-02-19T23:38:43.396111Z  INFO fetching cargo artifacts
2026-02-19T23:38:44.013815Z  INFO calling wasm-bindgen for batchi
2026-02-19T23:38:46.401386Z  INFO rust build complete
2026-02-19T23:38:46.403678Z  INFO applying new distribution
2026-02-19T23:38:46.406586Z  INFO ✅ success
2026-02-19T23:38:46.406621Z  INFO 📦 starting build
2026-02-19T23:38:46.406925Z  INFO spawning asset pipelines
2026-02-19T23:38:46.645050Z  INFO copying & hashing css path="style.css"
2026-02-19T23:38:46.645059Z  INFO building batchi
2026-02-19T23:38:46.645511Z  INFO finished copying & hashing css path="style.css"
warning: unused import: `HtmlCanvasElement`
 --> src/components/spectrogram_webgl.rs:6:15
  |
6 | use web_sys::{HtmlCanvasElement, WebGl2RenderingContext};
  |               ^^^^^^^^^^^^^^^^^
  |
  = note: `#[warn(unused_imports)]` (part of `#[warn(unused)]`) on by default

warning: use of deprecated function `leptos::prelude::store_value`: This function is being removed to conform to Rust idioms. Please use `StoredValue::new()` or `StoredValue::new_local()` instead.
  --> src/components/spectrogram_webgl.rs:33:20
   |
33 |     let renderer = store_value(None::<SendWrapper<Waterfall3D>>);
   |                    ^^^^^^^^^^^
   |
   = note: `#[warn(deprecated)]` on by default

warning: use of deprecated function `leptos::prelude::create_rw_signal`: This function is being removed to conform to Rust idioms. Please use `RwSignal::new()` instead.
  --> src/components/spectrogram_webgl.rs:34:26
   |
34 |     let renderer_ready = create_rw_signal(false);
   |                          ^^^^^^^^^^^^^^^^

warning: use of deprecated function `leptos::prelude::create_rw_signal`: This function is being removed to conform to Rust idioms. Please use `RwSignal::new()` instead.
  --> src/components/spectrogram_webgl.rs:35:21
   |
35 |     let last_dims = create_rw_signal::<(i32,i32)>( (0,0) );
   |                     ^^^^^^^^^^^^^^^^

warning: use of deprecated function `leptos::prelude::create_rw_signal`: This function is being removed to conform to Rust idioms. Please use `RwSignal::new()` instead.
  --> src/components/spectrogram_webgl.rs:38:23
   |
38 |     let is_dragging = create_rw_signal(false);
   |                       ^^^^^^^^^^^^^^^^

warning: use of deprecated function `leptos::prelude::create_rw_signal`: This function is being removed to conform to Rust idioms. Please use `RwSignal::new()` instead.
  --> src/components/spectrogram_webgl.rs:39:26
   |
39 |     let last_mouse_pos = create_rw_signal::<(i32,i32)>( (0,0) );
   |                          ^^^^^^^^^^^^^^^^

warning: use of deprecated function `leptos::prelude::create_rw_signal`: This function is being removed to conform to Rust idioms. Please use `RwSignal::new()` instead.
  --> src/components/spectrogram_webgl.rs:40:21
   |
40 |     let drag_mode = create_rw_signal(0); // 0=rotate, 1=pan
   |                     ^^^^^^^^^^^^^^^^

warning: use of deprecated function `leptos::prelude::create_effect`: This function is being removed to conform to Rust idioms. Please use `Effect::new()` instead.
  --> src/components/spectrogram_webgl.rs:43:5
   |
43 |     create_effect(move |_| {
   |     ^^^^^^^^^^^^^

warning: use of deprecated function `leptos::prelude::create_effect`: This function is being removed to conform to Rust idioms. Please use `Effect::new()` instead.
  --> src/components/spectrogram_webgl.rs:67:5
   |
67 |     create_effect(move |_| {
   |     ^^^^^^^^^^^^^

warning: use of deprecated function `leptos::prelude::create_effect`: This function is being removed to conform to Rust idioms. Please use `Effect::new()` instead.
   --> src/components/spectrogram_webgl.rs:267:5
    |
267 |     create_effect(move |_| {
    |     ^^^^^^^^^^^^^

warning: `batchi` (lib) generated 10 warnings (run `cargo fix --lib -p batchi` to apply 1 suggestion)
    Finished `dev` profile [unoptimized + debuginfo] target(s) in 0.16s
2026-02-19T23:38:46.897812Z  INFO fetching cargo artifacts
2026-02-19T23:38:47.505538Z  INFO calling wasm-bindgen for batchi
2026-02-19T23:38:49.926608Z  INFO rust build complete
2026-02-19T23:38:49.929041Z  INFO applying new distribution
2026-02-19T23:38:49.931813Z  INFO ✅ success
2026-02-19T23:38:49.931851Z  INFO 📦 starting build
2026-02-19T23:38:49.932123Z  INFO spawning asset pipelines
2026-02-19T23:38:50.169965Z  INFO copying & hashing css path="style.css"
2026-02-19T23:38:50.170012Z  INFO building batchi
2026-02-19T23:38:50.170586Z  INFO finished copying & hashing css path="style.css"
warning: unused import: `HtmlCanvasElement`
 --> src/components/spectrogram_webgl.rs:6:15
  |
6 | use web_sys::{HtmlCanvasElement, WebGl2RenderingContext};
  |               ^^^^^^^^^^^^^^^^^
  |
  = note: `#[warn(unused_imports)]` (part of `#[warn(unused)]`) on by default

warning: use of deprecated function `leptos::prelude::store_value`: This function is being removed to conform to Rust idioms. Please use `StoredValue::new()` or `StoredValue::new_local()` instead.
  --> src/components/spectrogram_webgl.rs:33:20
   |
33 |     let renderer = store_value(None::<SendWrapper<Waterfall3D>>);
   |                    ^^^^^^^^^^^
   |
   = note: `#[warn(deprecated)]` on by default

warning: use of deprecated function `leptos::prelude::create_rw_signal`: This function is being removed to conform to Rust idioms. Please use `RwSignal::new()` instead.
  --> src/components/spectrogram_webgl.rs:34:26
   |
34 |     let renderer_ready = create_rw_signal(false);
   |                          ^^^^^^^^^^^^^^^^

warning: use of deprecated function `leptos::prelude::create_rw_signal`: This function is being removed to conform to Rust idioms. Please use `RwSignal::new()` instead.
  --> src/components/spectrogram_webgl.rs:35:21
   |
35 |     let last_dims = create_rw_signal::<(i32,i32)>( (0,0) );
   |                     ^^^^^^^^^^^^^^^^

warning: use of deprecated function `leptos::prelude::create_rw_signal`: This function is being removed to conform to Rust idioms. Please use `RwSignal::new()` instead.
  --> src/components/spectrogram_webgl.rs:38:23
   |
38 |     let is_dragging = create_rw_signal(false);
   |                       ^^^^^^^^^^^^^^^^

warning: use of deprecated function `leptos::prelude::create_rw_signal`: This function is being removed to conform to Rust idioms. Please use `RwSignal::new()` instead.
  --> src/components/spectrogram_webgl.rs:39:26
   |
39 |     let last_mouse_pos = create_rw_signal::<(i32,i32)>( (0,0) );
   |                          ^^^^^^^^^^^^^^^^

warning: use of deprecated function `leptos::prelude::create_rw_signal`: This function is being removed to conform to Rust idioms. Please use `RwSignal::new()` instead.
  --> src/components/spectrogram_webgl.rs:40:21
   |
40 |     let drag_mode = create_rw_signal(0); // 0=rotate, 1=pan
   |                     ^^^^^^^^^^^^^^^^

warning: use of deprecated function `leptos::prelude::create_effect`: This function is being removed to conform to Rust idioms. Please use `Effect::new()` instead.
  --> src/components/spectrogram_webgl.rs:43:5
   |
43 |     create_effect(move |_| {
   |     ^^^^^^^^^^^^^

warning: use of deprecated function `leptos::prelude::create_effect`: This function is being removed to conform to Rust idioms. Please use `Effect::new()` instead.
  --> src/components/spectrogram_webgl.rs:67:5
   |
67 |     create_effect(move |_| {
   |     ^^^^^^^^^^^^^

warning: use of deprecated function `leptos::prelude::create_effect`: This function is being removed to conform to Rust idioms. Please use `Effect::new()` instead.
   --> src/components/spectrogram_webgl.rs:267:5
    |
267 |     create_effect(move |_| {
    |     ^^^^^^^^^^^^^

warning: `batchi` (lib) generated 10 warnings (run `cargo fix --lib -p batchi` to apply 1 suggestion)
    Finished `dev` profile [unoptimized + debuginfo] target(s) in 0.17s
2026-02-19T23:38:50.424489Z  INFO fetching cargo artifacts
2026-02-19T23:38:51.046652Z  INFO calling wasm-bindgen for batchi
2026-02-19T23:38:53.449573Z  INFO rust build complete
2026-02-19T23:38:53.452131Z  INFO applying new distribution
2026-02-19T23:38:53.455022Z  INFO ✅ success
2026-02-19T23:38:53.455061Z  INFO 📦 starting build
2026-02-19T23:38:53.455370Z  INFO spawning asset pipelines
2026-02-19T23:38:53.701192Z  INFO copying & hashing css path="style.css"
2026-02-19T23:38:53.701241Z  INFO building batchi
2026-02-19T23:38:53.701667Z  INFO finished copying & hashing css path="style.css"
warning: unused import: `HtmlCanvasElement`
 --> src/components/spectrogram_webgl.rs:6:15
  |
6 | use web_sys::{HtmlCanvasElement, WebGl2RenderingContext};
  |               ^^^^^^^^^^^^^^^^^
  |
  = note: `#[warn(unused_imports)]` (part of `#[warn(unused)]`) on by default

warning: use of deprecated function `leptos::prelude::store_value`: This function is being removed to conform to Rust idioms. Please use `StoredValue::new()` or `StoredValue::new_local()` instead.
  --> src/components/spectrogram_webgl.rs:33:20
   |
33 |     let renderer = store_value(None::<SendWrapper<Waterfall3D>>);
   |                    ^^^^^^^^^^^
   |
   = note: `#[warn(deprecated)]` on by default

warning: use of deprecated function `leptos::prelude::create_rw_signal`: This function is being removed to conform to Rust idioms. Please use `RwSignal::new()` instead.
  --> src/components/spectrogram_webgl.rs:34:26
   |
34 |     let renderer_ready = create_rw_signal(false);
   |                          ^^^^^^^^^^^^^^^^

warning: use of deprecated function `leptos::prelude::create_rw_signal`: This function is being removed to conform to Rust idioms. Please use `RwSignal::new()` instead.
  --> src/components/spectrogram_webgl.rs:35:21
   |
35 |     let last_dims = create_rw_signal::<(i32,i32)>( (0,0) );
   |                     ^^^^^^^^^^^^^^^^

warning: use of deprecated function `leptos::prelude::create_rw_signal`: This function is being removed to conform to Rust idioms. Please use `RwSignal::new()` instead.
  --> src/components/spectrogram_webgl.rs:38:23
   |
38 |     let is_dragging = create_rw_signal(false);
   |                       ^^^^^^^^^^^^^^^^

warning: use of deprecated function `leptos::prelude::create_rw_signal`: This function is being removed to conform to Rust idioms. Please use `RwSignal::new()` instead.
  --> src/components/spectrogram_webgl.rs:39:26
   |
39 |     let last_mouse_pos = create_rw_signal::<(i32,i32)>( (0,0) );
   |                          ^^^^^^^^^^^^^^^^

warning: use of deprecated function `leptos::prelude::create_rw_signal`: This function is being removed to conform to Rust idioms. Please use `RwSignal::new()` instead.
  --> src/components/spectrogram_webgl.rs:40:21
   |
40 |     let drag_mode = create_rw_signal(0); // 0=rotate, 1=pan
   |                     ^^^^^^^^^^^^^^^^

warning: use of deprecated function `leptos::prelude::create_effect`: This function is being removed to conform to Rust idioms. Please use `Effect::new()` instead.
  --> src/components/spectrogram_webgl.rs:43:5
   |
43 |     create_effect(move |_| {
   |     ^^^^^^^^^^^^^

warning: use of deprecated function `leptos::prelude::create_effect`: This function is being removed to conform to Rust idioms. Please use `Effect::new()` instead.
  --> src/components/spectrogram_webgl.rs:67:5
   |
67 |     create_effect(move |_| {
   |     ^^^^^^^^^^^^^

warning: use of deprecated function `leptos::prelude::create_effect`: This function is being removed to conform to Rust idioms. Please use `Effect::new()` instead.
   --> src/components/spectrogram_webgl.rs:267:5
    |
267 |     create_effect(move |_| {
    |     ^^^^^^^^^^^^^

warning: `batchi` (lib) generated 10 warnings (run `cargo fix --lib -p batchi` to apply 1 suggestion)
    Finished `dev` profile [unoptimized + debuginfo] target(s) in 0.17s
2026-02-19T23:38:53.961783Z  INFO fetching cargo artifacts
2026-02-19T23:38:54.583037Z  INFO calling wasm-bindgen for batchi
2026-02-19T23:38:57.006520Z  INFO rust build complete
2026-02-19T23:38:57.008858Z  INFO applying new distribution
2026-02-19T23:38:57.011218Z  INFO ✅ success
2026-02-19T23:38:57.011256Z  INFO 📦 starting build
2026-02-19T23:38:57.011529Z  INFO spawning asset pipelines
2026-02-19T23:38:57.252180Z  INFO copying & hashing css path="style.css"
2026-02-19T23:38:57.252234Z  INFO building batchi
2026-02-19T23:38:57.252654Z  INFO finished copying & hashing css path="style.css"
warning: unused import: `HtmlCanvasElement`
 --> src/components/spectrogram_webgl.rs:6:15
  |
6 | use web_sys::{HtmlCanvasElement, WebGl2RenderingContext};
  |               ^^^^^^^^^^^^^^^^^
  |
  = note: `#[warn(unused_imports)]` (part of `#[warn(unused)]`) on by default

warning: use of deprecated function `leptos::prelude::store_value`: This function is being removed to conform to Rust idioms. Please use `StoredValue::new()` or `StoredValue::new_local()` instead.
  --> src/components/spectrogram_webgl.rs:33:20
   |
33 |     let renderer = store_value(None::<SendWrapper<Waterfall3D>>);
   |                    ^^^^^^^^^^^
   |
   = note: `#[warn(deprecated)]` on by default

warning: use of deprecated function `leptos::prelude::create_rw_signal`: This function is being removed to conform to Rust idioms. Please use `RwSignal::new()` instead.
  --> src/components/spectrogram_webgl.rs:34:26
   |
34 |     let renderer_ready = create_rw_signal(false);
   |                          ^^^^^^^^^^^^^^^^

warning: use of deprecated function `leptos::prelude::create_rw_signal`: This function is being removed to conform to Rust idioms. Please use `RwSignal::new()` instead.
  --> src/components/spectrogram_webgl.rs:35:21
   |
35 |     let last_dims = create_rw_signal::<(i32,i32)>( (0,0) );
   |                     ^^^^^^^^^^^^^^^^

warning: use of deprecated function `leptos::prelude::create_rw_signal`: This function is being removed to conform to Rust idioms. Please use `RwSignal::new()` instead.
  --> src/components/spectrogram_webgl.rs:38:23
   |
38 |     let is_dragging = create_rw_signal(false);
   |                       ^^^^^^^^^^^^^^^^

warning: use of deprecated function `leptos::prelude::create_rw_signal`: This function is being removed to conform to Rust idioms. Please use `RwSignal::new()` instead.
  --> src/components/spectrogram_webgl.rs:39:26
   |
39 |     let last_mouse_pos = create_rw_signal::<(i32,i32)>( (0,0) );
   |                          ^^^^^^^^^^^^^^^^

warning: use of deprecated function `leptos::prelude::create_rw_signal`: This function is being removed to conform to Rust idioms. Please use `RwSignal::new()` instead.
  --> src/components/spectrogram_webgl.rs:40:21
   |
40 |     let drag_mode = create_rw_signal(0); // 0=rotate, 1=pan
   |                     ^^^^^^^^^^^^^^^^

warning: use of deprecated function `leptos::prelude::create_effect`: This function is being removed to conform to Rust idioms. Please use `Effect::new()` instead.
  --> src/components/spectrogram_webgl.rs:43:5
   |
43 |     create_effect(move |_| {
   |     ^^^^^^^^^^^^^

warning: use of deprecated function `leptos::prelude::create_effect`: This function is being removed to conform to Rust idioms. Please use `Effect::new()` instead.
  --> src/components/spectrogram_webgl.rs:67:5
   |
67 |     create_effect(move |_| {
   |     ^^^^^^^^^^^^^

warning: use of deprecated function `leptos::prelude::create_effect`: This function is being removed to conform to Rust idioms. Please use `Effect::new()` instead.
   --> src/components/spectrogram_webgl.rs:267:5
    |
267 |     create_effect(move |_| {
    |     ^^^^^^^^^^^^^

warning: `batchi` (lib) generated 10 warnings (run `cargo fix --lib -p batchi` to apply 1 suggestion)
    Finished `dev` profile [unoptimized + debuginfo] target(s) in 0.17s
2026-02-19T23:38:57.509037Z  INFO fetching cargo artifacts
2026-02-19T23:38:58.126525Z  INFO calling wasm-bindgen for batchi
2026-02-19T23:39:00.557057Z  INFO rust build complete
2026-02-19T23:39:00.559399Z  INFO applying new distribution
2026-02-19T23:39:00.561975Z  INFO ✅ success
2026-02-19T23:39:00.562006Z  INFO 📦 starting build
2026-02-19T23:39:00.562338Z  INFO spawning asset pipelines
2026-02-19T23:39:00.801593Z  INFO copying & hashing css path="style.css"
2026-02-19T23:39:00.801664Z  INFO building batchi
2026-02-19T23:39:00.802074Z  INFO finished copying & hashing css path="style.css"
warning: unused import: `HtmlCanvasElement`
 --> src/components/spectrogram_webgl.rs:6:15
  |
6 | use web_sys::{HtmlCanvasElement, WebGl2RenderingContext};
  |               ^^^^^^^^^^^^^^^^^
  |
  = note: `#[warn(unused_imports)]` (part of `#[warn(unused)]`) on by default

warning: use of deprecated function `leptos::prelude::store_value`: This function is being removed to conform to Rust idioms. Please use `StoredValue::new()` or `StoredValue::new_local()` instead.
  --> src/components/spectrogram_webgl.rs:33:20
   |
33 |     let renderer = store_value(None::<SendWrapper<Waterfall3D>>);
   |                    ^^^^^^^^^^^
   |
   = note: `#[warn(deprecated)]` on by default

warning: use of deprecated function `leptos::prelude::create_rw_signal`: This function is being removed to conform to Rust idioms. Please use `RwSignal::new()` instead.
  --> src/components/spectrogram_webgl.rs:34:26
   |
34 |     let renderer_ready = create_rw_signal(false);
   |                          ^^^^^^^^^^^^^^^^

warning: use of deprecated function `leptos::prelude::create_rw_signal`: This function is being removed to conform to Rust idioms. Please use `RwSignal::new()` instead.
  --> src/components/spectrogram_webgl.rs:35:21
   |
35 |     let last_dims = create_rw_signal::<(i32,i32)>( (0,0) );
   |                     ^^^^^^^^^^^^^^^^

warning: use of deprecated function `leptos::prelude::create_rw_signal`: This function is being removed to conform to Rust idioms. Please use `RwSignal::new()` instead.
  --> src/components/spectrogram_webgl.rs:38:23
   |
38 |     let is_dragging = create_rw_signal(false);
   |                       ^^^^^^^^^^^^^^^^

warning: use of deprecated function `leptos::prelude::create_rw_signal`: This function is being removed to conform to Rust idioms. Please use `RwSignal::new()` instead.
  --> src/components/spectrogram_webgl.rs:39:26
   |
39 |     let last_mouse_pos = create_rw_signal::<(i32,i32)>( (0,0) );
   |                          ^^^^^^^^^^^^^^^^

warning: use of deprecated function `leptos::prelude::create_rw_signal`: This function is being removed to conform to Rust idioms. Please use `RwSignal::new()` instead.
  --> src/components/spectrogram_webgl.rs:40:21
   |
40 |     let drag_mode = create_rw_signal(0); // 0=rotate, 1=pan
   |                     ^^^^^^^^^^^^^^^^

warning: use of deprecated function `leptos::prelude::create_effect`: This function is being removed to conform to Rust idioms. Please use `Effect::new()` instead.
  --> src/components/spectrogram_webgl.rs:43:5
   |
43 |     create_effect(move |_| {
   |     ^^^^^^^^^^^^^

warning: use of deprecated function `leptos::prelude::create_effect`: This function is being removed to conform to Rust idioms. Please use `Effect::new()` instead.
  --> src/components/spectrogram_webgl.rs:67:5
   |
67 |     create_effect(move |_| {
   |     ^^^^^^^^^^^^^

warning: use of deprecated function `leptos::prelude::create_effect`: This function is being removed to conform to Rust idioms. Please use `Effect::new()` instead.
   --> src/components/spectrogram_webgl.rs:267:5
    |
267 |     create_effect(move |_| {
    |     ^^^^^^^^^^^^^

warning: `batchi` (lib) generated 10 warnings (run `cargo fix --lib -p batchi` to apply 1 suggestion)
    Finished `dev` profile [unoptimized + debuginfo] target(s) in 0.16s
2026-02-19T23:39:01.052396Z  INFO fetching cargo artifacts
2026-02-19T23:39:01.667965Z  INFO calling wasm-bindgen for batchi
2026-02-19T23:39:04.070747Z  INFO rust build complete
2026-02-19T23:39:04.073136Z  INFO applying new distribution
2026-02-19T23:39:04.075658Z  INFO ✅ success
2026-02-19T23:39:04.075699Z  INFO 📦 starting build
2026-02-19T23:39:04.075961Z  INFO spawning asset pipelines
2026-02-19T23:39:04.316533Z  INFO copying & hashing css path="style.css"
2026-02-19T23:39:04.316570Z  INFO building batchi
2026-02-19T23:39:04.317007Z  INFO finished copying & hashing css path="style.css"
warning: unused import: `HtmlCanvasElement`
 --> src/components/spectrogram_webgl.rs:6:15
  |
6 | use web_sys::{HtmlCanvasElement, WebGl2RenderingContext};
  |               ^^^^^^^^^^^^^^^^^
  |
  = note: `#[warn(unused_imports)]` (part of `#[warn(unused)]`) on by default

warning: use of deprecated function `leptos::prelude::store_value`: This function is being removed to conform to Rust idioms. Please use `StoredValue::new()` or `StoredValue::new_local()` instead.
  --> src/components/spectrogram_webgl.rs:33:20
   |
33 |     let renderer = store_value(None::<SendWrapper<Waterfall3D>>);
   |                    ^^^^^^^^^^^
   |
   = note: `#[warn(deprecated)]` on by default

warning: use of deprecated function `leptos::prelude::create_rw_signal`: This function is being removed to conform to Rust idioms. Please use `RwSignal::new()` instead.
  --> src/components/spectrogram_webgl.rs:34:26
   |
34 |     let renderer_ready = create_rw_signal(false);
   |                          ^^^^^^^^^^^^^^^^

warning: use of deprecated function `leptos::prelude::create_rw_signal`: This function is being removed to conform to Rust idioms. Please use `RwSignal::new()` instead.
  --> src/components/spectrogram_webgl.rs:35:21
   |
35 |     let last_dims = create_rw_signal::<(i32,i32)>( (0,0) );
   |                     ^^^^^^^^^^^^^^^^

warning: use of deprecated function `leptos::prelude::create_rw_signal`: This function is being removed to conform to Rust idioms. Please use `RwSignal::new()` instead.
  --> src/components/spectrogram_webgl.rs:38:23
   |
38 |     let is_dragging = create_rw_signal(false);
   |                       ^^^^^^^^^^^^^^^^

warning: use of deprecated function `leptos::prelude::create_rw_signal`: This function is being removed to conform to Rust idioms. Please use `RwSignal::new()` instead.
  --> src/components/spectrogram_webgl.rs:39:26
   |
39 |     let last_mouse_pos = create_rw_signal::<(i32,i32)>( (0,0) );
   |                          ^^^^^^^^^^^^^^^^

warning: use of deprecated function `leptos::prelude::create_rw_signal`: This function is being removed to conform to Rust idioms. Please use `RwSignal::new()` instead.
  --> src/components/spectrogram_webgl.rs:40:21
   |
40 |     let drag_mode = create_rw_signal(0); // 0=rotate, 1=pan
   |                     ^^^^^^^^^^^^^^^^

warning: use of deprecated function `leptos::prelude::create_effect`: This function is being removed to conform to Rust idioms. Please use `Effect::new()` instead.
  --> src/components/spectrogram_webgl.rs:43:5
   |
43 |     create_effect(move |_| {
   |     ^^^^^^^^^^^^^

warning: use of deprecated function `leptos::prelude::create_effect`: This function is being removed to conform to Rust idioms. Please use `Effect::new()` instead.
  --> src/components/spectrogram_webgl.rs:67:5
   |
67 |     create_effect(move |_| {
   |     ^^^^^^^^^^^^^

warning: use of deprecated function `leptos::prelude::create_effect`: This function is being removed to conform to Rust idioms. Please use `Effect::new()` instead.
   --> src/components/spectrogram_webgl.rs:267:5
    |
267 |     create_effect(move |_| {
    |     ^^^^^^^^^^^^^

warning: `batchi` (lib) generated 10 warnings (run `cargo fix --lib -p batchi` to apply 1 suggestion)
    Finished `dev` profile [unoptimized + debuginfo] target(s) in 0.17s
2026-02-19T23:39:04.571524Z  INFO fetching cargo artifacts
2026-02-19T23:39:05.185134Z  INFO calling wasm-bindgen for batchi
2026-02-19T23:39:07.670603Z  INFO rust build complete
2026-02-19T23:39:07.673020Z  INFO applying new distribution
2026-02-19T23:39:07.675342Z  INFO ✅ success
2026-02-19T23:39:07.675378Z  INFO 📦 starting build
2026-02-19T23:39:07.675673Z  INFO spawning asset pipelines
2026-02-19T23:39:07.915030Z  INFO copying & hashing css path="style.css"
2026-02-19T23:39:07.915073Z  INFO building batchi
2026-02-19T23:39:07.915471Z  INFO finished copying & hashing css path="style.css"
warning: unused import: `HtmlCanvasElement`
 --> src/components/spectrogram_webgl.rs:6:15
  |
6 | use web_sys::{HtmlCanvasElement, WebGl2RenderingContext};
  |               ^^^^^^^^^^^^^^^^^
  |
  = note: `#[warn(unused_imports)]` (part of `#[warn(unused)]`) on by default

warning: use of deprecated function `leptos::prelude::store_value`: This function is being removed to conform to Rust idioms. Please use `StoredValue::new()` or `StoredValue::new_local()` instead.
  --> src/components/spectrogram_webgl.rs:33:20
   |
33 |     let renderer = store_value(None::<SendWrapper<Waterfall3D>>);
   |                    ^^^^^^^^^^^
   |
   = note: `#[warn(deprecated)]` on by default

warning: use of deprecated function `leptos::prelude::create_rw_signal`: This function is being removed to conform to Rust idioms. Please use `RwSignal::new()` instead.
  --> src/components/spectrogram_webgl.rs:34:26
   |
34 |     let renderer_ready = create_rw_signal(false);
   |                          ^^^^^^^^^^^^^^^^

warning: use of deprecated function `leptos::prelude::create_rw_signal`: This function is being removed to conform to Rust idioms. Please use `RwSignal::new()` instead.
  --> src/components/spectrogram_webgl.rs:35:21
   |
35 |     let last_dims = create_rw_signal::<(i32,i32)>( (0,0) );
   |                     ^^^^^^^^^^^^^^^^

warning: use of deprecated function `leptos::prelude::create_rw_signal`: This function is being removed to conform to Rust idioms. Please use `RwSignal::new()` instead.
  --> src/components/spectrogram_webgl.rs:38:23
   |
38 |     let is_dragging = create_rw_signal(false);
   |                       ^^^^^^^^^^^^^^^^

warning: use of deprecated function `leptos::prelude::create_rw_signal`: This function is being removed to conform to Rust idioms. Please use `RwSignal::new()` instead.
  --> src/components/spectrogram_webgl.rs:39:26
   |
39 |     let last_mouse_pos = create_rw_signal::<(i32,i32)>( (0,0) );
   |                          ^^^^^^^^^^^^^^^^

warning: use of deprecated function `leptos::prelude::create_rw_signal`: This function is being removed to conform to Rust idioms. Please use `RwSignal::new()` instead.
  --> src/components/spectrogram_webgl.rs:40:21
   |
40 |     let drag_mode = create_rw_signal(0); // 0=rotate, 1=pan
   |                     ^^^^^^^^^^^^^^^^

warning: use of deprecated function `leptos::prelude::create_effect`: This function is being removed to conform to Rust idioms. Please use `Effect::new()` instead.
  --> src/components/spectrogram_webgl.rs:43:5
   |
43 |     create_effect(move |_| {
   |     ^^^^^^^^^^^^^

warning: use of deprecated function `leptos::prelude::create_effect`: This function is being removed to conform to Rust idioms. Please use `Effect::new()` instead.
  --> src/components/spectrogram_webgl.rs:67:5
   |
67 |     create_effect(move |_| {
   |     ^^^^^^^^^^^^^

warning: use of deprecated function `leptos::prelude::create_effect`: This function is being removed to conform to Rust idioms. Please use `Effect::new()` instead.
   --> src/components/spectrogram_webgl.rs:267:5
    |
267 |     create_effect(move |_| {
    |     ^^^^^^^^^^^^^

warning: `batchi` (lib) generated 10 warnings (run `cargo fix --lib -p batchi` to apply 1 suggestion)
    Finished `dev` profile [unoptimized + debuginfo] target(s) in 0.16s
2026-02-19T23:39:08.168562Z  INFO fetching cargo artifacts
2026-02-19T23:39:08.783621Z  INFO calling wasm-bindgen for batchi
2026-02-19T23:39:11.187132Z  INFO rust build complete
2026-02-19T23:39:11.189715Z  INFO applying new distribution
2026-02-19T23:39:11.191938Z  INFO ✅ success
2026-02-19T23:39:11.191996Z  INFO 📦 starting build
2026-02-19T23:39:11.192326Z  INFO spawning asset pipelines
2026-02-19T23:39:11.427796Z  INFO copying & hashing css path="style.css"
2026-02-19T23:39:11.427882Z  INFO building batchi
2026-02-19T23:39:11.428223Z  INFO finished copying & hashing css path="style.css"
   Compiling batchi v0.1.1 (/app)
warning: unused import: `HtmlCanvasElement`
 --> src/components/spectrogram_webgl.rs:6:15
  |
6 | use web_sys::{HtmlCanvasElement, WebGl2RenderingContext};
  |               ^^^^^^^^^^^^^^^^^
  |
  = note: `#[warn(unused_imports)]` (part of `#[warn(unused)]`) on by default

warning: use of deprecated function `leptos::prelude::store_value`: This function is being removed to conform to Rust idioms. Please use `StoredValue::new()` or `StoredValue::new_local()` instead.
  --> src/components/spectrogram_webgl.rs:33:20
   |
33 |     let renderer = store_value(None::<SendWrapper<Waterfall3D>>);
   |                    ^^^^^^^^^^^
   |
   = note: `#[warn(deprecated)]` on by default

warning: use of deprecated function `leptos::prelude::create_rw_signal`: This function is being removed to conform to Rust idioms. Please use `RwSignal::new()` instead.
  --> src/components/spectrogram_webgl.rs:34:26
   |
34 |     let renderer_ready = create_rw_signal(false);
   |                          ^^^^^^^^^^^^^^^^

warning: use of deprecated function `leptos::prelude::create_rw_signal`: This function is being removed to conform to Rust idioms. Please use `RwSignal::new()` instead.
  --> src/components/spectrogram_webgl.rs:35:21
   |
35 |     let last_dims = create_rw_signal::<(i32,i32)>( (0,0) );
   |                     ^^^^^^^^^^^^^^^^

warning: use of deprecated function `leptos::prelude::create_rw_signal`: This function is being removed to conform to Rust idioms. Please use `RwSignal::new()` instead.
  --> src/components/spectrogram_webgl.rs:38:23
   |
38 |     let is_dragging = create_rw_signal(false);
   |                       ^^^^^^^^^^^^^^^^

warning: use of deprecated function `leptos::prelude::create_rw_signal`: This function is being removed to conform to Rust idioms. Please use `RwSignal::new()` instead.
  --> src/components/spectrogram_webgl.rs:39:26
   |
39 |     let last_mouse_pos = create_rw_signal::<(i32,i32)>( (0,0) );
   |                          ^^^^^^^^^^^^^^^^

warning: use of deprecated function `leptos::prelude::create_rw_signal`: This function is being removed to conform to Rust idioms. Please use `RwSignal::new()` instead.
  --> src/components/spectrogram_webgl.rs:40:21
   |
40 |     let drag_mode = create_rw_signal(0); // 0=rotate, 1=pan
   |                     ^^^^^^^^^^^^^^^^

warning: use of deprecated function `leptos::prelude::create_effect`: This function is being removed to conform to Rust idioms. Please use `Effect::new()` instead.
  --> src/components/spectrogram_webgl.rs:43:5
   |
43 |     create_effect(move |_| {
   |     ^^^^^^^^^^^^^

warning: use of deprecated function `leptos::prelude::create_effect`: This function is being removed to conform to Rust idioms. Please use `Effect::new()` instead.
  --> src/components/spectrogram_webgl.rs:70:5
   |
70 |     create_effect(move |_| {
   |     ^^^^^^^^^^^^^

warning: use of deprecated function `leptos::prelude::create_effect`: This function is being removed to conform to Rust idioms. Please use `Effect::new()` instead.
   --> src/components/spectrogram_webgl.rs:236:5
    |
236 |     create_effect(move |_| {
    |     ^^^^^^^^^^^^^

warning: `batchi` (lib) generated 10 warnings (run `cargo fix --lib -p batchi` to apply 1 suggestion)
    Finished `dev` profile [unoptimized + debuginfo] target(s) in 3.72s
2026-02-19T23:39:15.249996Z  INFO fetching cargo artifacts
2026-02-19T23:39:16.231201Z  INFO calling wasm-bindgen for batchi
2026-02-19T23:39:19.351378Z  INFO rust build complete
2026-02-19T23:39:19.354321Z  INFO applying new distribution
2026-02-19T23:39:19.361787Z  INFO ✅ success
2026-02-19T23:39:19.361836Z  INFO 📦 starting build
2026-02-19T23:39:19.362401Z  INFO spawning asset pipelines
2026-02-19T23:39:19.601834Z  INFO copying & hashing css path="style.css"
2026-02-19T23:39:19.601864Z  INFO building batchi
2026-02-19T23:39:19.602340Z  INFO finished copying & hashing css path="style.css"
warning: unused import: `HtmlCanvasElement`
 --> src/components/spectrogram_webgl.rs:6:15
  |
6 | use web_sys::{HtmlCanvasElement, WebGl2RenderingContext};
  |               ^^^^^^^^^^^^^^^^^
  |
  = note: `#[warn(unused_imports)]` (part of `#[warn(unused)]`) on by default

warning: use of deprecated function `leptos::prelude::store_value`: This function is being removed to conform to Rust idioms. Please use `StoredValue::new()` or `StoredValue::new_local()` instead.
  --> src/components/spectrogram_webgl.rs:33:20
   |
33 |     let renderer = store_value(None::<SendWrapper<Waterfall3D>>);
   |                    ^^^^^^^^^^^
   |
   = note: `#[warn(deprecated)]` on by default

warning: use of deprecated function `leptos::prelude::create_rw_signal`: This function is being removed to conform to Rust idioms. Please use `RwSignal::new()` instead.
  --> src/components/spectrogram_webgl.rs:34:26
   |
34 |     let renderer_ready = create_rw_signal(false);
   |                          ^^^^^^^^^^^^^^^^

warning: use of deprecated function `leptos::prelude::create_rw_signal`: This function is being removed to conform to Rust idioms. Please use `RwSignal::new()` instead.
  --> src/components/spectrogram_webgl.rs:35:21
   |
35 |     let last_dims = create_rw_signal::<(i32,i32)>( (0,0) );
   |                     ^^^^^^^^^^^^^^^^

warning: use of deprecated function `leptos::prelude::create_rw_signal`: This function is being removed to conform to Rust idioms. Please use `RwSignal::new()` instead.
  --> src/components/spectrogram_webgl.rs:38:23
   |
38 |     let is_dragging = create_rw_signal(false);
   |                       ^^^^^^^^^^^^^^^^

warning: use of deprecated function `leptos::prelude::create_rw_signal`: This function is being removed to conform to Rust idioms. Please use `RwSignal::new()` instead.
  --> src/components/spectrogram_webgl.rs:39:26
   |
39 |     let last_mouse_pos = create_rw_signal::<(i32,i32)>( (0,0) );
   |                          ^^^^^^^^^^^^^^^^

warning: use of deprecated function `leptos::prelude::create_rw_signal`: This function is being removed to conform to Rust idioms. Please use `RwSignal::new()` instead.
  --> src/components/spectrogram_webgl.rs:40:21
   |
40 |     let drag_mode = create_rw_signal(0); // 0=rotate, 1=pan
   |                     ^^^^^^^^^^^^^^^^

warning: use of deprecated function `leptos::prelude::create_effect`: This function is being removed to conform to Rust idioms. Please use `Effect::new()` instead.
  --> src/components/spectrogram_webgl.rs:43:5
   |
43 |     create_effect(move |_| {
   |     ^^^^^^^^^^^^^

warning: use of deprecated function `leptos::prelude::create_effect`: This function is being removed to conform to Rust idioms. Please use `Effect::new()` instead.
  --> src/components/spectrogram_webgl.rs:70:5
   |
70 |     create_effect(move |_| {
   |     ^^^^^^^^^^^^^

warning: use of deprecated function `leptos::prelude::create_effect`: This function is being removed to conform to Rust idioms. Please use `Effect::new()` instead.
   --> src/components/spectrogram_webgl.rs:236:5
    |
236 |     create_effect(move |_| {
    |     ^^^^^^^^^^^^^

warning: `batchi` (lib) generated 10 warnings (run `cargo fix --lib -p batchi` to apply 1 suggestion)
    Finished `dev` profile [unoptimized + debuginfo] target(s) in 0.16s
2026-02-19T23:39:19.855464Z  INFO fetching cargo artifacts
2026-02-19T23:39:20.475073Z  INFO calling wasm-bindgen for batchi
2026-02-19T23:39:22.997553Z  INFO rust build complete
2026-02-19T23:39:23.000039Z  INFO applying new distribution
2026-02-19T23:39:23.005881Z  INFO ✅ success
2026-02-19T23:39:23.005952Z  INFO 📦 starting build
2026-02-19T23:39:23.006282Z  INFO spawning asset pipelines
2026-02-19T23:39:23.246965Z  INFO copying & hashing css path="style.css"
2026-02-19T23:39:23.247018Z  INFO building batchi
2026-02-19T23:39:23.247498Z  INFO finished copying & hashing css path="style.css"
warning: unused import: `HtmlCanvasElement`
 --> src/components/spectrogram_webgl.rs:6:15
  |
6 | use web_sys::{HtmlCanvasElement, WebGl2RenderingContext};
  |               ^^^^^^^^^^^^^^^^^
  |
  = note: `#[warn(unused_imports)]` (part of `#[warn(unused)]`) on by default

warning: use of deprecated function `leptos::prelude::store_value`: This function is being removed to conform to Rust idioms. Please use `StoredValue::new()` or `StoredValue::new_local()` instead.
  --> src/components/spectrogram_webgl.rs:33:20
   |
33 |     let renderer = store_value(None::<SendWrapper<Waterfall3D>>);
   |                    ^^^^^^^^^^^
   |
   = note: `#[warn(deprecated)]` on by default

warning: use of deprecated function `leptos::prelude::create_rw_signal`: This function is being removed to conform to Rust idioms. Please use `RwSignal::new()` instead.
  --> src/components/spectrogram_webgl.rs:34:26
   |
34 |     let renderer_ready = create_rw_signal(false);
   |                          ^^^^^^^^^^^^^^^^

warning: use of deprecated function `leptos::prelude::create_rw_signal`: This function is being removed to conform to Rust idioms. Please use `RwSignal::new()` instead.
  --> src/components/spectrogram_webgl.rs:35:21
   |
35 |     let last_dims = create_rw_signal::<(i32,i32)>( (0,0) );
   |                     ^^^^^^^^^^^^^^^^

warning: use of deprecated function `leptos::prelude::create_rw_signal`: This function is being removed to conform to Rust idioms. Please use `RwSignal::new()` instead.
  --> src/components/spectrogram_webgl.rs:38:23
   |
38 |     let is_dragging = create_rw_signal(false);
   |                       ^^^^^^^^^^^^^^^^

warning: use of deprecated function `leptos::prelude::create_rw_signal`: This function is being removed to conform to Rust idioms. Please use `RwSignal::new()` instead.
  --> src/components/spectrogram_webgl.rs:39:26
   |
39 |     let last_mouse_pos = create_rw_signal::<(i32,i32)>( (0,0) );
   |                          ^^^^^^^^^^^^^^^^

warning: use of deprecated function `leptos::prelude::create_rw_signal`: This function is being removed to conform to Rust idioms. Please use `RwSignal::new()` instead.
  --> src/components/spectrogram_webgl.rs:40:21
   |
40 |     let drag_mode = create_rw_signal(0); // 0=rotate, 1=pan
   |                     ^^^^^^^^^^^^^^^^

warning: use of deprecated function `leptos::prelude::create_effect`: This function is being removed to conform to Rust idioms. Please use `Effect::new()` instead.
  --> src/components/spectrogram_webgl.rs:43:5
   |
43 |     create_effect(move |_| {
   |     ^^^^^^^^^^^^^

warning: use of deprecated function `leptos::prelude::create_effect`: This function is being removed to conform to Rust idioms. Please use `Effect::new()` instead.
  --> src/components/spectrogram_webgl.rs:70:5
   |
70 |     create_effect(move |_| {
   |     ^^^^^^^^^^^^^

warning: use of deprecated function `leptos::prelude::create_effect`: This function is being removed to conform to Rust idioms. Please use `Effect::new()` instead.
   --> src/components/spectrogram_webgl.rs:236:5
    |
236 |     create_effect(move |_| {
    |     ^^^^^^^^^^^^^

warning: `batchi` (lib) generated 10 warnings (run `cargo fix --lib -p batchi` to apply 1 suggestion)
    Finished `dev` profile [unoptimized + debuginfo] target(s) in 0.17s
2026-02-19T23:39:23.505427Z  INFO fetching cargo artifacts
2026-02-19T23:39:24.121176Z  INFO calling wasm-bindgen for batchi
2026-02-19T23:39:26.581984Z  INFO rust build complete
2026-02-19T23:39:26.584654Z  INFO applying new distribution
2026-02-19T23:39:26.593982Z  INFO ✅ success
2026-02-19T23:39:26.594019Z  INFO 📦 starting build
2026-02-19T23:39:26.594402Z  INFO spawning asset pipelines
2026-02-19T23:39:26.837206Z  INFO copying & hashing css path="style.css"
2026-02-19T23:39:26.837257Z  INFO building batchi
2026-02-19T23:39:26.837578Z  INFO finished copying & hashing css path="style.css"
warning: unused import: `HtmlCanvasElement`
 --> src/components/spectrogram_webgl.rs:6:15
  |
6 | use web_sys::{HtmlCanvasElement, WebGl2RenderingContext};
  |               ^^^^^^^^^^^^^^^^^
  |
  = note: `#[warn(unused_imports)]` (part of `#[warn(unused)]`) on by default

warning: use of deprecated function `leptos::prelude::store_value`: This function is being removed to conform to Rust idioms. Please use `StoredValue::new()` or `StoredValue::new_local()` instead.
  --> src/components/spectrogram_webgl.rs:33:20
   |
33 |     let renderer = store_value(None::<SendWrapper<Waterfall3D>>);
   |                    ^^^^^^^^^^^
   |
   = note: `#[warn(deprecated)]` on by default

warning: use of deprecated function `leptos::prelude::create_rw_signal`: This function is being removed to conform to Rust idioms. Please use `RwSignal::new()` instead.
  --> src/components/spectrogram_webgl.rs:34:26
   |
34 |     let renderer_ready = create_rw_signal(false);
   |                          ^^^^^^^^^^^^^^^^

warning: use of deprecated function `leptos::prelude::create_rw_signal`: This function is being removed to conform to Rust idioms. Please use `RwSignal::new()` instead.
  --> src/components/spectrogram_webgl.rs:35:21
   |
35 |     let last_dims = create_rw_signal::<(i32,i32)>( (0,0) );
   |                     ^^^^^^^^^^^^^^^^

warning: use of deprecated function `leptos::prelude::create_rw_signal`: This function is being removed to conform to Rust idioms. Please use `RwSignal::new()` instead.
  --> src/components/spectrogram_webgl.rs:38:23
   |
38 |     let is_dragging = create_rw_signal(false);
   |                       ^^^^^^^^^^^^^^^^

warning: use of deprecated function `leptos::prelude::create_rw_signal`: This function is being removed to conform to Rust idioms. Please use `RwSignal::new()` instead.
  --> src/components/spectrogram_webgl.rs:39:26
   |
39 |     let last_mouse_pos = create_rw_signal::<(i32,i32)>( (0,0) );
   |                          ^^^^^^^^^^^^^^^^

warning: use of deprecated function `leptos::prelude::create_rw_signal`: This function is being removed to conform to Rust idioms. Please use `RwSignal::new()` instead.
  --> src/components/spectrogram_webgl.rs:40:21
   |
40 |     let drag_mode = create_rw_signal(0); // 0=rotate, 1=pan
   |                     ^^^^^^^^^^^^^^^^

warning: use of deprecated function `leptos::prelude::create_effect`: This function is being removed to conform to Rust idioms. Please use `Effect::new()` instead.
  --> src/components/spectrogram_webgl.rs:43:5
   |
43 |     create_effect(move |_| {
   |     ^^^^^^^^^^^^^

warning: use of deprecated function `leptos::prelude::create_effect`: This function is being removed to conform to Rust idioms. Please use `Effect::new()` instead.
  --> src/components/spectrogram_webgl.rs:70:5
   |
70 |     create_effect(move |_| {
   |     ^^^^^^^^^^^^^

warning: use of deprecated function `leptos::prelude::create_effect`: This function is being removed to conform to Rust idioms. Please use `Effect::new()` instead.
   --> src/components/spectrogram_webgl.rs:236:5
    |
236 |     create_effect(move |_| {
    |     ^^^^^^^^^^^^^

warning: `batchi` (lib) generated 10 warnings (run `cargo fix --lib -p batchi` to apply 1 suggestion)
    Finished `dev` profile [unoptimized + debuginfo] target(s) in 0.17s
2026-02-19T23:39:27.097465Z  INFO fetching cargo artifacts
2026-02-19T23:39:27.715840Z  INFO calling wasm-bindgen for batchi
2026-02-19T23:39:30.607134Z  INFO rust build complete
2026-02-19T23:39:30.609701Z  INFO applying new distribution
2026-02-19T23:39:30.612284Z  INFO ✅ success
2026-02-19T23:39:30.612311Z  INFO 📦 starting build
2026-02-19T23:39:30.612556Z  INFO spawning asset pipelines
2026-02-19T23:39:30.855603Z  INFO copying & hashing css path="style.css"
2026-02-19T23:39:30.855662Z  INFO building batchi
2026-02-19T23:39:30.856103Z  INFO finished copying & hashing css path="style.css"
warning: unused import: `HtmlCanvasElement`
 --> src/components/spectrogram_webgl.rs:6:15
  |
6 | use web_sys::{HtmlCanvasElement, WebGl2RenderingContext};
  |               ^^^^^^^^^^^^^^^^^
  |
  = note: `#[warn(unused_imports)]` (part of `#[warn(unused)]`) on by default

warning: use of deprecated function `leptos::prelude::store_value`: This function is being removed to conform to Rust idioms. Please use `StoredValue::new()` or `StoredValue::new_local()` instead.
  --> src/components/spectrogram_webgl.rs:33:20
   |
33 |     let renderer = store_value(None::<SendWrapper<Waterfall3D>>);
   |                    ^^^^^^^^^^^
   |
   = note: `#[warn(deprecated)]` on by default

warning: use of deprecated function `leptos::prelude::create_rw_signal`: This function is being removed to conform to Rust idioms. Please use `RwSignal::new()` instead.
  --> src/components/spectrogram_webgl.rs:34:26
   |
34 |     let renderer_ready = create_rw_signal(false);
   |                          ^^^^^^^^^^^^^^^^

warning: use of deprecated function `leptos::prelude::create_rw_signal`: This function is being removed to conform to Rust idioms. Please use `RwSignal::new()` instead.
  --> src/components/spectrogram_webgl.rs:35:21
   |
35 |     let last_dims = create_rw_signal::<(i32,i32)>( (0,0) );
   |                     ^^^^^^^^^^^^^^^^

warning: use of deprecated function `leptos::prelude::create_rw_signal`: This function is being removed to conform to Rust idioms. Please use `RwSignal::new()` instead.
  --> src/components/spectrogram_webgl.rs:38:23
   |
38 |     let is_dragging = create_rw_signal(false);
   |                       ^^^^^^^^^^^^^^^^

warning: use of deprecated function `leptos::prelude::create_rw_signal`: This function is being removed to conform to Rust idioms. Please use `RwSignal::new()` instead.
  --> src/components/spectrogram_webgl.rs:39:26
   |
39 |     let last_mouse_pos = create_rw_signal::<(i32,i32)>( (0,0) );
   |                          ^^^^^^^^^^^^^^^^

warning: use of deprecated function `leptos::prelude::create_rw_signal`: This function is being removed to conform to Rust idioms. Please use `RwSignal::new()` instead.
  --> src/components/spectrogram_webgl.rs:40:21
   |
40 |     let drag_mode = create_rw_signal(0); // 0=rotate, 1=pan
   |                     ^^^^^^^^^^^^^^^^

warning: use of deprecated function `leptos::prelude::create_effect`: This function is being removed to conform to Rust idioms. Please use `Effect::new()` instead.
  --> src/components/spectrogram_webgl.rs:43:5
   |
43 |     create_effect(move |_| {
   |     ^^^^^^^^^^^^^

warning: use of deprecated function `leptos::prelude::create_effect`: This function is being removed to conform to Rust idioms. Please use `Effect::new()` instead.
  --> src/components/spectrogram_webgl.rs:70:5
   |
70 |     create_effect(move |_| {
   |     ^^^^^^^^^^^^^

warning: use of deprecated function `leptos::prelude::create_effect`: This function is being removed to conform to Rust idioms. Please use `Effect::new()` instead.
   --> src/components/spectrogram_webgl.rs:236:5
    |
236 |     create_effect(move |_| {
    |     ^^^^^^^^^^^^^

warning: `batchi` (lib) generated 10 warnings (run `cargo fix --lib -p batchi` to apply 1 suggestion)
    Finished `dev` profile [unoptimized + debuginfo] target(s) in 0.19s
2026-02-19T23:39:31.135993Z  INFO fetching cargo artifacts
2026-02-19T23:39:31.835477Z  INFO calling wasm-bindgen for batchi
2026-02-19T23:39:34.315219Z  INFO rust build complete
2026-02-19T23:39:34.317684Z  INFO applying new distribution
2026-02-19T23:39:34.319935Z  INFO ✅ success
2026-02-19T23:39:34.319962Z  INFO 📦 starting build
2026-02-19T23:39:34.320294Z  INFO spawning asset pipelines
2026-02-19T23:39:34.563007Z  INFO copying & hashing css path="style.css"
2026-02-19T23:39:34.563073Z  INFO building batchi
2026-02-19T23:39:34.563372Z  INFO finished copying & hashing css path="style.css"
warning: unused import: `HtmlCanvasElement`
 --> src/components/spectrogram_webgl.rs:6:15
  |
6 | use web_sys::{HtmlCanvasElement, WebGl2RenderingContext};
  |               ^^^^^^^^^^^^^^^^^
  |
  = note: `#[warn(unused_imports)]` (part of `#[warn(unused)]`) on by default

warning: use of deprecated function `leptos::prelude::store_value`: This function is being removed to conform to Rust idioms. Please use `StoredValue::new()` or `StoredValue::new_local()` instead.
  --> src/components/spectrogram_webgl.rs:33:20
   |
33 |     let renderer = store_value(None::<SendWrapper<Waterfall3D>>);
   |                    ^^^^^^^^^^^
   |
   = note: `#[warn(deprecated)]` on by default

warning: use of deprecated function `leptos::prelude::create_rw_signal`: This function is being removed to conform to Rust idioms. Please use `RwSignal::new()` instead.
  --> src/components/spectrogram_webgl.rs:34:26
   |
34 |     let renderer_ready = create_rw_signal(false);
   |                          ^^^^^^^^^^^^^^^^

warning: use of deprecated function `leptos::prelude::create_rw_signal`: This function is being removed to conform to Rust idioms. Please use `RwSignal::new()` instead.
  --> src/components/spectrogram_webgl.rs:35:21
   |
35 |     let last_dims = create_rw_signal::<(i32,i32)>( (0,0) );
   |                     ^^^^^^^^^^^^^^^^

warning: use of deprecated function `leptos::prelude::create_rw_signal`: This function is being removed to conform to Rust idioms. Please use `RwSignal::new()` instead.
  --> src/components/spectrogram_webgl.rs:38:23
   |
38 |     let is_dragging = create_rw_signal(false);
   |                       ^^^^^^^^^^^^^^^^

warning: use of deprecated function `leptos::prelude::create_rw_signal`: This function is being removed to conform to Rust idioms. Please use `RwSignal::new()` instead.
  --> src/components/spectrogram_webgl.rs:39:26
   |
39 |     let last_mouse_pos = create_rw_signal::<(i32,i32)>( (0,0) );
   |                          ^^^^^^^^^^^^^^^^

warning: use of deprecated function `leptos::prelude::create_rw_signal`: This function is being removed to conform to Rust idioms. Please use `RwSignal::new()` instead.
  --> src/components/spectrogram_webgl.rs:40:21
   |
40 |     let drag_mode = create_rw_signal(0); // 0=rotate, 1=pan
   |                     ^^^^^^^^^^^^^^^^

warning: use of deprecated function `leptos::prelude::create_effect`: This function is being removed to conform to Rust idioms. Please use `Effect::new()` instead.
  --> src/components/spectrogram_webgl.rs:43:5
   |
43 |     create_effect(move |_| {
   |     ^^^^^^^^^^^^^

warning: use of deprecated function `leptos::prelude::create_effect`: This function is being removed to conform to Rust idioms. Please use `Effect::new()` instead.
  --> src/components/spectrogram_webgl.rs:70:5
   |
70 |     create_effect(move |_| {
   |     ^^^^^^^^^^^^^

warning: use of deprecated function `leptos::prelude::create_effect`: This function is being removed to conform to Rust idioms. Please use `Effect::new()` instead.
   --> src/components/spectrogram_webgl.rs:236:5
    |
236 |     create_effect(move |_| {
    |     ^^^^^^^^^^^^^

warning: `batchi` (lib) generated 10 warnings (run `cargo fix --lib -p batchi` to apply 1 suggestion)
    Finished `dev` profile [unoptimized + debuginfo] target(s) in 0.17s
2026-02-19T23:39:34.831071Z  INFO fetching cargo artifacts
2026-02-19T23:39:35.452795Z  INFO calling wasm-bindgen for batchi
2026-02-19T23:39:37.944044Z  INFO rust build complete
2026-02-19T23:39:37.946831Z  INFO applying new distribution
2026-02-19T23:39:37.949223Z  INFO ✅ success
2026-02-19T23:39:37.949254Z  INFO 📦 starting build
2026-02-19T23:39:37.949624Z  INFO spawning asset pipelines
2026-02-19T23:39:38.189058Z  INFO copying & hashing css path="style.css"
2026-02-19T23:39:38.189133Z  INFO building batchi
2026-02-19T23:39:38.189546Z  INFO finished copying & hashing css path="style.css"
warning: unused import: `HtmlCanvasElement`
 --> src/components/spectrogram_webgl.rs:6:15
  |
6 | use web_sys::{HtmlCanvasElement, WebGl2RenderingContext};
  |               ^^^^^^^^^^^^^^^^^
  |
  = note: `#[warn(unused_imports)]` (part of `#[warn(unused)]`) on by default

warning: use of deprecated function `leptos::prelude::store_value`: This function is being removed to conform to Rust idioms. Please use `StoredValue::new()` or `StoredValue::new_local()` instead.
  --> src/components/spectrogram_webgl.rs:33:20
   |
33 |     let renderer = store_value(None::<SendWrapper<Waterfall3D>>);
   |                    ^^^^^^^^^^^
   |
   = note: `#[warn(deprecated)]` on by default

warning: use of deprecated function `leptos::prelude::create_rw_signal`: This function is being removed to conform to Rust idioms. Please use `RwSignal::new()` instead.
  --> src/components/spectrogram_webgl.rs:34:26
   |
34 |     let renderer_ready = create_rw_signal(false);
   |                          ^^^^^^^^^^^^^^^^

warning: use of deprecated function `leptos::prelude::create_rw_signal`: This function is being removed to conform to Rust idioms. Please use `RwSignal::new()` instead.
  --> src/components/spectrogram_webgl.rs:35:21
   |
35 |     let last_dims = create_rw_signal::<(i32,i32)>( (0,0) );
   |                     ^^^^^^^^^^^^^^^^

warning: use of deprecated function `leptos::prelude::create_rw_signal`: This function is being removed to conform to Rust idioms. Please use `RwSignal::new()` instead.
  --> src/components/spectrogram_webgl.rs:38:23
   |
38 |     let is_dragging = create_rw_signal(false);
   |                       ^^^^^^^^^^^^^^^^

warning: use of deprecated function `leptos::prelude::create_rw_signal`: This function is being removed to conform to Rust idioms. Please use `RwSignal::new()` instead.
  --> src/components/spectrogram_webgl.rs:39:26
   |
39 |     let last_mouse_pos = create_rw_signal::<(i32,i32)>( (0,0) );
   |                          ^^^^^^^^^^^^^^^^

warning: use of deprecated function `leptos::prelude::create_rw_signal`: This function is being removed to conform to Rust idioms. Please use `RwSignal::new()` instead.
  --> src/components/spectrogram_webgl.rs:40:21
   |
40 |     let drag_mode = create_rw_signal(0); // 0=rotate, 1=pan
   |                     ^^^^^^^^^^^^^^^^

warning: use of deprecated function `leptos::prelude::create_effect`: This function is being removed to conform to Rust idioms. Please use `Effect::new()` instead.
  --> src/components/spectrogram_webgl.rs:43:5
   |
43 |     create_effect(move |_| {
   |     ^^^^^^^^^^^^^

warning: use of deprecated function `leptos::prelude::create_effect`: This function is being removed to conform to Rust idioms. Please use `Effect::new()` instead.
  --> src/components/spectrogram_webgl.rs:70:5
   |
70 |     create_effect(move |_| {
   |     ^^^^^^^^^^^^^

warning: use of deprecated function `leptos::prelude::create_effect`: This function is being removed to conform to Rust idioms. Please use `Effect::new()` instead.
   --> src/components/spectrogram_webgl.rs:236:5
    |
236 |     create_effect(move |_| {
    |     ^^^^^^^^^^^^^

warning: `batchi` (lib) generated 10 warnings (run `cargo fix --lib -p batchi` to apply 1 suggestion)
    Finished `dev` profile [unoptimized + debuginfo] target(s) in 0.17s
2026-02-19T23:39:38.445849Z  INFO fetching cargo artifacts
2026-02-19T23:39:39.064324Z  INFO calling wasm-bindgen for batchi
2026-02-19T23:39:41.532940Z  INFO rust build complete
2026-02-19T23:39:41.535435Z  INFO applying new distribution
2026-02-19T23:39:41.537820Z  INFO ✅ success
2026-02-19T23:39:41.537852Z  INFO 📦 starting build
2026-02-19T23:39:41.538235Z  INFO spawning asset pipelines
2026-02-19T23:39:41.792984Z  INFO copying & hashing css path="style.css"
2026-02-19T23:39:41.793029Z  INFO building batchi
2026-02-19T23:39:41.793412Z  INFO finished copying & hashing css path="style.css"
warning: unused import: `HtmlCanvasElement`
 --> src/components/spectrogram_webgl.rs:6:15
  |
6 | use web_sys::{HtmlCanvasElement, WebGl2RenderingContext};
  |               ^^^^^^^^^^^^^^^^^
  |
  = note: `#[warn(unused_imports)]` (part of `#[warn(unused)]`) on by default

warning: use of deprecated function `leptos::prelude::store_value`: This function is being removed to conform to Rust idioms. Please use `StoredValue::new()` or `StoredValue::new_local()` instead.
  --> src/components/spectrogram_webgl.rs:33:20
   |
33 |     let renderer = store_value(None::<SendWrapper<Waterfall3D>>);
   |                    ^^^^^^^^^^^
   |
   = note: `#[warn(deprecated)]` on by default

warning: use of deprecated function `leptos::prelude::create_rw_signal`: This function is being removed to conform to Rust idioms. Please use `RwSignal::new()` instead.
  --> src/components/spectrogram_webgl.rs:34:26
   |
34 |     let renderer_ready = create_rw_signal(false);
   |                          ^^^^^^^^^^^^^^^^

warning: use of deprecated function `leptos::prelude::create_rw_signal`: This function is being removed to conform to Rust idioms. Please use `RwSignal::new()` instead.
  --> src/components/spectrogram_webgl.rs:35:21
   |
35 |     let last_dims = create_rw_signal::<(i32,i32)>( (0,0) );
   |                     ^^^^^^^^^^^^^^^^

warning: use of deprecated function `leptos::prelude::create_rw_signal`: This function is being removed to conform to Rust idioms. Please use `RwSignal::new()` instead.
  --> src/components/spectrogram_webgl.rs:38:23
   |
38 |     let is_dragging = create_rw_signal(false);
   |                       ^^^^^^^^^^^^^^^^

warning: use of deprecated function `leptos::prelude::create_rw_signal`: This function is being removed to conform to Rust idioms. Please use `RwSignal::new()` instead.
  --> src/components/spectrogram_webgl.rs:39:26
   |
39 |     let last_mouse_pos = create_rw_signal::<(i32,i32)>( (0,0) );
   |                          ^^^^^^^^^^^^^^^^

warning: use of deprecated function `leptos::prelude::create_rw_signal`: This function is being removed to conform to Rust idioms. Please use `RwSignal::new()` instead.
  --> src/components/spectrogram_webgl.rs:40:21
   |
40 |     let drag_mode = create_rw_signal(0); // 0=rotate, 1=pan
   |                     ^^^^^^^^^^^^^^^^

warning: use of deprecated function `leptos::prelude::create_effect`: This function is being removed to conform to Rust idioms. Please use `Effect::new()` instead.
  --> src/components/spectrogram_webgl.rs:43:5
   |
43 |     create_effect(move |_| {
   |     ^^^^^^^^^^^^^

warning: use of deprecated function `leptos::prelude::create_effect`: This function is being removed to conform to Rust idioms. Please use `Effect::new()` instead.
  --> src/components/spectrogram_webgl.rs:70:5
   |
70 |     create_effect(move |_| {
   |     ^^^^^^^^^^^^^

warning: use of deprecated function `leptos::prelude::create_effect`: This function is being removed to conform to Rust idioms. Please use `Effect::new()` instead.
   --> src/components/spectrogram_webgl.rs:236:5
    |
236 |     create_effect(move |_| {
    |     ^^^^^^^^^^^^^

warning: `batchi` (lib) generated 10 warnings (run `cargo fix --lib -p batchi` to apply 1 suggestion)
    Finished `dev` profile [unoptimized + debuginfo] target(s) in 0.17s
2026-02-19T23:39:42.053319Z  INFO fetching cargo artifacts
2026-02-19T23:39:42.679246Z  INFO calling wasm-bindgen for batchi
2026-02-19T23:39:45.115240Z  INFO rust build complete
2026-02-19T23:39:45.118539Z  INFO applying new distribution
2026-02-19T23:39:45.120916Z  INFO ✅ success
2026-02-19T23:39:45.120950Z  INFO 📦 starting build
2026-02-19T23:39:45.121203Z  INFO spawning asset pipelines
2026-02-19T23:39:45.363396Z  INFO copying & hashing css path="style.css"
2026-02-19T23:39:45.363478Z  INFO building batchi
2026-02-19T23:39:45.363725Z  INFO finished copying & hashing css path="style.css"
warning: unused import: `HtmlCanvasElement`
 --> src/components/spectrogram_webgl.rs:6:15
  |
6 | use web_sys::{HtmlCanvasElement, WebGl2RenderingContext};
  |               ^^^^^^^^^^^^^^^^^
  |
  = note: `#[warn(unused_imports)]` (part of `#[warn(unused)]`) on by default

warning: use of deprecated function `leptos::prelude::store_value`: This function is being removed to conform to Rust idioms. Please use `StoredValue::new()` or `StoredValue::new_local()` instead.
  --> src/components/spectrogram_webgl.rs:33:20
   |
33 |     let renderer = store_value(None::<SendWrapper<Waterfall3D>>);
   |                    ^^^^^^^^^^^
   |
   = note: `#[warn(deprecated)]` on by default

warning: use of deprecated function `leptos::prelude::create_rw_signal`: This function is being removed to conform to Rust idioms. Please use `RwSignal::new()` instead.
  --> src/components/spectrogram_webgl.rs:34:26
   |
34 |     let renderer_ready = create_rw_signal(false);
   |                          ^^^^^^^^^^^^^^^^

warning: use of deprecated function `leptos::prelude::create_rw_signal`: This function is being removed to conform to Rust idioms. Please use `RwSignal::new()` instead.
  --> src/components/spectrogram_webgl.rs:35:21
   |
35 |     let last_dims = create_rw_signal::<(i32,i32)>( (0,0) );
   |                     ^^^^^^^^^^^^^^^^

warning: use of deprecated function `leptos::prelude::create_rw_signal`: This function is being removed to conform to Rust idioms. Please use `RwSignal::new()` instead.
  --> src/components/spectrogram_webgl.rs:38:23
   |
38 |     let is_dragging = create_rw_signal(false);
   |                       ^^^^^^^^^^^^^^^^

warning: use of deprecated function `leptos::prelude::create_rw_signal`: This function is being removed to conform to Rust idioms. Please use `RwSignal::new()` instead.
  --> src/components/spectrogram_webgl.rs:39:26
   |
39 |     let last_mouse_pos = create_rw_signal::<(i32,i32)>( (0,0) );
   |                          ^^^^^^^^^^^^^^^^

warning: use of deprecated function `leptos::prelude::create_rw_signal`: This function is being removed to conform to Rust idioms. Please use `RwSignal::new()` instead.
  --> src/components/spectrogram_webgl.rs:40:21
   |
40 |     let drag_mode = create_rw_signal(0); // 0=rotate, 1=pan
   |                     ^^^^^^^^^^^^^^^^

warning: use of deprecated function `leptos::prelude::create_effect`: This function is being removed to conform to Rust idioms. Please use `Effect::new()` instead.
  --> src/components/spectrogram_webgl.rs:43:5
   |
43 |     create_effect(move |_| {
   |     ^^^^^^^^^^^^^

warning: use of deprecated function `leptos::prelude::create_effect`: This function is being removed to conform to Rust idioms. Please use `Effect::new()` instead.
  --> src/components/spectrogram_webgl.rs:70:5
   |
70 |     create_effect(move |_| {
   |     ^^^^^^^^^^^^^

warning: use of deprecated function `leptos::prelude::create_effect`: This function is being removed to conform to Rust idioms. Please use `Effect::new()` instead.
   --> src/components/spectrogram_webgl.rs:236:5
    |
236 |     create_effect(move |_| {
    |     ^^^^^^^^^^^^^

warning: `batchi` (lib) generated 10 warnings (run `cargo fix --lib -p batchi` to apply 1 suggestion)
    Finished `dev` profile [unoptimized + debuginfo] target(s) in 0.17s
2026-02-19T23:39:45.622257Z  INFO fetching cargo artifacts
2026-02-19T23:39:46.244116Z  INFO calling wasm-bindgen for batchi
2026-02-19T23:39:48.672452Z  INFO rust build complete
2026-02-19T23:39:48.674912Z  INFO applying new distribution
2026-02-19T23:39:48.677117Z  INFO ✅ success
2026-02-19T23:39:48.677145Z  INFO 📦 starting build
2026-02-19T23:39:48.677963Z  INFO spawning asset pipelines
2026-02-19T23:39:48.921852Z  INFO copying & hashing css path="style.css"
2026-02-19T23:39:48.921902Z  INFO building batchi
2026-02-19T23:39:48.922278Z  INFO finished copying & hashing css path="style.css"
warning: unused import: `HtmlCanvasElement`
 --> src/components/spectrogram_webgl.rs:6:15
  |
6 | use web_sys::{HtmlCanvasElement, WebGl2RenderingContext};
  |               ^^^^^^^^^^^^^^^^^
  |
  = note: `#[warn(unused_imports)]` (part of `#[warn(unused)]`) on by default

warning: use of deprecated function `leptos::prelude::store_value`: This function is being removed to conform to Rust idioms. Please use `StoredValue::new()` or `StoredValue::new_local()` instead.
  --> src/components/spectrogram_webgl.rs:33:20
   |
33 |     let renderer = store_value(None::<SendWrapper<Waterfall3D>>);
   |                    ^^^^^^^^^^^
   |
   = note: `#[warn(deprecated)]` on by default

warning: use of deprecated function `leptos::prelude::create_rw_signal`: This function is being removed to conform to Rust idioms. Please use `RwSignal::new()` instead.
  --> src/components/spectrogram_webgl.rs:34:26
   |
34 |     let renderer_ready = create_rw_signal(false);
   |                          ^^^^^^^^^^^^^^^^

warning: use of deprecated function `leptos::prelude::create_rw_signal`: This function is being removed to conform to Rust idioms. Please use `RwSignal::new()` instead.
  --> src/components/spectrogram_webgl.rs:35:21
   |
35 |     let last_dims = create_rw_signal::<(i32,i32)>( (0,0) );
   |                     ^^^^^^^^^^^^^^^^

warning: use of deprecated function `leptos::prelude::create_rw_signal`: This function is being removed to conform to Rust idioms. Please use `RwSignal::new()` instead.
  --> src/components/spectrogram_webgl.rs:38:23
   |
38 |     let is_dragging = create_rw_signal(false);
   |                       ^^^^^^^^^^^^^^^^

warning: use of deprecated function `leptos::prelude::create_rw_signal`: This function is being removed to conform to Rust idioms. Please use `RwSignal::new()` instead.
  --> src/components/spectrogram_webgl.rs:39:26
   |
39 |     let last_mouse_pos = create_rw_signal::<(i32,i32)>( (0,0) );
   |                          ^^^^^^^^^^^^^^^^

warning: use of deprecated function `leptos::prelude::create_rw_signal`: This function is being removed to conform to Rust idioms. Please use `RwSignal::new()` instead.
  --> src/components/spectrogram_webgl.rs:40:21
   |
40 |     let drag_mode = create_rw_signal(0); // 0=rotate, 1=pan
   |                     ^^^^^^^^^^^^^^^^

warning: use of deprecated function `leptos::prelude::create_effect`: This function is being removed to conform to Rust idioms. Please use `Effect::new()` instead.
  --> src/components/spectrogram_webgl.rs:43:5
   |
43 |     create_effect(move |_| {
   |     ^^^^^^^^^^^^^

warning: use of deprecated function `leptos::prelude::create_effect`: This function is being removed to conform to Rust idioms. Please use `Effect::new()` instead.
  --> src/components/spectrogram_webgl.rs:70:5
   |
70 |     create_effect(move |_| {
   |     ^^^^^^^^^^^^^

warning: use of deprecated function `leptos::prelude::create_effect`: This function is being removed to conform to Rust idioms. Please use `Effect::new()` instead.
   --> src/components/spectrogram_webgl.rs:236:5
    |
236 |     create_effect(move |_| {
    |     ^^^^^^^^^^^^^

warning: `batchi` (lib) generated 10 warnings (run `cargo fix --lib -p batchi` to apply 1 suggestion)
    Finished `dev` profile [unoptimized + debuginfo] target(s) in 0.17s
2026-02-19T23:39:49.181624Z  INFO fetching cargo artifacts
2026-02-19T23:39:49.806212Z  INFO calling wasm-bindgen for batchi
2026-02-19T23:39:52.237967Z  INFO rust build complete
2026-02-19T23:39:52.240390Z  INFO applying new distribution
2026-02-19T23:39:52.242639Z  INFO ✅ success
2026-02-19T23:39:52.242671Z  INFO 📦 starting build
2026-02-19T23:39:52.242892Z  INFO spawning asset pipelines
2026-02-19T23:39:52.484916Z  INFO copying & hashing css path="style.css"
2026-02-19T23:39:52.484986Z  INFO building batchi
2026-02-19T23:39:52.485402Z  INFO finished copying & hashing css path="style.css"
warning: unused import: `HtmlCanvasElement`
 --> src/components/spectrogram_webgl.rs:6:15
  |
6 | use web_sys::{HtmlCanvasElement, WebGl2RenderingContext};
  |               ^^^^^^^^^^^^^^^^^
  |
  = note: `#[warn(unused_imports)]` (part of `#[warn(unused)]`) on by default

warning: use of deprecated function `leptos::prelude::store_value`: This function is being removed to conform to Rust idioms. Please use `StoredValue::new()` or `StoredValue::new_local()` instead.
  --> src/components/spectrogram_webgl.rs:33:20
   |
33 |     let renderer = store_value(None::<SendWrapper<Waterfall3D>>);
   |                    ^^^^^^^^^^^
   |
   = note: `#[warn(deprecated)]` on by default

warning: use of deprecated function `leptos::prelude::create_rw_signal`: This function is being removed to conform to Rust idioms. Please use `RwSignal::new()` instead.
  --> src/components/spectrogram_webgl.rs:34:26
   |
34 |     let renderer_ready = create_rw_signal(false);
   |                          ^^^^^^^^^^^^^^^^

warning: use of deprecated function `leptos::prelude::create_rw_signal`: This function is being removed to conform to Rust idioms. Please use `RwSignal::new()` instead.
  --> src/components/spectrogram_webgl.rs:35:21
   |
35 |     let last_dims = create_rw_signal::<(i32,i32)>( (0,0) );
   |                     ^^^^^^^^^^^^^^^^

warning: use of deprecated function `leptos::prelude::create_rw_signal`: This function is being removed to conform to Rust idioms. Please use `RwSignal::new()` instead.
  --> src/components/spectrogram_webgl.rs:38:23
   |
38 |     let is_dragging = create_rw_signal(false);
   |                       ^^^^^^^^^^^^^^^^

warning: use of deprecated function `leptos::prelude::create_rw_signal`: This function is being removed to conform to Rust idioms. Please use `RwSignal::new()` instead.
  --> src/components/spectrogram_webgl.rs:39:26
   |
39 |     let last_mouse_pos = create_rw_signal::<(i32,i32)>( (0,0) );
   |                          ^^^^^^^^^^^^^^^^

warning: use of deprecated function `leptos::prelude::create_rw_signal`: This function is being removed to conform to Rust idioms. Please use `RwSignal::new()` instead.
  --> src/components/spectrogram_webgl.rs:40:21
   |
40 |     let drag_mode = create_rw_signal(0); // 0=rotate, 1=pan
   |                     ^^^^^^^^^^^^^^^^

warning: use of deprecated function `leptos::prelude::create_effect`: This function is being removed to conform to Rust idioms. Please use `Effect::new()` instead.
  --> src/components/spectrogram_webgl.rs:43:5
   |
43 |     create_effect(move |_| {
   |     ^^^^^^^^^^^^^

warning: use of deprecated function `leptos::prelude::create_effect`: This function is being removed to conform to Rust idioms. Please use `Effect::new()` instead.
  --> src/components/spectrogram_webgl.rs:70:5
   |
70 |     create_effect(move |_| {
   |     ^^^^^^^^^^^^^

warning: use of deprecated function `leptos::prelude::create_effect`: This function is being removed to conform to Rust idioms. Please use `Effect::new()` instead.
   --> src/components/spectrogram_webgl.rs:236:5
    |
236 |     create_effect(move |_| {
    |     ^^^^^^^^^^^^^

warning: `batchi` (lib) generated 10 warnings (run `cargo fix --lib -p batchi` to apply 1 suggestion)
    Finished `dev` profile [unoptimized + debuginfo] target(s) in 0.17s
2026-02-19T23:39:52.744859Z  INFO fetching cargo artifacts
2026-02-19T23:39:53.367509Z  INFO calling wasm-bindgen for batchi
2026-02-19T23:39:55.810897Z  INFO rust build complete
2026-02-19T23:39:55.813225Z  INFO applying new distribution
2026-02-19T23:39:55.815562Z  INFO ✅ success
2026-02-19T23:39:55.815594Z  INFO 📦 starting build
2026-02-19T23:39:55.815933Z  INFO spawning asset pipelines
2026-02-19T23:39:56.055897Z  INFO copying & hashing css path="style.css"
2026-02-19T23:39:56.055945Z  INFO building batchi
2026-02-19T23:39:56.056340Z  INFO finished copying & hashing css path="style.css"
warning: unused import: `HtmlCanvasElement`
 --> src/components/spectrogram_webgl.rs:6:15
  |
6 | use web_sys::{HtmlCanvasElement, WebGl2RenderingContext};
  |               ^^^^^^^^^^^^^^^^^
  |
  = note: `#[warn(unused_imports)]` (part of `#[warn(unused)]`) on by default

warning: use of deprecated function `leptos::prelude::store_value`: This function is being removed to conform to Rust idioms. Please use `StoredValue::new()` or `StoredValue::new_local()` instead.
  --> src/components/spectrogram_webgl.rs:33:20
   |
33 |     let renderer = store_value(None::<SendWrapper<Waterfall3D>>);
   |                    ^^^^^^^^^^^
   |
   = note: `#[warn(deprecated)]` on by default

warning: use of deprecated function `leptos::prelude::create_rw_signal`: This function is being removed to conform to Rust idioms. Please use `RwSignal::new()` instead.
  --> src/components/spectrogram_webgl.rs:34:26
   |
34 |     let renderer_ready = create_rw_signal(false);
   |                          ^^^^^^^^^^^^^^^^

warning: use of deprecated function `leptos::prelude::create_rw_signal`: This function is being removed to conform to Rust idioms. Please use `RwSignal::new()` instead.
  --> src/components/spectrogram_webgl.rs:35:21
   |
35 |     let last_dims = create_rw_signal::<(i32,i32)>( (0,0) );
   |                     ^^^^^^^^^^^^^^^^

warning: use of deprecated function `leptos::prelude::create_rw_signal`: This function is being removed to conform to Rust idioms. Please use `RwSignal::new()` instead.
  --> src/components/spectrogram_webgl.rs:38:23
   |
38 |     let is_dragging = create_rw_signal(false);
   |                       ^^^^^^^^^^^^^^^^

warning: use of deprecated function `leptos::prelude::create_rw_signal`: This function is being removed to conform to Rust idioms. Please use `RwSignal::new()` instead.
  --> src/components/spectrogram_webgl.rs:39:26
   |
39 |     let last_mouse_pos = create_rw_signal::<(i32,i32)>( (0,0) );
   |                          ^^^^^^^^^^^^^^^^

warning: use of deprecated function `leptos::prelude::create_rw_signal`: This function is being removed to conform to Rust idioms. Please use `RwSignal::new()` instead.
  --> src/components/spectrogram_webgl.rs:40:21
   |
40 |     let drag_mode = create_rw_signal(0); // 0=rotate, 1=pan
   |                     ^^^^^^^^^^^^^^^^

warning: use of deprecated function `leptos::prelude::create_effect`: This function is being removed to conform to Rust idioms. Please use `Effect::new()` instead.
  --> src/components/spectrogram_webgl.rs:43:5
   |
43 |     create_effect(move |_| {
   |     ^^^^^^^^^^^^^

warning: use of deprecated function `leptos::prelude::create_effect`: This function is being removed to conform to Rust idioms. Please use `Effect::new()` instead.
  --> src/components/spectrogram_webgl.rs:70:5
   |
70 |     create_effect(move |_| {
   |     ^^^^^^^^^^^^^

warning: use of deprecated function `leptos::prelude::create_effect`: This function is being removed to conform to Rust idioms. Please use `Effect::new()` instead.
   --> src/components/spectrogram_webgl.rs:236:5
    |
236 |     create_effect(move |_| {
    |     ^^^^^^^^^^^^^

warning: `batchi` (lib) generated 10 warnings (run `cargo fix --lib -p batchi` to apply 1 suggestion)
    Finished `dev` profile [unoptimized + debuginfo] target(s) in 0.17s
2026-02-19T23:39:56.314262Z  INFO fetching cargo artifacts
2026-02-19T23:39:56.936325Z  INFO calling wasm-bindgen for batchi
2026-02-19T23:39:59.356708Z  INFO rust build complete
2026-02-19T23:39:59.359258Z  INFO applying new distribution
2026-02-19T23:39:59.361842Z  INFO ✅ success
2026-02-19T23:39:59.361877Z  INFO 📦 starting build
2026-02-19T23:39:59.362576Z  INFO spawning asset pipelines
2026-02-19T23:39:59.604029Z  INFO copying & hashing css path="style.css"
2026-02-19T23:39:59.604081Z  INFO building batchi
2026-02-19T23:39:59.604391Z  INFO finished copying & hashing css path="style.css"
warning: unused import: `HtmlCanvasElement`
 --> src/components/spectrogram_webgl.rs:6:15
  |
6 | use web_sys::{HtmlCanvasElement, WebGl2RenderingContext};
  |               ^^^^^^^^^^^^^^^^^
  |
  = note: `#[warn(unused_imports)]` (part of `#[warn(unused)]`) on by default

warning: use of deprecated function `leptos::prelude::store_value`: This function is being removed to conform to Rust idioms. Please use `StoredValue::new()` or `StoredValue::new_local()` instead.
  --> src/components/spectrogram_webgl.rs:33:20
   |
33 |     let renderer = store_value(None::<SendWrapper<Waterfall3D>>);
   |                    ^^^^^^^^^^^
   |
   = note: `#[warn(deprecated)]` on by default

warning: use of deprecated function `leptos::prelude::create_rw_signal`: This function is being removed to conform to Rust idioms. Please use `RwSignal::new()` instead.
  --> src/components/spectrogram_webgl.rs:34:26
   |
34 |     let renderer_ready = create_rw_signal(false);
   |                          ^^^^^^^^^^^^^^^^

warning: use of deprecated function `leptos::prelude::create_rw_signal`: This function is being removed to conform to Rust idioms. Please use `RwSignal::new()` instead.
  --> src/components/spectrogram_webgl.rs:35:21
   |
35 |     let last_dims = create_rw_signal::<(i32,i32)>( (0,0) );
   |                     ^^^^^^^^^^^^^^^^

warning: use of deprecated function `leptos::prelude::create_rw_signal`: This function is being removed to conform to Rust idioms. Please use `RwSignal::new()` instead.
  --> src/components/spectrogram_webgl.rs:38:23
   |
38 |     let is_dragging = create_rw_signal(false);
   |                       ^^^^^^^^^^^^^^^^

warning: use of deprecated function `leptos::prelude::create_rw_signal`: This function is being removed to conform to Rust idioms. Please use `RwSignal::new()` instead.
  --> src/components/spectrogram_webgl.rs:39:26
   |
39 |     let last_mouse_pos = create_rw_signal::<(i32,i32)>( (0,0) );
   |                          ^^^^^^^^^^^^^^^^

warning: use of deprecated function `leptos::prelude::create_rw_signal`: This function is being removed to conform to Rust idioms. Please use `RwSignal::new()` instead.
  --> src/components/spectrogram_webgl.rs:40:21
   |
40 |     let drag_mode = create_rw_signal(0); // 0=rotate, 1=pan
   |                     ^^^^^^^^^^^^^^^^

warning: use of deprecated function `leptos::prelude::create_effect`: This function is being removed to conform to Rust idioms. Please use `Effect::new()` instead.
  --> src/components/spectrogram_webgl.rs:43:5
   |
43 |     create_effect(move |_| {
   |     ^^^^^^^^^^^^^

warning: use of deprecated function `leptos::prelude::create_effect`: This function is being removed to conform to Rust idioms. Please use `Effect::new()` instead.
  --> src/components/spectrogram_webgl.rs:70:5
   |
70 |     create_effect(move |_| {
   |     ^^^^^^^^^^^^^

warning: use of deprecated function `leptos::prelude::create_effect`: This function is being removed to conform to Rust idioms. Please use `Effect::new()` instead.
   --> src/components/spectrogram_webgl.rs:236:5
    |
236 |     create_effect(move |_| {
    |     ^^^^^^^^^^^^^

warning: `batchi` (lib) generated 10 warnings (run `cargo fix --lib -p batchi` to apply 1 suggestion)
    Finished `dev` profile [unoptimized + debuginfo] target(s) in 0.17s
2026-02-19T23:39:59.866493Z  INFO fetching cargo artifacts
2026-02-19T23:40:00.489408Z  INFO calling wasm-bindgen for batchi
2026-02-19T23:40:02.988666Z  INFO rust build complete
2026-02-19T23:40:02.991268Z  INFO applying new distribution
2026-02-19T23:40:02.994271Z  INFO ✅ success
2026-02-19T23:40:02.994308Z  INFO 📦 starting build
2026-02-19T23:40:02.994564Z  INFO spawning asset pipelines
2026-02-19T23:40:03.237043Z  INFO copying & hashing css path="style.css"
2026-02-19T23:40:03.237112Z  INFO building batchi
2026-02-19T23:40:03.237537Z  INFO finished copying & hashing css path="style.css"
warning: unused import: `HtmlCanvasElement`
 --> src/components/spectrogram_webgl.rs:6:15
  |
6 | use web_sys::{HtmlCanvasElement, WebGl2RenderingContext};
  |               ^^^^^^^^^^^^^^^^^
  |
  = note: `#[warn(unused_imports)]` (part of `#[warn(unused)]`) on by default

warning: use of deprecated function `leptos::prelude::store_value`: This function is being removed to conform to Rust idioms. Please use `StoredValue::new()` or `StoredValue::new_local()` instead.
  --> src/components/spectrogram_webgl.rs:33:20
   |
33 |     let renderer = store_value(None::<SendWrapper<Waterfall3D>>);
   |                    ^^^^^^^^^^^
   |
   = note: `#[warn(deprecated)]` on by default

warning: use of deprecated function `leptos::prelude::create_rw_signal`: This function is being removed to conform to Rust idioms. Please use `RwSignal::new()` instead.
  --> src/components/spectrogram_webgl.rs:34:26
   |
34 |     let renderer_ready = create_rw_signal(false);
   |                          ^^^^^^^^^^^^^^^^

warning: use of deprecated function `leptos::prelude::create_rw_signal`: This function is being removed to conform to Rust idioms. Please use `RwSignal::new()` instead.
  --> src/components/spectrogram_webgl.rs:35:21
   |
35 |     let last_dims = create_rw_signal::<(i32,i32)>( (0,0) );
   |                     ^^^^^^^^^^^^^^^^

warning: use of deprecated function `leptos::prelude::create_rw_signal`: This function is being removed to conform to Rust idioms. Please use `RwSignal::new()` instead.
  --> src/components/spectrogram_webgl.rs:38:23
   |
38 |     let is_dragging = create_rw_signal(false);
   |                       ^^^^^^^^^^^^^^^^

warning: use of deprecated function `leptos::prelude::create_rw_signal`: This function is being removed to conform to Rust idioms. Please use `RwSignal::new()` instead.
  --> src/components/spectrogram_webgl.rs:39:26
   |
39 |     let last_mouse_pos = create_rw_signal::<(i32,i32)>( (0,0) );
   |                          ^^^^^^^^^^^^^^^^

warning: use of deprecated function `leptos::prelude::create_rw_signal`: This function is being removed to conform to Rust idioms. Please use `RwSignal::new()` instead.
  --> src/components/spectrogram_webgl.rs:40:21
   |
40 |     let drag_mode = create_rw_signal(0); // 0=rotate, 1=pan
   |                     ^^^^^^^^^^^^^^^^

warning: use of deprecated function `leptos::prelude::create_effect`: This function is being removed to conform to Rust idioms. Please use `Effect::new()` instead.
  --> src/components/spectrogram_webgl.rs:43:5
   |
43 |     create_effect(move |_| {
   |     ^^^^^^^^^^^^^

warning: use of deprecated function `leptos::prelude::create_effect`: This function is being removed to conform to Rust idioms. Please use `Effect::new()` instead.
  --> src/components/spectrogram_webgl.rs:70:5
   |
70 |     create_effect(move |_| {
   |     ^^^^^^^^^^^^^

warning: use of deprecated function `leptos::prelude::create_effect`: This function is being removed to conform to Rust idioms. Please use `Effect::new()` instead.
   --> src/components/spectrogram_webgl.rs:236:5
    |
236 |     create_effect(move |_| {
    |     ^^^^^^^^^^^^^

warning: `batchi` (lib) generated 10 warnings (run `cargo fix --lib -p batchi` to apply 1 suggestion)
    Finished `dev` profile [unoptimized + debuginfo] target(s) in 0.17s
2026-02-19T23:40:03.495544Z  INFO fetching cargo artifacts
2026-02-19T23:40:04.118625Z  INFO calling wasm-bindgen for batchi
2026-02-19T23:40:06.568093Z  INFO rust build complete
2026-02-19T23:40:06.570507Z  INFO applying new distribution
2026-02-19T23:40:06.572921Z  INFO ✅ success
2026-02-19T23:40:06.572953Z  INFO 📦 starting build
2026-02-19T23:40:06.573269Z  INFO spawning asset pipelines
2026-02-19T23:40:06.816576Z  INFO copying & hashing css path="style.css"
2026-02-19T23:40:06.816658Z  INFO building batchi
2026-02-19T23:40:06.816963Z  INFO finished copying & hashing css path="style.css"
warning: unused import: `HtmlCanvasElement`
 --> src/components/spectrogram_webgl.rs:6:15
  |
6 | use web_sys::{HtmlCanvasElement, WebGl2RenderingContext};
  |               ^^^^^^^^^^^^^^^^^
  |
  = note: `#[warn(unused_imports)]` (part of `#[warn(unused)]`) on by default

warning: use of deprecated function `leptos::prelude::store_value`: This function is being removed to conform to Rust idioms. Please use `StoredValue::new()` or `StoredValue::new_local()` instead.
  --> src/components/spectrogram_webgl.rs:33:20
   |
33 |     let renderer = store_value(None::<SendWrapper<Waterfall3D>>);
   |                    ^^^^^^^^^^^
   |
   = note: `#[warn(deprecated)]` on by default

warning: use of deprecated function `leptos::prelude::create_rw_signal`: This function is being removed to conform to Rust idioms. Please use `RwSignal::new()` instead.
  --> src/components/spectrogram_webgl.rs:34:26
   |
34 |     let renderer_ready = create_rw_signal(false);
   |                          ^^^^^^^^^^^^^^^^

warning: use of deprecated function `leptos::prelude::create_rw_signal`: This function is being removed to conform to Rust idioms. Please use `RwSignal::new()` instead.
  --> src/components/spectrogram_webgl.rs:35:21
   |
35 |     let last_dims = create_rw_signal::<(i32,i32)>( (0,0) );
   |                     ^^^^^^^^^^^^^^^^

warning: use of deprecated function `leptos::prelude::create_rw_signal`: This function is being removed to conform to Rust idioms. Please use `RwSignal::new()` instead.
  --> src/components/spectrogram_webgl.rs:38:23
   |
38 |     let is_dragging = create_rw_signal(false);
   |                       ^^^^^^^^^^^^^^^^

warning: use of deprecated function `leptos::prelude::create_rw_signal`: This function is being removed to conform to Rust idioms. Please use `RwSignal::new()` instead.
  --> src/components/spectrogram_webgl.rs:39:26
   |
39 |     let last_mouse_pos = create_rw_signal::<(i32,i32)>( (0,0) );
   |                          ^^^^^^^^^^^^^^^^

warning: use of deprecated function `leptos::prelude::create_rw_signal`: This function is being removed to conform to Rust idioms. Please use `RwSignal::new()` instead.
  --> src/components/spectrogram_webgl.rs:40:21
   |
40 |     let drag_mode = create_rw_signal(0); // 0=rotate, 1=pan
   |                     ^^^^^^^^^^^^^^^^

warning: use of deprecated function `leptos::prelude::create_effect`: This function is being removed to conform to Rust idioms. Please use `Effect::new()` instead.
  --> src/components/spectrogram_webgl.rs:43:5
   |
43 |     create_effect(move |_| {
   |     ^^^^^^^^^^^^^

warning: use of deprecated function `leptos::prelude::create_effect`: This function is being removed to conform to Rust idioms. Please use `Effect::new()` instead.
  --> src/components/spectrogram_webgl.rs:70:5
   |
70 |     create_effect(move |_| {
   |     ^^^^^^^^^^^^^

warning: use of deprecated function `leptos::prelude::create_effect`: This function is being removed to conform to Rust idioms. Please use `Effect::new()` instead.
   --> src/components/spectrogram_webgl.rs:236:5
    |
236 |     create_effect(move |_| {
    |     ^^^^^^^^^^^^^

warning: `batchi` (lib) generated 10 warnings (run `cargo fix --lib -p batchi` to apply 1 suggestion)
    Finished `dev` profile [unoptimized + debuginfo] target(s) in 0.16s
2026-02-19T23:40:07.070865Z  INFO fetching cargo artifacts
2026-02-19T23:40:07.687081Z  INFO calling wasm-bindgen for batchi
2026-02-19T23:40:10.203237Z  INFO rust build complete
2026-02-19T23:40:10.205677Z  INFO applying new distribution
2026-02-19T23:40:10.208263Z  INFO ✅ success
2026-02-19T23:40:10.208292Z  INFO 📦 starting build
2026-02-19T23:40:10.208603Z  INFO spawning asset pipelines
2026-02-19T23:40:10.463902Z  INFO copying & hashing css path="style.css"
2026-02-19T23:40:10.463945Z  INFO building batchi
2026-02-19T23:40:10.464341Z  INFO finished copying & hashing css path="style.css"
warning: unused import: `HtmlCanvasElement`
 --> src/components/spectrogram_webgl.rs:6:15
  |
6 | use web_sys::{HtmlCanvasElement, WebGl2RenderingContext};
  |               ^^^^^^^^^^^^^^^^^
  |
  = note: `#[warn(unused_imports)]` (part of `#[warn(unused)]`) on by default

warning: use of deprecated function `leptos::prelude::store_value`: This function is being removed to conform to Rust idioms. Please use `StoredValue::new()` or `StoredValue::new_local()` instead.
  --> src/components/spectrogram_webgl.rs:33:20
   |
33 |     let renderer = store_value(None::<SendWrapper<Waterfall3D>>);
   |                    ^^^^^^^^^^^
   |
   = note: `#[warn(deprecated)]` on by default

warning: use of deprecated function `leptos::prelude::create_rw_signal`: This function is being removed to conform to Rust idioms. Please use `RwSignal::new()` instead.
  --> src/components/spectrogram_webgl.rs:34:26
   |
34 |     let renderer_ready = create_rw_signal(false);
   |                          ^^^^^^^^^^^^^^^^

warning: use of deprecated function `leptos::prelude::create_rw_signal`: This function is being removed to conform to Rust idioms. Please use `RwSignal::new()` instead.
  --> src/components/spectrogram_webgl.rs:35:21
   |
35 |     let last_dims = create_rw_signal::<(i32,i32)>( (0,0) );
   |                     ^^^^^^^^^^^^^^^^

warning: use of deprecated function `leptos::prelude::create_rw_signal`: This function is being removed to conform to Rust idioms. Please use `RwSignal::new()` instead.
  --> src/components/spectrogram_webgl.rs:38:23
   |
38 |     let is_dragging = create_rw_signal(false);
   |                       ^^^^^^^^^^^^^^^^

warning: use of deprecated function `leptos::prelude::create_rw_signal`: This function is being removed to conform to Rust idioms. Please use `RwSignal::new()` instead.
  --> src/components/spectrogram_webgl.rs:39:26
   |
39 |     let last_mouse_pos = create_rw_signal::<(i32,i32)>( (0,0) );
   |                          ^^^^^^^^^^^^^^^^

warning: use of deprecated function `leptos::prelude::create_rw_signal`: This function is being removed to conform to Rust idioms. Please use `RwSignal::new()` instead.
  --> src/components/spectrogram_webgl.rs:40:21
   |
40 |     let drag_mode = create_rw_signal(0); // 0=rotate, 1=pan
   |                     ^^^^^^^^^^^^^^^^

warning: use of deprecated function `leptos::prelude::create_effect`: This function is being removed to conform to Rust idioms. Please use `Effect::new()` instead.
  --> src/components/spectrogram_webgl.rs:43:5
   |
43 |     create_effect(move |_| {
   |     ^^^^^^^^^^^^^

warning: use of deprecated function `leptos::prelude::create_effect`: This function is being removed to conform to Rust idioms. Please use `Effect::new()` instead.
  --> src/components/spectrogram_webgl.rs:70:5
   |
70 |     create_effect(move |_| {
   |     ^^^^^^^^^^^^^

warning: use of deprecated function `leptos::prelude::create_effect`: This function is being removed to conform to Rust idioms. Please use `Effect::new()` instead.
   --> src/components/spectrogram_webgl.rs:236:5
    |
236 |     create_effect(move |_| {
    |     ^^^^^^^^^^^^^

warning: `batchi` (lib) generated 10 warnings (run `cargo fix --lib -p batchi` to apply 1 suggestion)
    Finished `dev` profile [unoptimized + debuginfo] target(s) in 0.17s
2026-02-19T23:40:10.728709Z  INFO fetching cargo artifacts
2026-02-19T23:40:11.357341Z  INFO calling wasm-bindgen for batchi
2026-02-19T23:40:13.852852Z  INFO rust build complete
2026-02-19T23:40:13.855313Z  INFO applying new distribution
2026-02-19T23:40:13.858434Z  INFO ✅ success
2026-02-19T23:40:13.858469Z  INFO 📦 starting build
2026-02-19T23:40:13.858754Z  INFO spawning asset pipelines
2026-02-19T23:40:14.100686Z  INFO copying & hashing css path="style.css"
2026-02-19T23:40:14.100743Z  INFO building batchi
2026-02-19T23:40:14.101346Z  INFO finished copying & hashing css path="style.css"
warning: unused import: `HtmlCanvasElement`
 --> src/components/spectrogram_webgl.rs:6:15
  |
6 | use web_sys::{HtmlCanvasElement, WebGl2RenderingContext};
  |               ^^^^^^^^^^^^^^^^^
  |
  = note: `#[warn(unused_imports)]` (part of `#[warn(unused)]`) on by default

warning: use of deprecated function `leptos::prelude::store_value`: This function is being removed to conform to Rust idioms. Please use `StoredValue::new()` or `StoredValue::new_local()` instead.
  --> src/components/spectrogram_webgl.rs:33:20
   |
33 |     let renderer = store_value(None::<SendWrapper<Waterfall3D>>);
   |                    ^^^^^^^^^^^
   |
   = note: `#[warn(deprecated)]` on by default

warning: use of deprecated function `leptos::prelude::create_rw_signal`: This function is being removed to conform to Rust idioms. Please use `RwSignal::new()` instead.
  --> src/components/spectrogram_webgl.rs:34:26
   |
34 |     let renderer_ready = create_rw_signal(false);
   |                          ^^^^^^^^^^^^^^^^

warning: use of deprecated function `leptos::prelude::create_rw_signal`: This function is being removed to conform to Rust idioms. Please use `RwSignal::new()` instead.
  --> src/components/spectrogram_webgl.rs:35:21
   |
35 |     let last_dims = create_rw_signal::<(i32,i32)>( (0,0) );
   |                     ^^^^^^^^^^^^^^^^

warning: use of deprecated function `leptos::prelude::create_rw_signal`: This function is being removed to conform to Rust idioms. Please use `RwSignal::new()` instead.
  --> src/components/spectrogram_webgl.rs:38:23
   |
38 |     let is_dragging = create_rw_signal(false);
   |                       ^^^^^^^^^^^^^^^^

warning: use of deprecated function `leptos::prelude::create_rw_signal`: This function is being removed to conform to Rust idioms. Please use `RwSignal::new()` instead.
  --> src/components/spectrogram_webgl.rs:39:26
   |
39 |     let last_mouse_pos = create_rw_signal::<(i32,i32)>( (0,0) );
   |                          ^^^^^^^^^^^^^^^^

warning: use of deprecated function `leptos::prelude::create_rw_signal`: This function is being removed to conform to Rust idioms. Please use `RwSignal::new()` instead.
  --> src/components/spectrogram_webgl.rs:40:21
   |
40 |     let drag_mode = create_rw_signal(0); // 0=rotate, 1=pan
   |                     ^^^^^^^^^^^^^^^^

warning: use of deprecated function `leptos::prelude::create_effect`: This function is being removed to conform to Rust idioms. Please use `Effect::new()` instead.
  --> src/components/spectrogram_webgl.rs:43:5
   |
43 |     create_effect(move |_| {
   |     ^^^^^^^^^^^^^

warning: use of deprecated function `leptos::prelude::create_effect`: This function is being removed to conform to Rust idioms. Please use `Effect::new()` instead.
  --> src/components/spectrogram_webgl.rs:70:5
   |
70 |     create_effect(move |_| {
   |     ^^^^^^^^^^^^^

warning: use of deprecated function `leptos::prelude::create_effect`: This function is being removed to conform to Rust idioms. Please use `Effect::new()` instead.
   --> src/components/spectrogram_webgl.rs:236:5
    |
236 |     create_effect(move |_| {
    |     ^^^^^^^^^^^^^

warning: `batchi` (lib) generated 10 warnings (run `cargo fix --lib -p batchi` to apply 1 suggestion)
    Finished `dev` profile [unoptimized + debuginfo] target(s) in 0.17s
2026-02-19T23:40:14.363667Z  INFO fetching cargo artifacts
2026-02-19T23:40:14.989061Z  INFO calling wasm-bindgen for batchi
2026-02-19T23:40:17.421860Z  INFO rust build complete
2026-02-19T23:40:17.424246Z  INFO applying new distribution
2026-02-19T23:40:17.426609Z  INFO ✅ success
2026-02-19T23:40:17.426644Z  INFO 📦 starting build
2026-02-19T23:40:17.426944Z  INFO spawning asset pipelines
2026-02-19T23:40:17.671841Z  INFO copying & hashing css path="style.css"
2026-02-19T23:40:17.671914Z  INFO building batchi
2026-02-19T23:40:17.672327Z  INFO finished copying & hashing css path="style.css"
warning: unused import: `HtmlCanvasElement`
 --> src/components/spectrogram_webgl.rs:6:15
  |
6 | use web_sys::{HtmlCanvasElement, WebGl2RenderingContext};
  |               ^^^^^^^^^^^^^^^^^
  |
  = note: `#[warn(unused_imports)]` (part of `#[warn(unused)]`) on by default

warning: use of deprecated function `leptos::prelude::store_value`: This function is being removed to conform to Rust idioms. Please use `StoredValue::new()` or `StoredValue::new_local()` instead.
  --> src/components/spectrogram_webgl.rs:33:20
   |
33 |     let renderer = store_value(None::<SendWrapper<Waterfall3D>>);
   |                    ^^^^^^^^^^^
   |
   = note: `#[warn(deprecated)]` on by default

warning: use of deprecated function `leptos::prelude::create_rw_signal`: This function is being removed to conform to Rust idioms. Please use `RwSignal::new()` instead.
  --> src/components/spectrogram_webgl.rs:34:26
   |
34 |     let renderer_ready = create_rw_signal(false);
   |                          ^^^^^^^^^^^^^^^^

warning: use of deprecated function `leptos::prelude::create_rw_signal`: This function is being removed to conform to Rust idioms. Please use `RwSignal::new()` instead.
  --> src/components/spectrogram_webgl.rs:35:21
   |
35 |     let last_dims = create_rw_signal::<(i32,i32)>( (0,0) );
   |                     ^^^^^^^^^^^^^^^^

warning: use of deprecated function `leptos::prelude::create_rw_signal`: This function is being removed to conform to Rust idioms. Please use `RwSignal::new()` instead.
  --> src/components/spectrogram_webgl.rs:38:23
   |
38 |     let is_dragging = create_rw_signal(false);
   |                       ^^^^^^^^^^^^^^^^

warning: use of deprecated function `leptos::prelude::create_rw_signal`: This function is being removed to conform to Rust idioms. Please use `RwSignal::new()` instead.
  --> src/components/spectrogram_webgl.rs:39:26
   |
39 |     let last_mouse_pos = create_rw_signal::<(i32,i32)>( (0,0) );
   |                          ^^^^^^^^^^^^^^^^

warning: use of deprecated function `leptos::prelude::create_rw_signal`: This function is being removed to conform to Rust idioms. Please use `RwSignal::new()` instead.
  --> src/components/spectrogram_webgl.rs:40:21
   |
40 |     let drag_mode = create_rw_signal(0); // 0=rotate, 1=pan
   |                     ^^^^^^^^^^^^^^^^

warning: use of deprecated function `leptos::prelude::create_effect`: This function is being removed to conform to Rust idioms. Please use `Effect::new()` instead.
  --> src/components/spectrogram_webgl.rs:43:5
   |
43 |     create_effect(move |_| {
   |     ^^^^^^^^^^^^^

warning: use of deprecated function `leptos::prelude::create_effect`: This function is being removed to conform to Rust idioms. Please use `Effect::new()` instead.
  --> src/components/spectrogram_webgl.rs:70:5
   |
70 |     create_effect(move |_| {
   |     ^^^^^^^^^^^^^

warning: use of deprecated function `leptos::prelude::create_effect`: This function is being removed to conform to Rust idioms. Please use `Effect::new()` instead.
   --> src/components/spectrogram_webgl.rs:236:5
    |
236 |     create_effect(move |_| {
    |     ^^^^^^^^^^^^^

warning: `batchi` (lib) generated 10 warnings (run `cargo fix --lib -p batchi` to apply 1 suggestion)
    Finished `dev` profile [unoptimized + debuginfo] target(s) in 0.17s
2026-02-19T23:40:17.932084Z  INFO fetching cargo artifacts
2026-02-19T23:40:18.554859Z  INFO calling wasm-bindgen for batchi
2026-02-19T23:40:21.011825Z  INFO rust build complete
2026-02-19T23:40:21.014154Z  INFO applying new distribution
2026-02-19T23:40:21.016583Z  INFO ✅ success
2026-02-19T23:40:21.016614Z  INFO 📦 starting build
2026-02-19T23:40:21.016881Z  INFO spawning asset pipelines
2026-02-19T23:40:21.255390Z  INFO copying & hashing css path="style.css"
2026-02-19T23:40:21.255441Z  INFO building batchi
2026-02-19T23:40:21.255839Z  INFO finished copying & hashing css path="style.css"
warning: unused import: `HtmlCanvasElement`
 --> src/components/spectrogram_webgl.rs:6:15
  |
6 | use web_sys::{HtmlCanvasElement, WebGl2RenderingContext};
  |               ^^^^^^^^^^^^^^^^^
  |
  = note: `#[warn(unused_imports)]` (part of `#[warn(unused)]`) on by default

warning: use of deprecated function `leptos::prelude::store_value`: This function is being removed to conform to Rust idioms. Please use `StoredValue::new()` or `StoredValue::new_local()` instead.
  --> src/components/spectrogram_webgl.rs:33:20
   |
33 |     let renderer = store_value(None::<SendWrapper<Waterfall3D>>);
   |                    ^^^^^^^^^^^
   |
   = note: `#[warn(deprecated)]` on by default

warning: use of deprecated function `leptos::prelude::create_rw_signal`: This function is being removed to conform to Rust idioms. Please use `RwSignal::new()` instead.
  --> src/components/spectrogram_webgl.rs:34:26
   |
34 |     let renderer_ready = create_rw_signal(false);
   |                          ^^^^^^^^^^^^^^^^

warning: use of deprecated function `leptos::prelude::create_rw_signal`: This function is being removed to conform to Rust idioms. Please use `RwSignal::new()` instead.
  --> src/components/spectrogram_webgl.rs:35:21
   |
35 |     let last_dims = create_rw_signal::<(i32,i32)>( (0,0) );
   |                     ^^^^^^^^^^^^^^^^

warning: use of deprecated function `leptos::prelude::create_rw_signal`: This function is being removed to conform to Rust idioms. Please use `RwSignal::new()` instead.
  --> src/components/spectrogram_webgl.rs:38:23
   |
38 |     let is_dragging = create_rw_signal(false);
   |                       ^^^^^^^^^^^^^^^^

warning: use of deprecated function `leptos::prelude::create_rw_signal`: This function is being removed to conform to Rust idioms. Please use `RwSignal::new()` instead.
  --> src/components/spectrogram_webgl.rs:39:26
   |
39 |     let last_mouse_pos = create_rw_signal::<(i32,i32)>( (0,0) );
   |                          ^^^^^^^^^^^^^^^^

warning: use of deprecated function `leptos::prelude::create_rw_signal`: This function is being removed to conform to Rust idioms. Please use `RwSignal::new()` instead.
  --> src/components/spectrogram_webgl.rs:40:21
   |
40 |     let drag_mode = create_rw_signal(0); // 0=rotate, 1=pan
   |                     ^^^^^^^^^^^^^^^^

warning: use of deprecated function `leptos::prelude::create_effect`: This function is being removed to conform to Rust idioms. Please use `Effect::new()` instead.
  --> src/components/spectrogram_webgl.rs:43:5
   |
43 |     create_effect(move |_| {
   |     ^^^^^^^^^^^^^

warning: use of deprecated function `leptos::prelude::create_effect`: This function is being removed to conform to Rust idioms. Please use `Effect::new()` instead.
  --> src/components/spectrogram_webgl.rs:70:5
   |
70 |     create_effect(move |_| {
   |     ^^^^^^^^^^^^^

warning: use of deprecated function `leptos::prelude::create_effect`: This function is being removed to conform to Rust idioms. Please use `Effect::new()` instead.
   --> src/components/spectrogram_webgl.rs:236:5
    |
236 |     create_effect(move |_| {
    |     ^^^^^^^^^^^^^

warning: `batchi` (lib) generated 10 warnings (run `cargo fix --lib -p batchi` to apply 1 suggestion)
    Finished `dev` profile [unoptimized + debuginfo] target(s) in 0.16s
2026-02-19T23:40:21.509619Z  INFO fetching cargo artifacts
2026-02-19T23:40:22.133090Z  INFO calling wasm-bindgen for batchi
2026-02-19T23:40:24.594049Z  INFO rust build complete
2026-02-19T23:40:24.596396Z  INFO applying new distribution
2026-02-19T23:40:24.599025Z  INFO ✅ success
2026-02-19T23:40:24.599058Z  INFO 📦 starting build
2026-02-19T23:40:24.599701Z  INFO spawning asset pipelines
2026-02-19T23:40:24.844107Z  INFO copying & hashing css path="style.css"
2026-02-19T23:40:24.844238Z  INFO building batchi
2026-02-19T23:40:24.844499Z  INFO finished copying & hashing css path="style.css"
warning: unused import: `HtmlCanvasElement`
 --> src/components/spectrogram_webgl.rs:6:15
  |
6 | use web_sys::{HtmlCanvasElement, WebGl2RenderingContext};
  |               ^^^^^^^^^^^^^^^^^
  |
  = note: `#[warn(unused_imports)]` (part of `#[warn(unused)]`) on by default

warning: use of deprecated function `leptos::prelude::store_value`: This function is being removed to conform to Rust idioms. Please use `StoredValue::new()` or `StoredValue::new_local()` instead.
  --> src/components/spectrogram_webgl.rs:33:20
   |
33 |     let renderer = store_value(None::<SendWrapper<Waterfall3D>>);
   |                    ^^^^^^^^^^^
   |
   = note: `#[warn(deprecated)]` on by default

warning: use of deprecated function `leptos::prelude::create_rw_signal`: This function is being removed to conform to Rust idioms. Please use `RwSignal::new()` instead.
  --> src/components/spectrogram_webgl.rs:34:26
   |
34 |     let renderer_ready = create_rw_signal(false);
   |                          ^^^^^^^^^^^^^^^^

warning: use of deprecated function `leptos::prelude::create_rw_signal`: This function is being removed to conform to Rust idioms. Please use `RwSignal::new()` instead.
  --> src/components/spectrogram_webgl.rs:35:21
   |
35 |     let last_dims = create_rw_signal::<(i32,i32)>( (0,0) );
   |                     ^^^^^^^^^^^^^^^^

warning: use of deprecated function `leptos::prelude::create_rw_signal`: This function is being removed to conform to Rust idioms. Please use `RwSignal::new()` instead.
  --> src/components/spectrogram_webgl.rs:38:23
   |
38 |     let is_dragging = create_rw_signal(false);
   |                       ^^^^^^^^^^^^^^^^

warning: use of deprecated function `leptos::prelude::create_rw_signal`: This function is being removed to conform to Rust idioms. Please use `RwSignal::new()` instead.
  --> src/components/spectrogram_webgl.rs:39:26
   |
39 |     let last_mouse_pos = create_rw_signal::<(i32,i32)>( (0,0) );
   |                          ^^^^^^^^^^^^^^^^

warning: use of deprecated function `leptos::prelude::create_rw_signal`: This function is being removed to conform to Rust idioms. Please use `RwSignal::new()` instead.
  --> src/components/spectrogram_webgl.rs:40:21
   |
40 |     let drag_mode = create_rw_signal(0); // 0=rotate, 1=pan
   |                     ^^^^^^^^^^^^^^^^

warning: use of deprecated function `leptos::prelude::create_effect`: This function is being removed to conform to Rust idioms. Please use `Effect::new()` instead.
  --> src/components/spectrogram_webgl.rs:43:5
   |
43 |     create_effect(move |_| {
   |     ^^^^^^^^^^^^^

warning: use of deprecated function `leptos::prelude::create_effect`: This function is being removed to conform to Rust idioms. Please use `Effect::new()` instead.
  --> src/components/spectrogram_webgl.rs:70:5
   |
70 |     create_effect(move |_| {
   |     ^^^^^^^^^^^^^

warning: use of deprecated function `leptos::prelude::create_effect`: This function is being removed to conform to Rust idioms. Please use `Effect::new()` instead.
   --> src/components/spectrogram_webgl.rs:236:5
    |
236 |     create_effect(move |_| {
    |     ^^^^^^^^^^^^^

warning: `batchi` (lib) generated 10 warnings (run `cargo fix --lib -p batchi` to apply 1 suggestion)
    Finished `dev` profile [unoptimized + debuginfo] target(s) in 0.16s
2026-02-19T23:40:25.097892Z  INFO fetching cargo artifacts
2026-02-19T23:40:25.720093Z  INFO calling wasm-bindgen for batchi
2026-02-19T23:40:28.174114Z  INFO rust build complete
2026-02-19T23:40:28.176410Z  INFO applying new distribution
2026-02-19T23:40:28.178845Z  INFO ✅ success
2026-02-19T23:40:28.178880Z  INFO 📦 starting build
2026-02-19T23:40:28.179139Z  INFO spawning asset pipelines
2026-02-19T23:40:28.422656Z  INFO copying & hashing css path="style.css"
2026-02-19T23:40:28.422702Z  INFO building batchi
2026-02-19T23:40:28.423058Z  INFO finished copying & hashing css path="style.css"
warning: unused import: `HtmlCanvasElement`
 --> src/components/spectrogram_webgl.rs:6:15
  |
6 | use web_sys::{HtmlCanvasElement, WebGl2RenderingContext};
  |               ^^^^^^^^^^^^^^^^^
  |
  = note: `#[warn(unused_imports)]` (part of `#[warn(unused)]`) on by default

warning: use of deprecated function `leptos::prelude::store_value`: This function is being removed to conform to Rust idioms. Please use `StoredValue::new()` or `StoredValue::new_local()` instead.
  --> src/components/spectrogram_webgl.rs:33:20
   |
33 |     let renderer = store_value(None::<SendWrapper<Waterfall3D>>);
   |                    ^^^^^^^^^^^
   |
   = note: `#[warn(deprecated)]` on by default

warning: use of deprecated function `leptos::prelude::create_rw_signal`: This function is being removed to conform to Rust idioms. Please use `RwSignal::new()` instead.
  --> src/components/spectrogram_webgl.rs:34:26
   |
34 |     let renderer_ready = create_rw_signal(false);
   |                          ^^^^^^^^^^^^^^^^

warning: use of deprecated function `leptos::prelude::create_rw_signal`: This function is being removed to conform to Rust idioms. Please use `RwSignal::new()` instead.
  --> src/components/spectrogram_webgl.rs:35:21
   |
35 |     let last_dims = create_rw_signal::<(i32,i32)>( (0,0) );
   |                     ^^^^^^^^^^^^^^^^

warning: use of deprecated function `leptos::prelude::create_rw_signal`: This function is being removed to conform to Rust idioms. Please use `RwSignal::new()` instead.
  --> src/components/spectrogram_webgl.rs:38:23
   |
38 |     let is_dragging = create_rw_signal(false);
   |                       ^^^^^^^^^^^^^^^^

warning: use of deprecated function `leptos::prelude::create_rw_signal`: This function is being removed to conform to Rust idioms. Please use `RwSignal::new()` instead.
  --> src/components/spectrogram_webgl.rs:39:26
   |
39 |     let last_mouse_pos = create_rw_signal::<(i32,i32)>( (0,0) );
   |                          ^^^^^^^^^^^^^^^^

warning: use of deprecated function `leptos::prelude::create_rw_signal`: This function is being removed to conform to Rust idioms. Please use `RwSignal::new()` instead.
  --> src/components/spectrogram_webgl.rs:40:21
   |
40 |     let drag_mode = create_rw_signal(0); // 0=rotate, 1=pan
   |                     ^^^^^^^^^^^^^^^^

warning: use of deprecated function `leptos::prelude::create_effect`: This function is being removed to conform to Rust idioms. Please use `Effect::new()` instead.
  --> src/components/spectrogram_webgl.rs:43:5
   |
43 |     create_effect(move |_| {
   |     ^^^^^^^^^^^^^

warning: use of deprecated function `leptos::prelude::create_effect`: This function is being removed to conform to Rust idioms. Please use `Effect::new()` instead.
  --> src/components/spectrogram_webgl.rs:70:5
   |
70 |     create_effect(move |_| {
   |     ^^^^^^^^^^^^^

warning: use of deprecated function `leptos::prelude::create_effect`: This function is being removed to conform to Rust idioms. Please use `Effect::new()` instead.
   --> src/components/spectrogram_webgl.rs:236:5
    |
236 |     create_effect(move |_| {
    |     ^^^^^^^^^^^^^

warning: `batchi` (lib) generated 10 warnings (run `cargo fix --lib -p batchi` to apply 1 suggestion)
    Finished `dev` profile [unoptimized + debuginfo] target(s) in 0.17s
2026-02-19T23:40:28.683314Z  INFO fetching cargo artifacts
2026-02-19T23:40:29.308199Z  INFO calling wasm-bindgen for batchi
2026-02-19T23:40:31.718519Z  INFO rust build complete
2026-02-19T23:40:31.720966Z  INFO applying new distribution
2026-02-19T23:40:31.723603Z  INFO ✅ success
2026-02-19T23:40:31.723639Z  INFO 📦 starting build
2026-02-19T23:40:31.723911Z  INFO spawning asset pipelines
2026-02-19T23:40:31.963445Z  INFO copying & hashing css path="style.css"
2026-02-19T23:40:31.963531Z  INFO building batchi
2026-02-19T23:40:31.963887Z  INFO finished copying & hashing css path="style.css"
warning: unused import: `HtmlCanvasElement`
 --> src/components/spectrogram_webgl.rs:6:15
  |
6 | use web_sys::{HtmlCanvasElement, WebGl2RenderingContext};
  |               ^^^^^^^^^^^^^^^^^
  |
  = note: `#[warn(unused_imports)]` (part of `#[warn(unused)]`) on by default

warning: use of deprecated function `leptos::prelude::store_value`: This function is being removed to conform to Rust idioms. Please use `StoredValue::new()` or `StoredValue::new_local()` instead.
  --> src/components/spectrogram_webgl.rs:33:20
   |
33 |     let renderer = store_value(None::<SendWrapper<Waterfall3D>>);
   |                    ^^^^^^^^^^^
   |
   = note: `#[warn(deprecated)]` on by default

warning: use of deprecated function `leptos::prelude::create_rw_signal`: This function is being removed to conform to Rust idioms. Please use `RwSignal::new()` instead.
  --> src/components/spectrogram_webgl.rs:34:26
   |
34 |     let renderer_ready = create_rw_signal(false);
   |                          ^^^^^^^^^^^^^^^^

warning: use of deprecated function `leptos::prelude::create_rw_signal`: This function is being removed to conform to Rust idioms. Please use `RwSignal::new()` instead.
  --> src/components/spectrogram_webgl.rs:35:21
   |
35 |     let last_dims = create_rw_signal::<(i32,i32)>( (0,0) );
   |                     ^^^^^^^^^^^^^^^^

warning: use of deprecated function `leptos::prelude::create_rw_signal`: This function is being removed to conform to Rust idioms. Please use `RwSignal::new()` instead.
  --> src/components/spectrogram_webgl.rs:38:23
   |
38 |     let is_dragging = create_rw_signal(false);
   |                       ^^^^^^^^^^^^^^^^

warning: use of deprecated function `leptos::prelude::create_rw_signal`: This function is being removed to conform to Rust idioms. Please use `RwSignal::new()` instead.
  --> src/components/spectrogram_webgl.rs:39:26
   |
39 |     let last_mouse_pos = create_rw_signal::<(i32,i32)>( (0,0) );
   |                          ^^^^^^^^^^^^^^^^

warning: use of deprecated function `leptos::prelude::create_rw_signal`: This function is being removed to conform to Rust idioms. Please use `RwSignal::new()` instead.
  --> src/components/spectrogram_webgl.rs:40:21
   |
40 |     let drag_mode = create_rw_signal(0); // 0=rotate, 1=pan
   |                     ^^^^^^^^^^^^^^^^

warning: use of deprecated function `leptos::prelude::create_effect`: This function is being removed to conform to Rust idioms. Please use `Effect::new()` instead.
  --> src/components/spectrogram_webgl.rs:43:5
   |
43 |     create_effect(move |_| {
   |     ^^^^^^^^^^^^^

warning: use of deprecated function `leptos::prelude::create_effect`: This function is being removed to conform to Rust idioms. Please use `Effect::new()` instead.
  --> src/components/spectrogram_webgl.rs:70:5
   |
70 |     create_effect(move |_| {
   |     ^^^^^^^^^^^^^

warning: use of deprecated function `leptos::prelude::create_effect`: This function is being removed to conform to Rust idioms. Please use `Effect::new()` instead.
   --> src/components/spectrogram_webgl.rs:236:5
    |
236 |     create_effect(move |_| {
    |     ^^^^^^^^^^^^^

warning: `batchi` (lib) generated 10 warnings (run `cargo fix --lib -p batchi` to apply 1 suggestion)
    Finished `dev` profile [unoptimized + debuginfo] target(s) in 0.17s
2026-02-19T23:40:32.220197Z  INFO fetching cargo artifacts
2026-02-19T23:40:32.851683Z  INFO calling wasm-bindgen for batchi
2026-02-19T23:40:35.286440Z  INFO rust build complete
2026-02-19T23:40:35.288822Z  INFO applying new distribution
2026-02-19T23:40:35.291422Z  INFO ✅ success
2026-02-19T23:40:35.291452Z  INFO 📦 starting build
2026-02-19T23:40:35.291701Z  INFO spawning asset pipelines
2026-02-19T23:40:35.532097Z  INFO copying & hashing css path="style.css"
2026-02-19T23:40:35.532198Z  INFO building batchi
2026-02-19T23:40:35.532563Z  INFO finished copying & hashing css path="style.css"
warning: unused import: `HtmlCanvasElement`
 --> src/components/spectrogram_webgl.rs:6:15
  |
6 | use web_sys::{HtmlCanvasElement, WebGl2RenderingContext};
  |               ^^^^^^^^^^^^^^^^^
  |
  = note: `#[warn(unused_imports)]` (part of `#[warn(unused)]`) on by default

warning: use of deprecated function `leptos::prelude::store_value`: This function is being removed to conform to Rust idioms. Please use `StoredValue::new()` or `StoredValue::new_local()` instead.
  --> src/components/spectrogram_webgl.rs:33:20
   |
33 |     let renderer = store_value(None::<SendWrapper<Waterfall3D>>);
   |                    ^^^^^^^^^^^
   |
   = note: `#[warn(deprecated)]` on by default

warning: use of deprecated function `leptos::prelude::create_rw_signal`: This function is being removed to conform to Rust idioms. Please use `RwSignal::new()` instead.
  --> src/components/spectrogram_webgl.rs:34:26
   |
34 |     let renderer_ready = create_rw_signal(false);
   |                          ^^^^^^^^^^^^^^^^

warning: use of deprecated function `leptos::prelude::create_rw_signal`: This function is being removed to conform to Rust idioms. Please use `RwSignal::new()` instead.
  --> src/components/spectrogram_webgl.rs:35:21
   |
35 |     let last_dims = create_rw_signal::<(i32,i32)>( (0,0) );
   |                     ^^^^^^^^^^^^^^^^

warning: use of deprecated function `leptos::prelude::create_rw_signal`: This function is being removed to conform to Rust idioms. Please use `RwSignal::new()` instead.
  --> src/components/spectrogram_webgl.rs:38:23
   |
38 |     let is_dragging = create_rw_signal(false);
   |                       ^^^^^^^^^^^^^^^^

warning: use of deprecated function `leptos::prelude::create_rw_signal`: This function is being removed to conform to Rust idioms. Please use `RwSignal::new()` instead.
  --> src/components/spectrogram_webgl.rs:39:26
   |
39 |     let last_mouse_pos = create_rw_signal::<(i32,i32)>( (0,0) );
   |                          ^^^^^^^^^^^^^^^^

warning: use of deprecated function `leptos::prelude::create_rw_signal`: This function is being removed to conform to Rust idioms. Please use `RwSignal::new()` instead.
  --> src/components/spectrogram_webgl.rs:40:21
   |
40 |     let drag_mode = create_rw_signal(0); // 0=rotate, 1=pan
   |                     ^^^^^^^^^^^^^^^^

warning: use of deprecated function `leptos::prelude::create_effect`: This function is being removed to conform to Rust idioms. Please use `Effect::new()` instead.
  --> src/components/spectrogram_webgl.rs:43:5
   |
43 |     create_effect(move |_| {
   |     ^^^^^^^^^^^^^

warning: use of deprecated function `leptos::prelude::create_effect`: This function is being removed to conform to Rust idioms. Please use `Effect::new()` instead.
  --> src/components/spectrogram_webgl.rs:70:5
   |
70 |     create_effect(move |_| {
   |     ^^^^^^^^^^^^^

warning: use of deprecated function `leptos::prelude::create_effect`: This function is being removed to conform to Rust idioms. Please use `Effect::new()` instead.
   --> src/components/spectrogram_webgl.rs:236:5
    |
236 |     create_effect(move |_| {
    |     ^^^^^^^^^^^^^

warning: `batchi` (lib) generated 10 warnings (run `cargo fix --lib -p batchi` to apply 1 suggestion)
    Finished `dev` profile [unoptimized + debuginfo] target(s) in 0.17s
2026-02-19T23:40:35.789341Z  INFO fetching cargo artifacts
2026-02-19T23:40:36.407933Z  INFO calling wasm-bindgen for batchi
2026-02-19T23:40:38.819361Z  INFO rust build complete
2026-02-19T23:40:38.821766Z  INFO applying new distribution
2026-02-19T23:40:38.824425Z  INFO ✅ success
2026-02-19T23:40:38.824462Z  INFO 📦 starting build
2026-02-19T23:40:38.824712Z  INFO spawning asset pipelines
2026-02-19T23:40:39.067074Z  INFO copying & hashing css path="style.css"
2026-02-19T23:40:39.067133Z  INFO building batchi
2026-02-19T23:40:39.067470Z  INFO finished copying & hashing css path="style.css"
warning: unused import: `HtmlCanvasElement`
 --> src/components/spectrogram_webgl.rs:6:15
  |
6 | use web_sys::{HtmlCanvasElement, WebGl2RenderingContext};
  |               ^^^^^^^^^^^^^^^^^
  |
  = note: `#[warn(unused_imports)]` (part of `#[warn(unused)]`) on by default

warning: use of deprecated function `leptos::prelude::store_value`: This function is being removed to conform to Rust idioms. Please use `StoredValue::new()` or `StoredValue::new_local()` instead.
  --> src/components/spectrogram_webgl.rs:33:20
   |
33 |     let renderer = store_value(None::<SendWrapper<Waterfall3D>>);
   |                    ^^^^^^^^^^^
   |
   = note: `#[warn(deprecated)]` on by default

warning: use of deprecated function `leptos::prelude::create_rw_signal`: This function is being removed to conform to Rust idioms. Please use `RwSignal::new()` instead.
  --> src/components/spectrogram_webgl.rs:34:26
   |
34 |     let renderer_ready = create_rw_signal(false);
   |                          ^^^^^^^^^^^^^^^^

warning: use of deprecated function `leptos::prelude::create_rw_signal`: This function is being removed to conform to Rust idioms. Please use `RwSignal::new()` instead.
  --> src/components/spectrogram_webgl.rs:35:21
   |
35 |     let last_dims = create_rw_signal::<(i32,i32)>( (0,0) );
   |                     ^^^^^^^^^^^^^^^^

warning: use of deprecated function `leptos::prelude::create_rw_signal`: This function is being removed to conform to Rust idioms. Please use `RwSignal::new()` instead.
  --> src/components/spectrogram_webgl.rs:38:23
   |
38 |     let is_dragging = create_rw_signal(false);
   |                       ^^^^^^^^^^^^^^^^

warning: use of deprecated function `leptos::prelude::create_rw_signal`: This function is being removed to conform to Rust idioms. Please use `RwSignal::new()` instead.
  --> src/components/spectrogram_webgl.rs:39:26
   |
39 |     let last_mouse_pos = create_rw_signal::<(i32,i32)>( (0,0) );
   |                          ^^^^^^^^^^^^^^^^

warning: use of deprecated function `leptos::prelude::create_rw_signal`: This function is being removed to conform to Rust idioms. Please use `RwSignal::new()` instead.
  --> src/components/spectrogram_webgl.rs:40:21
   |
40 |     let drag_mode = create_rw_signal(0); // 0=rotate, 1=pan
   |                     ^^^^^^^^^^^^^^^^

warning: use of deprecated function `leptos::prelude::create_effect`: This function is being removed to conform to Rust idioms. Please use `Effect::new()` instead.
  --> src/components/spectrogram_webgl.rs:43:5
   |
43 |     create_effect(move |_| {
   |     ^^^^^^^^^^^^^

warning: use of deprecated function `leptos::prelude::create_effect`: This function is being removed to conform to Rust idioms. Please use `Effect::new()` instead.
  --> src/components/spectrogram_webgl.rs:70:5
   |
70 |     create_effect(move |_| {
   |     ^^^^^^^^^^^^^

warning: use of deprecated function `leptos::prelude::create_effect`: This function is being removed to conform to Rust idioms. Please use `Effect::new()` instead.
   --> src/components/spectrogram_webgl.rs:236:5
    |
236 |     create_effect(move |_| {
    |     ^^^^^^^^^^^^^

warning: `batchi` (lib) generated 10 warnings (run `cargo fix --lib -p batchi` to apply 1 suggestion)
    Finished `dev` profile [unoptimized + debuginfo] target(s) in 0.17s
2026-02-19T23:40:39.322809Z  INFO fetching cargo artifacts
2026-02-19T23:40:39.946330Z  INFO calling wasm-bindgen for batchi
2026-02-19T23:40:42.360260Z  INFO rust build complete
2026-02-19T23:40:42.362873Z  INFO applying new distribution
2026-02-19T23:40:42.365293Z  INFO ✅ success
2026-02-19T23:40:42.365325Z  INFO 📦 starting build
2026-02-19T23:40:42.365634Z  INFO spawning asset pipelines
2026-02-19T23:40:42.605870Z  INFO copying & hashing css path="style.css"
2026-02-19T23:40:42.605947Z  INFO building batchi
2026-02-19T23:40:42.606336Z  INFO finished copying & hashing css path="style.css"
warning: unused import: `HtmlCanvasElement`
 --> src/components/spectrogram_webgl.rs:6:15
  |
6 | use web_sys::{HtmlCanvasElement, WebGl2RenderingContext};
  |               ^^^^^^^^^^^^^^^^^
  |
  = note: `#[warn(unused_imports)]` (part of `#[warn(unused)]`) on by default

warning: use of deprecated function `leptos::prelude::store_value`: This function is being removed to conform to Rust idioms. Please use `StoredValue::new()` or `StoredValue::new_local()` instead.
  --> src/components/spectrogram_webgl.rs:33:20
   |
33 |     let renderer = store_value(None::<SendWrapper<Waterfall3D>>);
   |                    ^^^^^^^^^^^
   |
   = note: `#[warn(deprecated)]` on by default

warning: use of deprecated function `leptos::prelude::create_rw_signal`: This function is being removed to conform to Rust idioms. Please use `RwSignal::new()` instead.
  --> src/components/spectrogram_webgl.rs:34:26
   |
34 |     let renderer_ready = create_rw_signal(false);
   |                          ^^^^^^^^^^^^^^^^

warning: use of deprecated function `leptos::prelude::create_rw_signal`: This function is being removed to conform to Rust idioms. Please use `RwSignal::new()` instead.
  --> src/components/spectrogram_webgl.rs:35:21
   |
35 |     let last_dims = create_rw_signal::<(i32,i32)>( (0,0) );
   |                     ^^^^^^^^^^^^^^^^

warning: use of deprecated function `leptos::prelude::create_rw_signal`: This function is being removed to conform to Rust idioms. Please use `RwSignal::new()` instead.
  --> src/components/spectrogram_webgl.rs:38:23
   |
38 |     let is_dragging = create_rw_signal(false);
   |                       ^^^^^^^^^^^^^^^^

warning: use of deprecated function `leptos::prelude::create_rw_signal`: This function is being removed to conform to Rust idioms. Please use `RwSignal::new()` instead.
  --> src/components/spectrogram_webgl.rs:39:26
   |
39 |     let last_mouse_pos = create_rw_signal::<(i32,i32)>( (0,0) );
   |                          ^^^^^^^^^^^^^^^^

warning: use of deprecated function `leptos::prelude::create_rw_signal`: This function is being removed to conform to Rust idioms. Please use `RwSignal::new()` instead.
  --> src/components/spectrogram_webgl.rs:40:21
   |
40 |     let drag_mode = create_rw_signal(0); // 0=rotate, 1=pan
   |                     ^^^^^^^^^^^^^^^^

warning: use of deprecated function `leptos::prelude::create_effect`: This function is being removed to conform to Rust idioms. Please use `Effect::new()` instead.
  --> src/components/spectrogram_webgl.rs:43:5
   |
43 |     create_effect(move |_| {
   |     ^^^^^^^^^^^^^

warning: use of deprecated function `leptos::prelude::create_effect`: This function is being removed to conform to Rust idioms. Please use `Effect::new()` instead.
  --> src/components/spectrogram_webgl.rs:70:5
   |
70 |     create_effect(move |_| {
   |     ^^^^^^^^^^^^^

warning: use of deprecated function `leptos::prelude::create_effect`: This function is being removed to conform to Rust idioms. Please use `Effect::new()` instead.
   --> src/components/spectrogram_webgl.rs:236:5
    |
236 |     create_effect(move |_| {
    |     ^^^^^^^^^^^^^

warning: `batchi` (lib) generated 10 warnings (run `cargo fix --lib -p batchi` to apply 1 suggestion)
    Finished `dev` profile [unoptimized + debuginfo] target(s) in 0.17s
2026-02-19T23:40:42.862702Z  INFO fetching cargo artifacts
2026-02-19T23:40:43.485392Z  INFO calling wasm-bindgen for batchi
2026-02-19T23:40:45.882954Z  INFO rust build complete
2026-02-19T23:40:45.885313Z  INFO applying new distribution
2026-02-19T23:40:45.887807Z  INFO ✅ success
2026-02-19T23:40:45.887844Z  INFO 📦 starting build
2026-02-19T23:40:45.888098Z  INFO spawning asset pipelines
2026-02-19T23:40:46.126050Z  INFO copying & hashing css path="style.css"
2026-02-19T23:40:46.126094Z  INFO building batchi
2026-02-19T23:40:46.126556Z  INFO finished copying & hashing css path="style.css"
warning: unused import: `HtmlCanvasElement`
 --> src/components/spectrogram_webgl.rs:6:15
  |
6 | use web_sys::{HtmlCanvasElement, WebGl2RenderingContext};
  |               ^^^^^^^^^^^^^^^^^
  |
  = note: `#[warn(unused_imports)]` (part of `#[warn(unused)]`) on by default

warning: use of deprecated function `leptos::prelude::store_value`: This function is being removed to conform to Rust idioms. Please use `StoredValue::new()` or `StoredValue::new_local()` instead.
  --> src/components/spectrogram_webgl.rs:33:20
   |
33 |     let renderer = store_value(None::<SendWrapper<Waterfall3D>>);
   |                    ^^^^^^^^^^^
   |
   = note: `#[warn(deprecated)]` on by default

warning: use of deprecated function `leptos::prelude::create_rw_signal`: This function is being removed to conform to Rust idioms. Please use `RwSignal::new()` instead.
  --> src/components/spectrogram_webgl.rs:34:26
   |
34 |     let renderer_ready = create_rw_signal(false);
   |                          ^^^^^^^^^^^^^^^^

warning: use of deprecated function `leptos::prelude::create_rw_signal`: This function is being removed to conform to Rust idioms. Please use `RwSignal::new()` instead.
  --> src/components/spectrogram_webgl.rs:35:21
   |
35 |     let last_dims = create_rw_signal::<(i32,i32)>( (0,0) );
   |                     ^^^^^^^^^^^^^^^^

warning: use of deprecated function `leptos::prelude::create_rw_signal`: This function is being removed to conform to Rust idioms. Please use `RwSignal::new()` instead.
  --> src/components/spectrogram_webgl.rs:38:23
   |
38 |     let is_dragging = create_rw_signal(false);
   |                       ^^^^^^^^^^^^^^^^

warning: use of deprecated function `leptos::prelude::create_rw_signal`: This function is being removed to conform to Rust idioms. Please use `RwSignal::new()` instead.
  --> src/components/spectrogram_webgl.rs:39:26
   |
39 |     let last_mouse_pos = create_rw_signal::<(i32,i32)>( (0,0) );
   |                          ^^^^^^^^^^^^^^^^

warning: use of deprecated function `leptos::prelude::create_rw_signal`: This function is being removed to conform to Rust idioms. Please use `RwSignal::new()` instead.
  --> src/components/spectrogram_webgl.rs:40:21
   |
40 |     let drag_mode = create_rw_signal(0); // 0=rotate, 1=pan
   |                     ^^^^^^^^^^^^^^^^

warning: use of deprecated function `leptos::prelude::create_effect`: This function is being removed to conform to Rust idioms. Please use `Effect::new()` instead.
  --> src/components/spectrogram_webgl.rs:43:5
   |
43 |     create_effect(move |_| {
   |     ^^^^^^^^^^^^^

warning: use of deprecated function `leptos::prelude::create_effect`: This function is being removed to conform to Rust idioms. Please use `Effect::new()` instead.
  --> src/components/spectrogram_webgl.rs:70:5
   |
70 |     create_effect(move |_| {
   |     ^^^^^^^^^^^^^

warning: use of deprecated function `leptos::prelude::create_effect`: This function is being removed to conform to Rust idioms. Please use `Effect::new()` instead.
   --> src/components/spectrogram_webgl.rs:236:5
    |
236 |     create_effect(move |_| {
    |     ^^^^^^^^^^^^^

warning: `batchi` (lib) generated 10 warnings (run `cargo fix --lib -p batchi` to apply 1 suggestion)
    Finished `dev` profile [unoptimized + debuginfo] target(s) in 0.16s
2026-02-19T23:40:46.381600Z  INFO fetching cargo artifacts
2026-02-19T23:40:47.002430Z  INFO calling wasm-bindgen for batchi
2026-02-19T23:40:49.429667Z  INFO rust build complete
2026-02-19T23:40:49.431996Z  INFO applying new distribution
2026-02-19T23:40:49.434552Z  INFO ✅ success
2026-02-19T23:40:49.434585Z  INFO 📦 starting build
2026-02-19T23:40:49.434879Z  INFO spawning asset pipelines
2026-02-19T23:40:49.677082Z  INFO copying & hashing css path="style.css"
2026-02-19T23:40:49.677142Z  INFO building batchi
2026-02-19T23:40:49.677551Z  INFO finished copying & hashing css path="style.css"
warning: unused import: `HtmlCanvasElement`
 --> src/components/spectrogram_webgl.rs:6:15
  |
6 | use web_sys::{HtmlCanvasElement, WebGl2RenderingContext};
  |               ^^^^^^^^^^^^^^^^^
  |
  = note: `#[warn(unused_imports)]` (part of `#[warn(unused)]`) on by default

warning: use of deprecated function `leptos::prelude::store_value`: This function is being removed to conform to Rust idioms. Please use `StoredValue::new()` or `StoredValue::new_local()` instead.
  --> src/components/spectrogram_webgl.rs:33:20
   |
33 |     let renderer = store_value(None::<SendWrapper<Waterfall3D>>);
   |                    ^^^^^^^^^^^
   |
   = note: `#[warn(deprecated)]` on by default

warning: use of deprecated function `leptos::prelude::create_rw_signal`: This function is being removed to conform to Rust idioms. Please use `RwSignal::new()` instead.
  --> src/components/spectrogram_webgl.rs:34:26
   |
34 |     let renderer_ready = create_rw_signal(false);
   |                          ^^^^^^^^^^^^^^^^

warning: use of deprecated function `leptos::prelude::create_rw_signal`: This function is being removed to conform to Rust idioms. Please use `RwSignal::new()` instead.
  --> src/components/spectrogram_webgl.rs:35:21
   |
35 |     let last_dims = create_rw_signal::<(i32,i32)>( (0,0) );
   |                     ^^^^^^^^^^^^^^^^

warning: use of deprecated function `leptos::prelude::create_rw_signal`: This function is being removed to conform to Rust idioms. Please use `RwSignal::new()` instead.
  --> src/components/spectrogram_webgl.rs:38:23
   |
38 |     let is_dragging = create_rw_signal(false);
   |                       ^^^^^^^^^^^^^^^^

warning: use of deprecated function `leptos::prelude::create_rw_signal`: This function is being removed to conform to Rust idioms. Please use `RwSignal::new()` instead.
  --> src/components/spectrogram_webgl.rs:39:26
   |
39 |     let last_mouse_pos = create_rw_signal::<(i32,i32)>( (0,0) );
   |                          ^^^^^^^^^^^^^^^^

warning: use of deprecated function `leptos::prelude::create_rw_signal`: This function is being removed to conform to Rust idioms. Please use `RwSignal::new()` instead.
  --> src/components/spectrogram_webgl.rs:40:21
   |
40 |     let drag_mode = create_rw_signal(0); // 0=rotate, 1=pan
   |                     ^^^^^^^^^^^^^^^^

warning: use of deprecated function `leptos::prelude::create_effect`: This function is being removed to conform to Rust idioms. Please use `Effect::new()` instead.
  --> src/components/spectrogram_webgl.rs:43:5
   |
43 |     create_effect(move |_| {
   |     ^^^^^^^^^^^^^

warning: use of deprecated function `leptos::prelude::create_effect`: This function is being removed to conform to Rust idioms. Please use `Effect::new()` instead.
  --> src/components/spectrogram_webgl.rs:70:5
   |
70 |     create_effect(move |_| {
   |     ^^^^^^^^^^^^^

warning: use of deprecated function `leptos::prelude::create_effect`: This function is being removed to conform to Rust idioms. Please use `Effect::new()` instead.
   --> src/components/spectrogram_webgl.rs:236:5
    |
236 |     create_effect(move |_| {
    |     ^^^^^^^^^^^^^

warning: `batchi` (lib) generated 10 warnings (run `cargo fix --lib -p batchi` to apply 1 suggestion)
    Finished `dev` profile [unoptimized + debuginfo] target(s) in 0.17s
2026-02-19T23:40:49.936620Z  INFO fetching cargo artifacts
2026-02-19T23:40:50.557043Z  INFO calling wasm-bindgen for batchi
2026-02-19T23:40:52.999522Z  INFO rust build complete
2026-02-19T23:40:53.001918Z  INFO applying new distribution
2026-02-19T23:40:53.004351Z  INFO ✅ success
2026-02-19T23:40:53.004380Z  INFO 📦 starting build
2026-02-19T23:40:53.004679Z  INFO spawning asset pipelines
2026-02-19T23:40:53.244087Z  INFO copying & hashing css path="style.css"
2026-02-19T23:40:53.244144Z  INFO building batchi
2026-02-19T23:40:53.244441Z  INFO finished copying & hashing css path="style.css"
warning: unused import: `HtmlCanvasElement`
 --> src/components/spectrogram_webgl.rs:6:15
  |
6 | use web_sys::{HtmlCanvasElement, WebGl2RenderingContext};
  |               ^^^^^^^^^^^^^^^^^
  |
  = note: `#[warn(unused_imports)]` (part of `#[warn(unused)]`) on by default

warning: use of deprecated function `leptos::prelude::store_value`: This function is being removed to conform to Rust idioms. Please use `StoredValue::new()` or `StoredValue::new_local()` instead.
  --> src/components/spectrogram_webgl.rs:33:20
   |
33 |     let renderer = store_value(None::<SendWrapper<Waterfall3D>>);
   |                    ^^^^^^^^^^^
   |
   = note: `#[warn(deprecated)]` on by default

warning: use of deprecated function `leptos::prelude::create_rw_signal`: This function is being removed to conform to Rust idioms. Please use `RwSignal::new()` instead.
  --> src/components/spectrogram_webgl.rs:34:26
   |
34 |     let renderer_ready = create_rw_signal(false);
   |                          ^^^^^^^^^^^^^^^^

warning: use of deprecated function `leptos::prelude::create_rw_signal`: This function is being removed to conform to Rust idioms. Please use `RwSignal::new()` instead.
  --> src/components/spectrogram_webgl.rs:35:21
   |
35 |     let last_dims = create_rw_signal::<(i32,i32)>( (0,0) );
   |                     ^^^^^^^^^^^^^^^^

warning: use of deprecated function `leptos::prelude::create_rw_signal`: This function is being removed to conform to Rust idioms. Please use `RwSignal::new()` instead.
  --> src/components/spectrogram_webgl.rs:38:23
   |
38 |     let is_dragging = create_rw_signal(false);
   |                       ^^^^^^^^^^^^^^^^

warning: use of deprecated function `leptos::prelude::create_rw_signal`: This function is being removed to conform to Rust idioms. Please use `RwSignal::new()` instead.
  --> src/components/spectrogram_webgl.rs:39:26
   |
39 |     let last_mouse_pos = create_rw_signal::<(i32,i32)>( (0,0) );
   |                          ^^^^^^^^^^^^^^^^

warning: use of deprecated function `leptos::prelude::create_rw_signal`: This function is being removed to conform to Rust idioms. Please use `RwSignal::new()` instead.
  --> src/components/spectrogram_webgl.rs:40:21
   |
40 |     let drag_mode = create_rw_signal(0); // 0=rotate, 1=pan
   |                     ^^^^^^^^^^^^^^^^

warning: use of deprecated function `leptos::prelude::create_effect`: This function is being removed to conform to Rust idioms. Please use `Effect::new()` instead.
  --> src/components/spectrogram_webgl.rs:43:5
   |
43 |     create_effect(move |_| {
   |     ^^^^^^^^^^^^^

warning: use of deprecated function `leptos::prelude::create_effect`: This function is being removed to conform to Rust idioms. Please use `Effect::new()` instead.
  --> src/components/spectrogram_webgl.rs:70:5
   |
70 |     create_effect(move |_| {
   |     ^^^^^^^^^^^^^

warning: use of deprecated function `leptos::prelude::create_effect`: This function is being removed to conform to Rust idioms. Please use `Effect::new()` instead.
   --> src/components/spectrogram_webgl.rs:236:5
    |
236 |     create_effect(move |_| {
    |     ^^^^^^^^^^^^^

warning: `batchi` (lib) generated 10 warnings (run `cargo fix --lib -p batchi` to apply 1 suggestion)
    Finished `dev` profile [unoptimized + debuginfo] target(s) in 0.17s
2026-02-19T23:40:53.502647Z  INFO fetching cargo artifacts
2026-02-19T23:40:54.120352Z  INFO calling wasm-bindgen for batchi
2026-02-19T23:40:56.564886Z  INFO rust build complete
2026-02-19T23:40:56.567260Z  INFO applying new distribution
2026-02-19T23:40:56.569581Z  INFO ✅ success
2026-02-19T23:40:56.569626Z  INFO 📦 starting build
2026-02-19T23:40:56.569971Z  INFO spawning asset pipelines
2026-02-19T23:40:56.807048Z  INFO copying & hashing css path="style.css"
2026-02-19T23:40:56.807084Z  INFO building batchi
2026-02-19T23:40:56.807451Z  INFO finished copying & hashing css path="style.css"
   Compiling batchi v0.1.1 (/app)
warning: unused import: `HtmlCanvasElement`
 --> src/components/spectrogram_webgl.rs:6:15
  |
6 | use web_sys::{HtmlCanvasElement, WebGl2RenderingContext};
  |               ^^^^^^^^^^^^^^^^^
  |
  = note: `#[warn(unused_imports)]` (part of `#[warn(unused)]`) on by default

warning: use of deprecated function `leptos::prelude::store_value`: This function is being removed to conform to Rust idioms. Please use `StoredValue::new()` or `StoredValue::new_local()` instead.
  --> src/components/spectrogram_webgl.rs:33:20
   |
33 |     let renderer = store_value(None::<SendWrapper<Waterfall3D>>);
   |                    ^^^^^^^^^^^
   |
   = note: `#[warn(deprecated)]` on by default

warning: use of deprecated function `leptos::prelude::create_rw_signal`: This function is being removed to conform to Rust idioms. Please use `RwSignal::new()` instead.
  --> src/components/spectrogram_webgl.rs:34:26
   |
34 |     let renderer_ready = create_rw_signal(false);
   |                          ^^^^^^^^^^^^^^^^

warning: use of deprecated function `leptos::prelude::create_rw_signal`: This function is being removed to conform to Rust idioms. Please use `RwSignal::new()` instead.
  --> src/components/spectrogram_webgl.rs:35:21
   |
35 |     let last_dims = create_rw_signal::<(i32,i32)>( (0,0) );
   |                     ^^^^^^^^^^^^^^^^

warning: use of deprecated function `leptos::prelude::create_rw_signal`: This function is being removed to conform to Rust idioms. Please use `RwSignal::new()` instead.
  --> src/components/spectrogram_webgl.rs:38:23
   |
38 |     let is_dragging = create_rw_signal(false);
   |                       ^^^^^^^^^^^^^^^^

warning: use of deprecated function `leptos::prelude::create_rw_signal`: This function is being removed to conform to Rust idioms. Please use `RwSignal::new()` instead.
  --> src/components/spectrogram_webgl.rs:39:26
   |
39 |     let last_mouse_pos = create_rw_signal::<(i32,i32)>( (0,0) );
   |                          ^^^^^^^^^^^^^^^^

warning: use of deprecated function `leptos::prelude::create_rw_signal`: This function is being removed to conform to Rust idioms. Please use `RwSignal::new()` instead.
  --> src/components/spectrogram_webgl.rs:40:21
   |
40 |     let drag_mode = create_rw_signal(0); // 0=rotate, 1=pan
   |                     ^^^^^^^^^^^^^^^^

warning: use of deprecated function `leptos::prelude::create_effect`: This function is being removed to conform to Rust idioms. Please use `Effect::new()` instead.
  --> src/components/spectrogram_webgl.rs:43:5
   |
43 |     create_effect(move |_| {
   |     ^^^^^^^^^^^^^

warning: use of deprecated function `leptos::prelude::create_effect`: This function is being removed to conform to Rust idioms. Please use `Effect::new()` instead.
  --> src/components/spectrogram_webgl.rs:70:5
   |
70 |     create_effect(move |_| {
   |     ^^^^^^^^^^^^^

warning: use of deprecated function `leptos::prelude::create_effect`: This function is being removed to conform to Rust idioms. Please use `Effect::new()` instead.
   --> src/components/spectrogram_webgl.rs:236:5
    |
236 |     create_effect(move |_| {
    |     ^^^^^^^^^^^^^

warning: `batchi` (lib) generated 10 warnings (run `cargo fix --lib -p batchi` to apply 1 suggestion)
    Finished `dev` profile [unoptimized + debuginfo] target(s) in 2.90s
2026-02-19T23:40:59.803197Z  INFO fetching cargo artifacts
2026-02-19T23:41:00.478627Z  INFO calling wasm-bindgen for batchi
2026-02-19T23:41:02.938669Z  INFO rust build complete
2026-02-19T23:41:02.940940Z  INFO applying new distribution
2026-02-19T23:41:02.944813Z  INFO ✅ success
2026-02-19T23:41:02.944845Z  INFO 📦 starting build
2026-02-19T23:41:02.945233Z  INFO spawning asset pipelines
2026-02-19T23:41:03.192153Z  INFO copying & hashing css path="style.css"
2026-02-19T23:41:03.192197Z  INFO building batchi
2026-02-19T23:41:03.192561Z  INFO finished copying & hashing css path="style.css"
warning: unused import: `HtmlCanvasElement`
 --> src/components/spectrogram_webgl.rs:6:15
  |
6 | use web_sys::{HtmlCanvasElement, WebGl2RenderingContext};
  |               ^^^^^^^^^^^^^^^^^
  |
  = note: `#[warn(unused_imports)]` (part of `#[warn(unused)]`) on by default

warning: use of deprecated function `leptos::prelude::store_value`: This function is being removed to conform to Rust idioms. Please use `StoredValue::new()` or `StoredValue::new_local()` instead.
  --> src/components/spectrogram_webgl.rs:33:20
   |
33 |     let renderer = store_value(None::<SendWrapper<Waterfall3D>>);
   |                    ^^^^^^^^^^^
   |
   = note: `#[warn(deprecated)]` on by default

warning: use of deprecated function `leptos::prelude::create_rw_signal`: This function is being removed to conform to Rust idioms. Please use `RwSignal::new()` instead.
  --> src/components/spectrogram_webgl.rs:34:26
   |
34 |     let renderer_ready = create_rw_signal(false);
   |                          ^^^^^^^^^^^^^^^^

warning: use of deprecated function `leptos::prelude::create_rw_signal`: This function is being removed to conform to Rust idioms. Please use `RwSignal::new()` instead.
  --> src/components/spectrogram_webgl.rs:35:21
   |
35 |     let last_dims = create_rw_signal::<(i32,i32)>( (0,0) );
   |                     ^^^^^^^^^^^^^^^^

warning: use of deprecated function `leptos::prelude::create_rw_signal`: This function is being removed to conform to Rust idioms. Please use `RwSignal::new()` instead.
  --> src/components/spectrogram_webgl.rs:38:23
   |
38 |     let is_dragging = create_rw_signal(false);
   |                       ^^^^^^^^^^^^^^^^

warning: use of deprecated function `leptos::prelude::create_rw_signal`: This function is being removed to conform to Rust idioms. Please use `RwSignal::new()` instead.
  --> src/components/spectrogram_webgl.rs:39:26
   |
39 |     let last_mouse_pos = create_rw_signal::<(i32,i32)>( (0,0) );
   |                          ^^^^^^^^^^^^^^^^

warning: use of deprecated function `leptos::prelude::create_rw_signal`: This function is being removed to conform to Rust idioms. Please use `RwSignal::new()` instead.
  --> src/components/spectrogram_webgl.rs:40:21
   |
40 |     let drag_mode = create_rw_signal(0); // 0=rotate, 1=pan
   |                     ^^^^^^^^^^^^^^^^

warning: use of deprecated function `leptos::prelude::create_effect`: This function is being removed to conform to Rust idioms. Please use `Effect::new()` instead.
  --> src/components/spectrogram_webgl.rs:43:5
   |
43 |     create_effect(move |_| {
   |     ^^^^^^^^^^^^^

warning: use of deprecated function `leptos::prelude::create_effect`: This function is being removed to conform to Rust idioms. Please use `Effect::new()` instead.
  --> src/components/spectrogram_webgl.rs:70:5
   |
70 |     create_effect(move |_| {
   |     ^^^^^^^^^^^^^

warning: use of deprecated function `leptos::prelude::create_effect`: This function is being removed to conform to Rust idioms. Please use `Effect::new()` instead.
   --> src/components/spectrogram_webgl.rs:236:5
    |
236 |     create_effect(move |_| {
    |     ^^^^^^^^^^^^^

warning: `batchi` (lib) generated 10 warnings (run `cargo fix --lib -p batchi` to apply 1 suggestion)
    Finished `dev` profile [unoptimized + debuginfo] target(s) in 0.17s
2026-02-19T23:41:03.448936Z  INFO fetching cargo artifacts
2026-02-19T23:41:04.071865Z  INFO calling wasm-bindgen for batchi
2026-02-19T23:41:06.504466Z  INFO rust build complete
2026-02-19T23:41:06.507352Z  INFO applying new distribution
2026-02-19T23:41:06.509642Z  INFO ✅ success
2026-02-19T23:41:06.509672Z  INFO 📦 starting build
2026-02-19T23:41:06.509935Z  INFO spawning asset pipelines
2026-02-19T23:41:06.747807Z  INFO copying & hashing css path="style.css"
2026-02-19T23:41:06.747851Z  INFO building batchi
2026-02-19T23:41:06.748258Z  INFO finished copying & hashing css path="style.css"
warning: unused import: `HtmlCanvasElement`
 --> src/components/spectrogram_webgl.rs:6:15
  |
6 | use web_sys::{HtmlCanvasElement, WebGl2RenderingContext};
  |               ^^^^^^^^^^^^^^^^^
  |
  = note: `#[warn(unused_imports)]` (part of `#[warn(unused)]`) on by default

warning: use of deprecated function `leptos::prelude::store_value`: This function is being removed to conform to Rust idioms. Please use `StoredValue::new()` or `StoredValue::new_local()` instead.
  --> src/components/spectrogram_webgl.rs:33:20
   |
33 |     let renderer = store_value(None::<SendWrapper<Waterfall3D>>);
   |                    ^^^^^^^^^^^
   |
   = note: `#[warn(deprecated)]` on by default

warning: use of deprecated function `leptos::prelude::create_rw_signal`: This function is being removed to conform to Rust idioms. Please use `RwSignal::new()` instead.
  --> src/components/spectrogram_webgl.rs:34:26
   |
34 |     let renderer_ready = create_rw_signal(false);
   |                          ^^^^^^^^^^^^^^^^

warning: use of deprecated function `leptos::prelude::create_rw_signal`: This function is being removed to conform to Rust idioms. Please use `RwSignal::new()` instead.
  --> src/components/spectrogram_webgl.rs:35:21
   |
35 |     let last_dims = create_rw_signal::<(i32,i32)>( (0,0) );
   |                     ^^^^^^^^^^^^^^^^

warning: use of deprecated function `leptos::prelude::create_rw_signal`: This function is being removed to conform to Rust idioms. Please use `RwSignal::new()` instead.
  --> src/components/spectrogram_webgl.rs:38:23
   |
38 |     let is_dragging = create_rw_signal(false);
   |                       ^^^^^^^^^^^^^^^^

warning: use of deprecated function `leptos::prelude::create_rw_signal`: This function is being removed to conform to Rust idioms. Please use `RwSignal::new()` instead.
  --> src/components/spectrogram_webgl.rs:39:26
   |
39 |     let last_mouse_pos = create_rw_signal::<(i32,i32)>( (0,0) );
   |                          ^^^^^^^^^^^^^^^^

warning: use of deprecated function `leptos::prelude::create_rw_signal`: This function is being removed to conform to Rust idioms. Please use `RwSignal::new()` instead.
  --> src/components/spectrogram_webgl.rs:40:21
   |
40 |     let drag_mode = create_rw_signal(0); // 0=rotate, 1=pan
   |                     ^^^^^^^^^^^^^^^^

warning: use of deprecated function `leptos::prelude::create_effect`: This function is being removed to conform to Rust idioms. Please use `Effect::new()` instead.
  --> src/components/spectrogram_webgl.rs:43:5
   |
43 |     create_effect(move |_| {
   |     ^^^^^^^^^^^^^

warning: use of deprecated function `leptos::prelude::create_effect`: This function is being removed to conform to Rust idioms. Please use `Effect::new()` instead.
  --> src/components/spectrogram_webgl.rs:70:5
   |
70 |     create_effect(move |_| {
   |     ^^^^^^^^^^^^^

warning: use of deprecated function `leptos::prelude::create_effect`: This function is being removed to conform to Rust idioms. Please use `Effect::new()` instead.
   --> src/components/spectrogram_webgl.rs:236:5
    |
236 |     create_effect(move |_| {
    |     ^^^^^^^^^^^^^

warning: `batchi` (lib) generated 10 warnings (run `cargo fix --lib -p batchi` to apply 1 suggestion)
    Finished `dev` profile [unoptimized + debuginfo] target(s) in 0.16s
2026-02-19T23:41:07.001456Z  INFO fetching cargo artifacts
2026-02-19T23:41:07.621729Z  INFO calling wasm-bindgen for batchi
2026-02-19T23:41:10.032703Z  INFO rust build complete
2026-02-19T23:41:10.035157Z  INFO applying new distribution
2026-02-19T23:41:10.037905Z  INFO ✅ success
2026-02-19T23:41:10.037946Z  INFO 📦 starting build
2026-02-19T23:41:10.038245Z  INFO spawning asset pipelines
2026-02-19T23:41:10.281206Z  INFO copying & hashing css path="style.css"
2026-02-19T23:41:10.281292Z  INFO building batchi
2026-02-19T23:41:10.281865Z  INFO finished copying & hashing css path="style.css"
warning: unused import: `HtmlCanvasElement`
 --> src/components/spectrogram_webgl.rs:6:15
  |
6 | use web_sys::{HtmlCanvasElement, WebGl2RenderingContext};
  |               ^^^^^^^^^^^^^^^^^
  |
  = note: `#[warn(unused_imports)]` (part of `#[warn(unused)]`) on by default

warning: use of deprecated function `leptos::prelude::store_value`: This function is being removed to conform to Rust idioms. Please use `StoredValue::new()` or `StoredValue::new_local()` instead.
  --> src/components/spectrogram_webgl.rs:33:20
   |
33 |     let renderer = store_value(None::<SendWrapper<Waterfall3D>>);
   |                    ^^^^^^^^^^^
   |
   = note: `#[warn(deprecated)]` on by default

warning: use of deprecated function `leptos::prelude::create_rw_signal`: This function is being removed to conform to Rust idioms. Please use `RwSignal::new()` instead.
  --> src/components/spectrogram_webgl.rs:34:26
   |
34 |     let renderer_ready = create_rw_signal(false);
   |                          ^^^^^^^^^^^^^^^^

warning: use of deprecated function `leptos::prelude::create_rw_signal`: This function is being removed to conform to Rust idioms. Please use `RwSignal::new()` instead.
  --> src/components/spectrogram_webgl.rs:35:21
   |
35 |     let last_dims = create_rw_signal::<(i32,i32)>( (0,0) );
   |                     ^^^^^^^^^^^^^^^^

warning: use of deprecated function `leptos::prelude::create_rw_signal`: This function is being removed to conform to Rust idioms. Please use `RwSignal::new()` instead.
  --> src/components/spectrogram_webgl.rs:38:23
   |
38 |     let is_dragging = create_rw_signal(false);
   |                       ^^^^^^^^^^^^^^^^

warning: use of deprecated function `leptos::prelude::create_rw_signal`: This function is being removed to conform to Rust idioms. Please use `RwSignal::new()` instead.
  --> src/components/spectrogram_webgl.rs:39:26
   |
39 |     let last_mouse_pos = create_rw_signal::<(i32,i32)>( (0,0) );
   |                          ^^^^^^^^^^^^^^^^

warning: use of deprecated function `leptos::prelude::create_rw_signal`: This function is being removed to conform to Rust idioms. Please use `RwSignal::new()` instead.
  --> src/components/spectrogram_webgl.rs:40:21
   |
40 |     let drag_mode = create_rw_signal(0); // 0=rotate, 1=pan
   |                     ^^^^^^^^^^^^^^^^

warning: use of deprecated function `leptos::prelude::create_effect`: This function is being removed to conform to Rust idioms. Please use `Effect::new()` instead.
  --> src/components/spectrogram_webgl.rs:43:5
   |
43 |     create_effect(move |_| {
   |     ^^^^^^^^^^^^^

warning: use of deprecated function `leptos::prelude::create_effect`: This function is being removed to conform to Rust idioms. Please use `Effect::new()` instead.
  --> src/components/spectrogram_webgl.rs:70:5
   |
70 |     create_effect(move |_| {
   |     ^^^^^^^^^^^^^

warning: use of deprecated function `leptos::prelude::create_effect`: This function is being removed to conform to Rust idioms. Please use `Effect::new()` instead.
   --> src/components/spectrogram_webgl.rs:236:5
    |
236 |     create_effect(move |_| {
    |     ^^^^^^^^^^^^^

warning: `batchi` (lib) generated 10 warnings (run `cargo fix --lib -p batchi` to apply 1 suggestion)
    Finished `dev` profile [unoptimized + debuginfo] target(s) in 0.17s
2026-02-19T23:41:10.539433Z  INFO fetching cargo artifacts
2026-02-19T23:41:11.176873Z  INFO calling wasm-bindgen for batchi
2026-02-19T23:41:13.696590Z  INFO rust build complete
2026-02-19T23:41:13.699269Z  INFO applying new distribution
2026-02-19T23:41:13.702234Z  INFO ✅ success
2026-02-19T23:41:13.702268Z  INFO 📦 starting build
2026-02-19T23:41:13.702584Z  INFO spawning asset pipelines
2026-02-19T23:41:13.948220Z  INFO copying & hashing css path="style.css"
2026-02-19T23:41:13.948261Z  INFO building batchi
2026-02-19T23:41:13.948606Z  INFO finished copying & hashing css path="style.css"
warning: unused import: `HtmlCanvasElement`
 --> src/components/spectrogram_webgl.rs:6:15
  |
6 | use web_sys::{HtmlCanvasElement, WebGl2RenderingContext};
  |               ^^^^^^^^^^^^^^^^^
  |
  = note: `#[warn(unused_imports)]` (part of `#[warn(unused)]`) on by default

warning: use of deprecated function `leptos::prelude::store_value`: This function is being removed to conform to Rust idioms. Please use `StoredValue::new()` or `StoredValue::new_local()` instead.
  --> src/components/spectrogram_webgl.rs:33:20
   |
33 |     let renderer = store_value(None::<SendWrapper<Waterfall3D>>);
   |                    ^^^^^^^^^^^
   |
   = note: `#[warn(deprecated)]` on by default

warning: use of deprecated function `leptos::prelude::create_rw_signal`: This function is being removed to conform to Rust idioms. Please use `RwSignal::new()` instead.
  --> src/components/spectrogram_webgl.rs:34:26
   |
34 |     let renderer_ready = create_rw_signal(false);
   |                          ^^^^^^^^^^^^^^^^

warning: use of deprecated function `leptos::prelude::create_rw_signal`: This function is being removed to conform to Rust idioms. Please use `RwSignal::new()` instead.
  --> src/components/spectrogram_webgl.rs:35:21
   |
35 |     let last_dims = create_rw_signal::<(i32,i32)>( (0,0) );
   |                     ^^^^^^^^^^^^^^^^

warning: use of deprecated function `leptos::prelude::create_rw_signal`: This function is being removed to conform to Rust idioms. Please use `RwSignal::new()` instead.
  --> src/components/spectrogram_webgl.rs:38:23
   |
38 |     let is_dragging = create_rw_signal(false);
   |                       ^^^^^^^^^^^^^^^^

warning: use of deprecated function `leptos::prelude::create_rw_signal`: This function is being removed to conform to Rust idioms. Please use `RwSignal::new()` instead.
  --> src/components/spectrogram_webgl.rs:39:26
   |
39 |     let last_mouse_pos = create_rw_signal::<(i32,i32)>( (0,0) );
   |                          ^^^^^^^^^^^^^^^^

warning: use of deprecated function `leptos::prelude::create_rw_signal`: This function is being removed to conform to Rust idioms. Please use `RwSignal::new()` instead.
  --> src/components/spectrogram_webgl.rs:40:21
   |
40 |     let drag_mode = create_rw_signal(0); // 0=rotate, 1=pan
   |                     ^^^^^^^^^^^^^^^^

warning: use of deprecated function `leptos::prelude::create_effect`: This function is being removed to conform to Rust idioms. Please use `Effect::new()` instead.
  --> src/components/spectrogram_webgl.rs:43:5
   |
43 |     create_effect(move |_| {
   |     ^^^^^^^^^^^^^

warning: use of deprecated function `leptos::prelude::create_effect`: This function is being removed to conform to Rust idioms. Please use `Effect::new()` instead.
  --> src/components/spectrogram_webgl.rs:70:5
   |
70 |     create_effect(move |_| {
   |     ^^^^^^^^^^^^^

warning: use of deprecated function `leptos::prelude::create_effect`: This function is being removed to conform to Rust idioms. Please use `Effect::new()` instead.
   --> src/components/spectrogram_webgl.rs:236:5
    |
236 |     create_effect(move |_| {
    |     ^^^^^^^^^^^^^

warning: `batchi` (lib) generated 10 warnings (run `cargo fix --lib -p batchi` to apply 1 suggestion)
    Finished `dev` profile [unoptimized + debuginfo] target(s) in 0.17s
2026-02-19T23:41:14.206494Z  INFO fetching cargo artifacts
2026-02-19T23:41:14.835448Z  INFO calling wasm-bindgen for batchi
2026-02-19T23:41:17.285996Z  INFO rust build complete
2026-02-19T23:41:17.288443Z  INFO applying new distribution
2026-02-19T23:41:17.290831Z  INFO ✅ success
2026-02-19T23:41:17.290864Z  INFO 📦 starting build
2026-02-19T23:41:17.291110Z  INFO spawning asset pipelines
2026-02-19T23:41:17.530833Z  INFO copying & hashing css path="style.css"
2026-02-19T23:41:17.530886Z  INFO building batchi
2026-02-19T23:41:17.531338Z  INFO finished copying & hashing css path="style.css"
warning: unused import: `HtmlCanvasElement`
 --> src/components/spectrogram_webgl.rs:6:15
  |
6 | use web_sys::{HtmlCanvasElement, WebGl2RenderingContext};
  |               ^^^^^^^^^^^^^^^^^
  |
  = note: `#[warn(unused_imports)]` (part of `#[warn(unused)]`) on by default

warning: use of deprecated function `leptos::prelude::store_value`: This function is being removed to conform to Rust idioms. Please use `StoredValue::new()` or `StoredValue::new_local()` instead.
  --> src/components/spectrogram_webgl.rs:33:20
   |
33 |     let renderer = store_value(None::<SendWrapper<Waterfall3D>>);
   |                    ^^^^^^^^^^^
   |
   = note: `#[warn(deprecated)]` on by default

warning: use of deprecated function `leptos::prelude::create_rw_signal`: This function is being removed to conform to Rust idioms. Please use `RwSignal::new()` instead.
  --> src/components/spectrogram_webgl.rs:34:26
   |
34 |     let renderer_ready = create_rw_signal(false);
   |                          ^^^^^^^^^^^^^^^^

warning: use of deprecated function `leptos::prelude::create_rw_signal`: This function is being removed to conform to Rust idioms. Please use `RwSignal::new()` instead.
  --> src/components/spectrogram_webgl.rs:35:21
   |
35 |     let last_dims = create_rw_signal::<(i32,i32)>( (0,0) );
   |                     ^^^^^^^^^^^^^^^^

warning: use of deprecated function `leptos::prelude::create_rw_signal`: This function is being removed to conform to Rust idioms. Please use `RwSignal::new()` instead.
  --> src/components/spectrogram_webgl.rs:38:23
   |
38 |     let is_dragging = create_rw_signal(false);
   |                       ^^^^^^^^^^^^^^^^

warning: use of deprecated function `leptos::prelude::create_rw_signal`: This function is being removed to conform to Rust idioms. Please use `RwSignal::new()` instead.
  --> src/components/spectrogram_webgl.rs:39:26
   |
39 |     let last_mouse_pos = create_rw_signal::<(i32,i32)>( (0,0) );
   |                          ^^^^^^^^^^^^^^^^

warning: use of deprecated function `leptos::prelude::create_rw_signal`: This function is being removed to conform to Rust idioms. Please use `RwSignal::new()` instead.
  --> src/components/spectrogram_webgl.rs:40:21
   |
40 |     let drag_mode = create_rw_signal(0); // 0=rotate, 1=pan
   |                     ^^^^^^^^^^^^^^^^

warning: use of deprecated function `leptos::prelude::create_effect`: This function is being removed to conform to Rust idioms. Please use `Effect::new()` instead.
  --> src/components/spectrogram_webgl.rs:43:5
   |
43 |     create_effect(move |_| {
   |     ^^^^^^^^^^^^^

warning: use of deprecated function `leptos::prelude::create_effect`: This function is being removed to conform to Rust idioms. Please use `Effect::new()` instead.
  --> src/components/spectrogram_webgl.rs:70:5
   |
70 |     create_effect(move |_| {
   |     ^^^^^^^^^^^^^

warning: use of deprecated function `leptos::prelude::create_effect`: This function is being removed to conform to Rust idioms. Please use `Effect::new()` instead.
   --> src/components/spectrogram_webgl.rs:236:5
    |
236 |     create_effect(move |_| {
    |     ^^^^^^^^^^^^^

warning: `batchi` (lib) generated 10 warnings (run `cargo fix --lib -p batchi` to apply 1 suggestion)
    Finished `dev` profile [unoptimized + debuginfo] target(s) in 0.16s
2026-02-19T23:41:17.788943Z  INFO fetching cargo artifacts
2026-02-19T23:41:18.415796Z  INFO calling wasm-bindgen for batchi
2026-02-19T23:41:20.881268Z  INFO rust build complete
2026-02-19T23:41:20.883644Z  INFO applying new distribution
2026-02-19T23:41:20.886583Z  INFO ✅ success
2026-02-19T23:41:20.886614Z  INFO 📦 starting build
2026-02-19T23:41:20.886900Z  INFO spawning asset pipelines
2026-02-19T23:41:21.126531Z  INFO copying & hashing css path="style.css"
2026-02-19T23:41:21.126579Z  INFO building batchi
2026-02-19T23:41:21.126946Z  INFO finished copying & hashing css path="style.css"
warning: unused import: `HtmlCanvasElement`
 --> src/components/spectrogram_webgl.rs:6:15
  |
6 | use web_sys::{HtmlCanvasElement, WebGl2RenderingContext};
  |               ^^^^^^^^^^^^^^^^^
  |
  = note: `#[warn(unused_imports)]` (part of `#[warn(unused)]`) on by default

warning: use of deprecated function `leptos::prelude::store_value`: This function is being removed to conform to Rust idioms. Please use `StoredValue::new()` or `StoredValue::new_local()` instead.
  --> src/components/spectrogram_webgl.rs:33:20
   |
33 |     let renderer = store_value(None::<SendWrapper<Waterfall3D>>);
   |                    ^^^^^^^^^^^
   |
   = note: `#[warn(deprecated)]` on by default

warning: use of deprecated function `leptos::prelude::create_rw_signal`: This function is being removed to conform to Rust idioms. Please use `RwSignal::new()` instead.
  --> src/components/spectrogram_webgl.rs:34:26
   |
34 |     let renderer_ready = create_rw_signal(false);
   |                          ^^^^^^^^^^^^^^^^

warning: use of deprecated function `leptos::prelude::create_rw_signal`: This function is being removed to conform to Rust idioms. Please use `RwSignal::new()` instead.
  --> src/components/spectrogram_webgl.rs:35:21
   |
35 |     let last_dims = create_rw_signal::<(i32,i32)>( (0,0) );
   |                     ^^^^^^^^^^^^^^^^

warning: use of deprecated function `leptos::prelude::create_rw_signal`: This function is being removed to conform to Rust idioms. Please use `RwSignal::new()` instead.
  --> src/components/spectrogram_webgl.rs:38:23
   |
38 |     let is_dragging = create_rw_signal(false);
   |                       ^^^^^^^^^^^^^^^^

warning: use of deprecated function `leptos::prelude::create_rw_signal`: This function is being removed to conform to Rust idioms. Please use `RwSignal::new()` instead.
  --> src/components/spectrogram_webgl.rs:39:26
   |
39 |     let last_mouse_pos = create_rw_signal::<(i32,i32)>( (0,0) );
   |                          ^^^^^^^^^^^^^^^^

warning: use of deprecated function `leptos::prelude::create_rw_signal`: This function is being removed to conform to Rust idioms. Please use `RwSignal::new()` instead.
  --> src/components/spectrogram_webgl.rs:40:21
   |
40 |     let drag_mode = create_rw_signal(0); // 0=rotate, 1=pan
   |                     ^^^^^^^^^^^^^^^^

warning: use of deprecated function `leptos::prelude::create_effect`: This function is being removed to conform to Rust idioms. Please use `Effect::new()` instead.
  --> src/components/spectrogram_webgl.rs:43:5
   |
43 |     create_effect(move |_| {
   |     ^^^^^^^^^^^^^

warning: use of deprecated function `leptos::prelude::create_effect`: This function is being removed to conform to Rust idioms. Please use `Effect::new()` instead.
  --> src/components/spectrogram_webgl.rs:70:5
   |
70 |     create_effect(move |_| {
   |     ^^^^^^^^^^^^^

warning: use of deprecated function `leptos::prelude::create_effect`: This function is being removed to conform to Rust idioms. Please use `Effect::new()` instead.
   --> src/components/spectrogram_webgl.rs:236:5
    |
236 |     create_effect(move |_| {
    |     ^^^^^^^^^^^^^

warning: `batchi` (lib) generated 10 warnings (run `cargo fix --lib -p batchi` to apply 1 suggestion)
    Finished `dev` profile [unoptimized + debuginfo] target(s) in 0.17s
2026-02-19T23:41:21.384775Z  INFO fetching cargo artifacts
2026-02-19T23:41:22.008178Z  INFO calling wasm-bindgen for batchi
2026-02-19T23:41:24.460683Z  INFO rust build complete
2026-02-19T23:41:24.463076Z  INFO applying new distribution
2026-02-19T23:41:24.465316Z  INFO ✅ success
2026-02-19T23:41:24.465344Z  INFO 📦 starting build
2026-02-19T23:41:24.465646Z  INFO spawning asset pipelines
2026-02-19T23:41:24.707584Z  INFO copying & hashing css path="style.css"
2026-02-19T23:41:24.707649Z  INFO building batchi
2026-02-19T23:41:24.708087Z  INFO finished copying & hashing css path="style.css"
warning: unused import: `HtmlCanvasElement`
 --> src/components/spectrogram_webgl.rs:6:15
  |
6 | use web_sys::{HtmlCanvasElement, WebGl2RenderingContext};
  |               ^^^^^^^^^^^^^^^^^
  |
  = note: `#[warn(unused_imports)]` (part of `#[warn(unused)]`) on by default

warning: use of deprecated function `leptos::prelude::store_value`: This function is being removed to conform to Rust idioms. Please use `StoredValue::new()` or `StoredValue::new_local()` instead.
  --> src/components/spectrogram_webgl.rs:33:20
   |
33 |     let renderer = store_value(None::<SendWrapper<Waterfall3D>>);
   |                    ^^^^^^^^^^^
   |
   = note: `#[warn(deprecated)]` on by default

warning: use of deprecated function `leptos::prelude::create_rw_signal`: This function is being removed to conform to Rust idioms. Please use `RwSignal::new()` instead.
  --> src/components/spectrogram_webgl.rs:34:26
   |
34 |     let renderer_ready = create_rw_signal(false);
   |                          ^^^^^^^^^^^^^^^^

warning: use of deprecated function `leptos::prelude::create_rw_signal`: This function is being removed to conform to Rust idioms. Please use `RwSignal::new()` instead.
  --> src/components/spectrogram_webgl.rs:35:21
   |
35 |     let last_dims = create_rw_signal::<(i32,i32)>( (0,0) );
   |                     ^^^^^^^^^^^^^^^^

warning: use of deprecated function `leptos::prelude::create_rw_signal`: This function is being removed to conform to Rust idioms. Please use `RwSignal::new()` instead.
  --> src/components/spectrogram_webgl.rs:38:23
   |
38 |     let is_dragging = create_rw_signal(false);
   |                       ^^^^^^^^^^^^^^^^

warning: use of deprecated function `leptos::prelude::create_rw_signal`: This function is being removed to conform to Rust idioms. Please use `RwSignal::new()` instead.
  --> src/components/spectrogram_webgl.rs:39:26
   |
39 |     let last_mouse_pos = create_rw_signal::<(i32,i32)>( (0,0) );
   |                          ^^^^^^^^^^^^^^^^

warning: use of deprecated function `leptos::prelude::create_rw_signal`: This function is being removed to conform to Rust idioms. Please use `RwSignal::new()` instead.
  --> src/components/spectrogram_webgl.rs:40:21
   |
40 |     let drag_mode = create_rw_signal(0); // 0=rotate, 1=pan
   |                     ^^^^^^^^^^^^^^^^

warning: use of deprecated function `leptos::prelude::create_effect`: This function is being removed to conform to Rust idioms. Please use `Effect::new()` instead.
  --> src/components/spectrogram_webgl.rs:43:5
   |
43 |     create_effect(move |_| {
   |     ^^^^^^^^^^^^^

warning: use of deprecated function `leptos::prelude::create_effect`: This function is being removed to conform to Rust idioms. Please use `Effect::new()` instead.
  --> src/components/spectrogram_webgl.rs:70:5
   |
70 |     create_effect(move |_| {
   |     ^^^^^^^^^^^^^

warning: use of deprecated function `leptos::prelude::create_effect`: This function is being removed to conform to Rust idioms. Please use `Effect::new()` instead.
   --> src/components/spectrogram_webgl.rs:236:5
    |
236 |     create_effect(move |_| {
    |     ^^^^^^^^^^^^^

warning: `batchi` (lib) generated 10 warnings (run `cargo fix --lib -p batchi` to apply 1 suggestion)
    Finished `dev` profile [unoptimized + debuginfo] target(s) in 0.17s
2026-02-19T23:41:24.963209Z  INFO fetching cargo artifacts
2026-02-19T23:41:25.582945Z  INFO calling wasm-bindgen for batchi
2026-02-19T23:41:28.018652Z  INFO rust build complete
2026-02-19T23:41:28.021055Z  INFO applying new distribution
2026-02-19T23:41:28.023357Z  INFO ✅ success
2026-02-19T23:41:28.023393Z  INFO 📦 starting build
2026-02-19T23:41:28.023675Z  INFO spawning asset pipelines
2026-02-19T23:41:28.264888Z  INFO copying & hashing css path="style.css"
2026-02-19T23:41:28.264954Z  INFO building batchi
2026-02-19T23:41:28.265232Z  INFO finished copying & hashing css path="style.css"
warning: unused import: `HtmlCanvasElement`
 --> src/components/spectrogram_webgl.rs:6:15
  |
6 | use web_sys::{HtmlCanvasElement, WebGl2RenderingContext};
  |               ^^^^^^^^^^^^^^^^^
  |
  = note: `#[warn(unused_imports)]` (part of `#[warn(unused)]`) on by default

warning: use of deprecated function `leptos::prelude::store_value`: This function is being removed to conform to Rust idioms. Please use `StoredValue::new()` or `StoredValue::new_local()` instead.
  --> src/components/spectrogram_webgl.rs:33:20
   |
33 |     let renderer = store_value(None::<SendWrapper<Waterfall3D>>);
   |                    ^^^^^^^^^^^
   |
   = note: `#[warn(deprecated)]` on by default

warning: use of deprecated function `leptos::prelude::create_rw_signal`: This function is being removed to conform to Rust idioms. Please use `RwSignal::new()` instead.
  --> src/components/spectrogram_webgl.rs:34:26
   |
34 |     let renderer_ready = create_rw_signal(false);
   |                          ^^^^^^^^^^^^^^^^

warning: use of deprecated function `leptos::prelude::create_rw_signal`: This function is being removed to conform to Rust idioms. Please use `RwSignal::new()` instead.
  --> src/components/spectrogram_webgl.rs:35:21
   |
35 |     let last_dims = create_rw_signal::<(i32,i32)>( (0,0) );
   |                     ^^^^^^^^^^^^^^^^

warning: use of deprecated function `leptos::prelude::create_rw_signal`: This function is being removed to conform to Rust idioms. Please use `RwSignal::new()` instead.
  --> src/components/spectrogram_webgl.rs:38:23
   |
38 |     let is_dragging = create_rw_signal(false);
   |                       ^^^^^^^^^^^^^^^^

warning: use of deprecated function `leptos::prelude::create_rw_signal`: This function is being removed to conform to Rust idioms. Please use `RwSignal::new()` instead.
  --> src/components/spectrogram_webgl.rs:39:26
   |
39 |     let last_mouse_pos = create_rw_signal::<(i32,i32)>( (0,0) );
   |                          ^^^^^^^^^^^^^^^^

warning: use of deprecated function `leptos::prelude::create_rw_signal`: This function is being removed to conform to Rust idioms. Please use `RwSignal::new()` instead.
  --> src/components/spectrogram_webgl.rs:40:21
   |
40 |     let drag_mode = create_rw_signal(0); // 0=rotate, 1=pan
   |                     ^^^^^^^^^^^^^^^^

warning: use of deprecated function `leptos::prelude::create_effect`: This function is being removed to conform to Rust idioms. Please use `Effect::new()` instead.
  --> src/components/spectrogram_webgl.rs:43:5
   |
43 |     create_effect(move |_| {
   |     ^^^^^^^^^^^^^

warning: use of deprecated function `leptos::prelude::create_effect`: This function is being removed to conform to Rust idioms. Please use `Effect::new()` instead.
  --> src/components/spectrogram_webgl.rs:70:5
   |
70 |     create_effect(move |_| {
   |     ^^^^^^^^^^^^^

warning: use of deprecated function `leptos::prelude::create_effect`: This function is being removed to conform to Rust idioms. Please use `Effect::new()` instead.
   --> src/components/spectrogram_webgl.rs:236:5
    |
236 |     create_effect(move |_| {
    |     ^^^^^^^^^^^^^

warning: `batchi` (lib) generated 10 warnings (run `cargo fix --lib -p batchi` to apply 1 suggestion)
    Finished `dev` profile [unoptimized + debuginfo] target(s) in 0.17s
2026-02-19T23:41:28.522977Z  INFO fetching cargo artifacts
2026-02-19T23:41:29.147457Z  INFO calling wasm-bindgen for batchi
2026-02-19T23:41:31.618693Z  INFO rust build complete
2026-02-19T23:41:31.621062Z  INFO applying new distribution
2026-02-19T23:41:31.623457Z  INFO ✅ success
2026-02-19T23:41:31.623492Z  INFO 📦 starting build
2026-02-19T23:41:31.623758Z  INFO spawning asset pipelines
2026-02-19T23:41:31.873307Z  INFO copying & hashing css path="style.css"
2026-02-19T23:41:31.873405Z  INFO building batchi
2026-02-19T23:41:31.873641Z  INFO finished copying & hashing css path="style.css"
warning: unused import: `HtmlCanvasElement`
 --> src/components/spectrogram_webgl.rs:6:15
  |
6 | use web_sys::{HtmlCanvasElement, WebGl2RenderingContext};
  |               ^^^^^^^^^^^^^^^^^
  |
  = note: `#[warn(unused_imports)]` (part of `#[warn(unused)]`) on by default

warning: use of deprecated function `leptos::prelude::store_value`: This function is being removed to conform to Rust idioms. Please use `StoredValue::new()` or `StoredValue::new_local()` instead.
  --> src/components/spectrogram_webgl.rs:33:20
   |
33 |     let renderer = store_value(None::<SendWrapper<Waterfall3D>>);
   |                    ^^^^^^^^^^^
   |
   = note: `#[warn(deprecated)]` on by default

warning: use of deprecated function `leptos::prelude::create_rw_signal`: This function is being removed to conform to Rust idioms. Please use `RwSignal::new()` instead.
  --> src/components/spectrogram_webgl.rs:34:26
   |
34 |     let renderer_ready = create_rw_signal(false);
   |                          ^^^^^^^^^^^^^^^^

warning: use of deprecated function `leptos::prelude::create_rw_signal`: This function is being removed to conform to Rust idioms. Please use `RwSignal::new()` instead.
  --> src/components/spectrogram_webgl.rs:35:21
   |
35 |     let last_dims = create_rw_signal::<(i32,i32)>( (0,0) );
   |                     ^^^^^^^^^^^^^^^^

warning: use of deprecated function `leptos::prelude::create_rw_signal`: This function is being removed to conform to Rust idioms. Please use `RwSignal::new()` instead.
  --> src/components/spectrogram_webgl.rs:38:23
   |
38 |     let is_dragging = create_rw_signal(false);
   |                       ^^^^^^^^^^^^^^^^

warning: use of deprecated function `leptos::prelude::create_rw_signal`: This function is being removed to conform to Rust idioms. Please use `RwSignal::new()` instead.
  --> src/components/spectrogram_webgl.rs:39:26
   |
39 |     let last_mouse_pos = create_rw_signal::<(i32,i32)>( (0,0) );
   |                          ^^^^^^^^^^^^^^^^

warning: use of deprecated function `leptos::prelude::create_rw_signal`: This function is being removed to conform to Rust idioms. Please use `RwSignal::new()` instead.
  --> src/components/spectrogram_webgl.rs:40:21
   |
40 |     let drag_mode = create_rw_signal(0); // 0=rotate, 1=pan
   |                     ^^^^^^^^^^^^^^^^

warning: use of deprecated function `leptos::prelude::create_effect`: This function is being removed to conform to Rust idioms. Please use `Effect::new()` instead.
  --> src/components/spectrogram_webgl.rs:43:5
   |
43 |     create_effect(move |_| {
   |     ^^^^^^^^^^^^^

warning: use of deprecated function `leptos::prelude::create_effect`: This function is being removed to conform to Rust idioms. Please use `Effect::new()` instead.
  --> src/components/spectrogram_webgl.rs:70:5
   |
70 |     create_effect(move |_| {
   |     ^^^^^^^^^^^^^

warning: use of deprecated function `leptos::prelude::create_effect`: This function is being removed to conform to Rust idioms. Please use `Effect::new()` instead.
   --> src/components/spectrogram_webgl.rs:236:5
    |
236 |     create_effect(move |_| {
    |     ^^^^^^^^^^^^^

warning: `batchi` (lib) generated 10 warnings (run `cargo fix --lib -p batchi` to apply 1 suggestion)
    Finished `dev` profile [unoptimized + debuginfo] target(s) in 0.17s
2026-02-19T23:41:32.132916Z  INFO fetching cargo artifacts
2026-02-19T23:41:32.760226Z  INFO calling wasm-bindgen for batchi
2026-02-19T23:41:35.252034Z  INFO rust build complete
2026-02-19T23:41:35.254656Z  INFO applying new distribution
2026-02-19T23:41:35.256971Z  INFO ✅ success
2026-02-19T23:41:35.257002Z  INFO 📦 starting build
2026-02-19T23:41:35.257311Z  INFO spawning asset pipelines
2026-02-19T23:41:35.494956Z  INFO copying & hashing css path="style.css"
2026-02-19T23:41:35.494997Z  INFO building batchi
2026-02-19T23:41:35.495330Z  INFO finished copying & hashing css path="style.css"
warning: unused import: `HtmlCanvasElement`
 --> src/components/spectrogram_webgl.rs:6:15
  |
6 | use web_sys::{HtmlCanvasElement, WebGl2RenderingContext};
  |               ^^^^^^^^^^^^^^^^^
  |
  = note: `#[warn(unused_imports)]` (part of `#[warn(unused)]`) on by default

warning: use of deprecated function `leptos::prelude::store_value`: This function is being removed to conform to Rust idioms. Please use `StoredValue::new()` or `StoredValue::new_local()` instead.
  --> src/components/spectrogram_webgl.rs:33:20
   |
33 |     let renderer = store_value(None::<SendWrapper<Waterfall3D>>);
   |                    ^^^^^^^^^^^
   |
   = note: `#[warn(deprecated)]` on by default

warning: use of deprecated function `leptos::prelude::create_rw_signal`: This function is being removed to conform to Rust idioms. Please use `RwSignal::new()` instead.
  --> src/components/spectrogram_webgl.rs:34:26
   |
34 |     let renderer_ready = create_rw_signal(false);
   |                          ^^^^^^^^^^^^^^^^

warning: use of deprecated function `leptos::prelude::create_rw_signal`: This function is being removed to conform to Rust idioms. Please use `RwSignal::new()` instead.
  --> src/components/spectrogram_webgl.rs:35:21
   |
35 |     let last_dims = create_rw_signal::<(i32,i32)>( (0,0) );
   |                     ^^^^^^^^^^^^^^^^

warning: use of deprecated function `leptos::prelude::create_rw_signal`: This function is being removed to conform to Rust idioms. Please use `RwSignal::new()` instead.
  --> src/components/spectrogram_webgl.rs:38:23
   |
38 |     let is_dragging = create_rw_signal(false);
   |                       ^^^^^^^^^^^^^^^^

warning: use of deprecated function `leptos::prelude::create_rw_signal`: This function is being removed to conform to Rust idioms. Please use `RwSignal::new()` instead.
  --> src/components/spectrogram_webgl.rs:39:26
   |
39 |     let last_mouse_pos = create_rw_signal::<(i32,i32)>( (0,0) );
   |                          ^^^^^^^^^^^^^^^^

warning: use of deprecated function `leptos::prelude::create_rw_signal`: This function is being removed to conform to Rust idioms. Please use `RwSignal::new()` instead.
  --> src/components/spectrogram_webgl.rs:40:21
   |
40 |     let drag_mode = create_rw_signal(0); // 0=rotate, 1=pan
   |                     ^^^^^^^^^^^^^^^^

warning: use of deprecated function `leptos::prelude::create_effect`: This function is being removed to conform to Rust idioms. Please use `Effect::new()` instead.
  --> src/components/spectrogram_webgl.rs:43:5
   |
43 |     create_effect(move |_| {
   |     ^^^^^^^^^^^^^

warning: use of deprecated function `leptos::prelude::create_effect`: This function is being removed to conform to Rust idioms. Please use `Effect::new()` instead.
  --> src/components/spectrogram_webgl.rs:70:5
   |
70 |     create_effect(move |_| {
   |     ^^^^^^^^^^^^^

warning: use of deprecated function `leptos::prelude::create_effect`: This function is being removed to conform to Rust idioms. Please use `Effect::new()` instead.
   --> src/components/spectrogram_webgl.rs:236:5
    |
236 |     create_effect(move |_| {
    |     ^^^^^^^^^^^^^

warning: `batchi` (lib) generated 10 warnings (run `cargo fix --lib -p batchi` to apply 1 suggestion)
    Finished `dev` profile [unoptimized + debuginfo] target(s) in 0.17s
2026-02-19T23:41:35.757480Z  INFO fetching cargo artifacts
2026-02-19T23:41:36.387069Z  INFO calling wasm-bindgen for batchi
2026-02-19T23:41:38.882212Z  INFO rust build complete
2026-02-19T23:41:38.884820Z  INFO applying new distribution
2026-02-19T23:41:38.887231Z  INFO ✅ success
2026-02-19T23:41:38.887270Z  INFO 📦 starting build
2026-02-19T23:41:38.887562Z  INFO spawning asset pipelines
2026-02-19T23:41:39.134546Z  INFO copying & hashing css path="style.css"
2026-02-19T23:41:39.134606Z  INFO building batchi
2026-02-19T23:41:39.134913Z  INFO finished copying & hashing css path="style.css"
warning: unused import: `HtmlCanvasElement`
 --> src/components/spectrogram_webgl.rs:6:15
  |
6 | use web_sys::{HtmlCanvasElement, WebGl2RenderingContext};
  |               ^^^^^^^^^^^^^^^^^
  |
  = note: `#[warn(unused_imports)]` (part of `#[warn(unused)]`) on by default

warning: use of deprecated function `leptos::prelude::store_value`: This function is being removed to conform to Rust idioms. Please use `StoredValue::new()` or `StoredValue::new_local()` instead.
  --> src/components/spectrogram_webgl.rs:33:20
   |
33 |     let renderer = store_value(None::<SendWrapper<Waterfall3D>>);
   |                    ^^^^^^^^^^^
   |
   = note: `#[warn(deprecated)]` on by default

warning: use of deprecated function `leptos::prelude::create_rw_signal`: This function is being removed to conform to Rust idioms. Please use `RwSignal::new()` instead.
  --> src/components/spectrogram_webgl.rs:34:26
   |
34 |     let renderer_ready = create_rw_signal(false);
   |                          ^^^^^^^^^^^^^^^^

warning: use of deprecated function `leptos::prelude::create_rw_signal`: This function is being removed to conform to Rust idioms. Please use `RwSignal::new()` instead.
  --> src/components/spectrogram_webgl.rs:35:21
   |
35 |     let last_dims = create_rw_signal::<(i32,i32)>( (0,0) );
   |                     ^^^^^^^^^^^^^^^^

warning: use of deprecated function `leptos::prelude::create_rw_signal`: This function is being removed to conform to Rust idioms. Please use `RwSignal::new()` instead.
  --> src/components/spectrogram_webgl.rs:38:23
   |
38 |     let is_dragging = create_rw_signal(false);
   |                       ^^^^^^^^^^^^^^^^

warning: use of deprecated function `leptos::prelude::create_rw_signal`: This function is being removed to conform to Rust idioms. Please use `RwSignal::new()` instead.
  --> src/components/spectrogram_webgl.rs:39:26
   |
39 |     let last_mouse_pos = create_rw_signal::<(i32,i32)>( (0,0) );
   |                          ^^^^^^^^^^^^^^^^

warning: use of deprecated function `leptos::prelude::create_rw_signal`: This function is being removed to conform to Rust idioms. Please use `RwSignal::new()` instead.
  --> src/components/spectrogram_webgl.rs:40:21
   |
40 |     let drag_mode = create_rw_signal(0); // 0=rotate, 1=pan
   |                     ^^^^^^^^^^^^^^^^

warning: use of deprecated function `leptos::prelude::create_effect`: This function is being removed to conform to Rust idioms. Please use `Effect::new()` instead.
  --> src/components/spectrogram_webgl.rs:43:5
   |
43 |     create_effect(move |_| {
   |     ^^^^^^^^^^^^^

warning: use of deprecated function `leptos::prelude::create_effect`: This function is being removed to conform to Rust idioms. Please use `Effect::new()` instead.
  --> src/components/spectrogram_webgl.rs:70:5
   |
70 |     create_effect(move |_| {
   |     ^^^^^^^^^^^^^

warning: use of deprecated function `leptos::prelude::create_effect`: This function is being removed to conform to Rust idioms. Please use `Effect::new()` instead.
   --> src/components/spectrogram_webgl.rs:236:5
    |
236 |     create_effect(move |_| {
    |     ^^^^^^^^^^^^^

warning: `batchi` (lib) generated 10 warnings (run `cargo fix --lib -p batchi` to apply 1 suggestion)
    Finished `dev` profile [unoptimized + debuginfo] target(s) in 0.17s
2026-02-19T23:41:39.394436Z  INFO fetching cargo artifacts
2026-02-19T23:41:40.013670Z  INFO calling wasm-bindgen for batchi
2026-02-19T23:41:42.521167Z  INFO rust build complete
2026-02-19T23:41:42.523612Z  INFO applying new distribution
2026-02-19T23:41:42.526140Z  INFO ✅ success
2026-02-19T23:41:42.526171Z  INFO 📦 starting build
2026-02-19T23:41:42.526454Z  INFO spawning asset pipelines
2026-02-19T23:41:42.765226Z  INFO copying & hashing css path="style.css"
2026-02-19T23:41:42.765273Z  INFO building batchi
2026-02-19T23:41:42.765675Z  INFO finished copying & hashing css path="style.css"
warning: unused import: `HtmlCanvasElement`
 --> src/components/spectrogram_webgl.rs:6:15
  |
6 | use web_sys::{HtmlCanvasElement, WebGl2RenderingContext};
  |               ^^^^^^^^^^^^^^^^^
  |
  = note: `#[warn(unused_imports)]` (part of `#[warn(unused)]`) on by default

warning: use of deprecated function `leptos::prelude::store_value`: This function is being removed to conform to Rust idioms. Please use `StoredValue::new()` or `StoredValue::new_local()` instead.
  --> src/components/spectrogram_webgl.rs:33:20
   |
33 |     let renderer = store_value(None::<SendWrapper<Waterfall3D>>);
   |                    ^^^^^^^^^^^
   |
   = note: `#[warn(deprecated)]` on by default

warning: use of deprecated function `leptos::prelude::create_rw_signal`: This function is being removed to conform to Rust idioms. Please use `RwSignal::new()` instead.
  --> src/components/spectrogram_webgl.rs:34:26
   |
34 |     let renderer_ready = create_rw_signal(false);
   |                          ^^^^^^^^^^^^^^^^

warning: use of deprecated function `leptos::prelude::create_rw_signal`: This function is being removed to conform to Rust idioms. Please use `RwSignal::new()` instead.
  --> src/components/spectrogram_webgl.rs:35:21
   |
35 |     let last_dims = create_rw_signal::<(i32,i32)>( (0,0) );
   |                     ^^^^^^^^^^^^^^^^

warning: use of deprecated function `leptos::prelude::create_rw_signal`: This function is being removed to conform to Rust idioms. Please use `RwSignal::new()` instead.
  --> src/components/spectrogram_webgl.rs:38:23
   |
38 |     let is_dragging = create_rw_signal(false);
   |                       ^^^^^^^^^^^^^^^^

warning: use of deprecated function `leptos::prelude::create_rw_signal`: This function is being removed to conform to Rust idioms. Please use `RwSignal::new()` instead.
  --> src/components/spectrogram_webgl.rs:39:26
   |
39 |     let last_mouse_pos = create_rw_signal::<(i32,i32)>( (0,0) );
   |                          ^^^^^^^^^^^^^^^^

warning: use of deprecated function `leptos::prelude::create_rw_signal`: This function is being removed to conform to Rust idioms. Please use `RwSignal::new()` instead.
  --> src/components/spectrogram_webgl.rs:40:21
   |
40 |     let drag_mode = create_rw_signal(0); // 0=rotate, 1=pan
   |                     ^^^^^^^^^^^^^^^^

warning: use of deprecated function `leptos::prelude::create_effect`: This function is being removed to conform to Rust idioms. Please use `Effect::new()` instead.
  --> src/components/spectrogram_webgl.rs:43:5
   |
43 |     create_effect(move |_| {
   |     ^^^^^^^^^^^^^

warning: use of deprecated function `leptos::prelude::create_effect`: This function is being removed to conform to Rust idioms. Please use `Effect::new()` instead.
  --> src/components/spectrogram_webgl.rs:70:5
   |
70 |     create_effect(move |_| {
   |     ^^^^^^^^^^^^^

warning: use of deprecated function `leptos::prelude::create_effect`: This function is being removed to conform to Rust idioms. Please use `Effect::new()` instead.
   --> src/components/spectrogram_webgl.rs:236:5
    |
236 |     create_effect(move |_| {
    |     ^^^^^^^^^^^^^

warning: `batchi` (lib) generated 10 warnings (run `cargo fix --lib -p batchi` to apply 1 suggestion)
    Finished `dev` profile [unoptimized + debuginfo] target(s) in 0.17s
2026-02-19T23:41:43.023933Z  INFO fetching cargo artifacts
2026-02-19T23:41:43.647591Z  INFO calling wasm-bindgen for batchi
2026-02-19T23:41:46.100898Z  INFO rust build complete
2026-02-19T23:41:46.103252Z  INFO applying new distribution
2026-02-19T23:41:46.105801Z  INFO ✅ success
2026-02-19T23:41:46.105839Z  INFO 📦 starting build
2026-02-19T23:41:46.106134Z  INFO spawning asset pipelines
2026-02-19T23:41:46.349876Z  INFO copying & hashing css path="style.css"
2026-02-19T23:41:46.349950Z  INFO building batchi
2026-02-19T23:41:46.350230Z  INFO finished copying & hashing css path="style.css"
warning: unused import: `HtmlCanvasElement`
 --> src/components/spectrogram_webgl.rs:6:15
  |
6 | use web_sys::{HtmlCanvasElement, WebGl2RenderingContext};
  |               ^^^^^^^^^^^^^^^^^
  |
  = note: `#[warn(unused_imports)]` (part of `#[warn(unused)]`) on by default

warning: use of deprecated function `leptos::prelude::store_value`: This function is being removed to conform to Rust idioms. Please use `StoredValue::new()` or `StoredValue::new_local()` instead.
  --> src/components/spectrogram_webgl.rs:33:20
   |
33 |     let renderer = store_value(None::<SendWrapper<Waterfall3D>>);
   |                    ^^^^^^^^^^^
   |
   = note: `#[warn(deprecated)]` on by default

warning: use of deprecated function `leptos::prelude::create_rw_signal`: This function is being removed to conform to Rust idioms. Please use `RwSignal::new()` instead.
  --> src/components/spectrogram_webgl.rs:34:26
   |
34 |     let renderer_ready = create_rw_signal(false);
   |                          ^^^^^^^^^^^^^^^^

warning: use of deprecated function `leptos::prelude::create_rw_signal`: This function is being removed to conform to Rust idioms. Please use `RwSignal::new()` instead.
  --> src/components/spectrogram_webgl.rs:35:21
   |
35 |     let last_dims = create_rw_signal::<(i32,i32)>( (0,0) );
   |                     ^^^^^^^^^^^^^^^^

warning: use of deprecated function `leptos::prelude::create_rw_signal`: This function is being removed to conform to Rust idioms. Please use `RwSignal::new()` instead.
  --> src/components/spectrogram_webgl.rs:38:23
   |
38 |     let is_dragging = create_rw_signal(false);
   |                       ^^^^^^^^^^^^^^^^

warning: use of deprecated function `leptos::prelude::create_rw_signal`: This function is being removed to conform to Rust idioms. Please use `RwSignal::new()` instead.
  --> src/components/spectrogram_webgl.rs:39:26
   |
39 |     let last_mouse_pos = create_rw_signal::<(i32,i32)>( (0,0) );
   |                          ^^^^^^^^^^^^^^^^

warning: use of deprecated function `leptos::prelude::create_rw_signal`: This function is being removed to conform to Rust idioms. Please use `RwSignal::new()` instead.
  --> src/components/spectrogram_webgl.rs:40:21
   |
40 |     let drag_mode = create_rw_signal(0); // 0=rotate, 1=pan
   |                     ^^^^^^^^^^^^^^^^

warning: use of deprecated function `leptos::prelude::create_effect`: This function is being removed to conform to Rust idioms. Please use `Effect::new()` instead.
  --> src/components/spectrogram_webgl.rs:43:5
   |
43 |     create_effect(move |_| {
   |     ^^^^^^^^^^^^^

warning: use of deprecated function `leptos::prelude::create_effect`: This function is being removed to conform to Rust idioms. Please use `Effect::new()` instead.
  --> src/components/spectrogram_webgl.rs:70:5
   |
70 |     create_effect(move |_| {
   |     ^^^^^^^^^^^^^

warning: use of deprecated function `leptos::prelude::create_effect`: This function is being removed to conform to Rust idioms. Please use `Effect::new()` instead.
   --> src/components/spectrogram_webgl.rs:236:5
    |
236 |     create_effect(move |_| {
    |     ^^^^^^^^^^^^^

warning: `batchi` (lib) generated 10 warnings (run `cargo fix --lib -p batchi` to apply 1 suggestion)
    Finished `dev` profile [unoptimized + debuginfo] target(s) in 0.17s
2026-02-19T23:41:46.608981Z  INFO fetching cargo artifacts
2026-02-19T23:41:47.238870Z  INFO calling wasm-bindgen for batchi
2026-02-19T23:41:49.720568Z  INFO rust build complete
2026-02-19T23:41:49.723031Z  INFO applying new distribution
2026-02-19T23:41:49.725246Z  INFO ✅ success
2026-02-19T23:41:49.725272Z  INFO 📦 starting build
2026-02-19T23:41:49.725600Z  INFO spawning asset pipelines
2026-02-19T23:41:49.964922Z  INFO copying & hashing css path="style.css"
2026-02-19T23:41:49.964987Z  INFO building batchi
2026-02-19T23:41:49.965279Z  INFO finished copying & hashing css path="style.css"
warning: unused import: `HtmlCanvasElement`
 --> src/components/spectrogram_webgl.rs:6:15
  |
6 | use web_sys::{HtmlCanvasElement, WebGl2RenderingContext};
  |               ^^^^^^^^^^^^^^^^^
  |
  = note: `#[warn(unused_imports)]` (part of `#[warn(unused)]`) on by default

warning: use of deprecated function `leptos::prelude::store_value`: This function is being removed to conform to Rust idioms. Please use `StoredValue::new()` or `StoredValue::new_local()` instead.
  --> src/components/spectrogram_webgl.rs:33:20
   |
33 |     let renderer = store_value(None::<SendWrapper<Waterfall3D>>);
   |                    ^^^^^^^^^^^
   |
   = note: `#[warn(deprecated)]` on by default

warning: use of deprecated function `leptos::prelude::create_rw_signal`: This function is being removed to conform to Rust idioms. Please use `RwSignal::new()` instead.
  --> src/components/spectrogram_webgl.rs:34:26
   |
34 |     let renderer_ready = create_rw_signal(false);
   |                          ^^^^^^^^^^^^^^^^

warning: use of deprecated function `leptos::prelude::create_rw_signal`: This function is being removed to conform to Rust idioms. Please use `RwSignal::new()` instead.
  --> src/components/spectrogram_webgl.rs:35:21
   |
35 |     let last_dims = create_rw_signal::<(i32,i32)>( (0,0) );
   |                     ^^^^^^^^^^^^^^^^

warning: use of deprecated function `leptos::prelude::create_rw_signal`: This function is being removed to conform to Rust idioms. Please use `RwSignal::new()` instead.
  --> src/components/spectrogram_webgl.rs:38:23
   |
38 |     let is_dragging = create_rw_signal(false);
   |                       ^^^^^^^^^^^^^^^^

warning: use of deprecated function `leptos::prelude::create_rw_signal`: This function is being removed to conform to Rust idioms. Please use `RwSignal::new()` instead.
  --> src/components/spectrogram_webgl.rs:39:26
   |
39 |     let last_mouse_pos = create_rw_signal::<(i32,i32)>( (0,0) );
   |                          ^^^^^^^^^^^^^^^^

warning: use of deprecated function `leptos::prelude::create_rw_signal`: This function is being removed to conform to Rust idioms. Please use `RwSignal::new()` instead.
  --> src/components/spectrogram_webgl.rs:40:21
   |
40 |     let drag_mode = create_rw_signal(0); // 0=rotate, 1=pan
   |                     ^^^^^^^^^^^^^^^^

warning: use of deprecated function `leptos::prelude::create_effect`: This function is being removed to conform to Rust idioms. Please use `Effect::new()` instead.
  --> src/components/spectrogram_webgl.rs:43:5
   |
43 |     create_effect(move |_| {
   |     ^^^^^^^^^^^^^

warning: use of deprecated function `leptos::prelude::create_effect`: This function is being removed to conform to Rust idioms. Please use `Effect::new()` instead.
  --> src/components/spectrogram_webgl.rs:70:5
   |
70 |     create_effect(move |_| {
   |     ^^^^^^^^^^^^^

warning: use of deprecated function `leptos::prelude::create_effect`: This function is being removed to conform to Rust idioms. Please use `Effect::new()` instead.
   --> src/components/spectrogram_webgl.rs:236:5
    |
236 |     create_effect(move |_| {
    |     ^^^^^^^^^^^^^

warning: `batchi` (lib) generated 10 warnings (run `cargo fix --lib -p batchi` to apply 1 suggestion)
    Finished `dev` profile [unoptimized + debuginfo] target(s) in 0.17s
2026-02-19T23:41:50.221176Z  INFO fetching cargo artifacts
2026-02-19T23:41:50.853159Z  INFO calling wasm-bindgen for batchi
2026-02-19T23:41:53.273470Z  INFO rust build complete
2026-02-19T23:41:53.275786Z  INFO applying new distribution
2026-02-19T23:41:53.278133Z  INFO ✅ success
2026-02-19T23:41:53.278165Z  INFO 📦 starting build
2026-02-19T23:41:53.278436Z  INFO spawning asset pipelines
2026-02-19T23:41:53.523283Z  INFO copying & hashing css path="style.css"
2026-02-19T23:41:53.523375Z  INFO building batchi
2026-02-19T23:41:53.523671Z  INFO finished copying & hashing css path="style.css"
warning: unused import: `HtmlCanvasElement`
 --> src/components/spectrogram_webgl.rs:6:15
  |
6 | use web_sys::{HtmlCanvasElement, WebGl2RenderingContext};
  |               ^^^^^^^^^^^^^^^^^
  |
  = note: `#[warn(unused_imports)]` (part of `#[warn(unused)]`) on by default

warning: use of deprecated function `leptos::prelude::store_value`: This function is being removed to conform to Rust idioms. Please use `StoredValue::new()` or `StoredValue::new_local()` instead.
  --> src/components/spectrogram_webgl.rs:33:20
   |
33 |     let renderer = store_value(None::<SendWrapper<Waterfall3D>>);
   |                    ^^^^^^^^^^^
   |
   = note: `#[warn(deprecated)]` on by default

warning: use of deprecated function `leptos::prelude::create_rw_signal`: This function is being removed to conform to Rust idioms. Please use `RwSignal::new()` instead.
  --> src/components/spectrogram_webgl.rs:34:26
   |
34 |     let renderer_ready = create_rw_signal(false);
   |                          ^^^^^^^^^^^^^^^^

warning: use of deprecated function `leptos::prelude::create_rw_signal`: This function is being removed to conform to Rust idioms. Please use `RwSignal::new()` instead.
  --> src/components/spectrogram_webgl.rs:35:21
   |
35 |     let last_dims = create_rw_signal::<(i32,i32)>( (0,0) );
   |                     ^^^^^^^^^^^^^^^^

warning: use of deprecated function `leptos::prelude::create_rw_signal`: This function is being removed to conform to Rust idioms. Please use `RwSignal::new()` instead.
  --> src/components/spectrogram_webgl.rs:38:23
   |
38 |     let is_dragging = create_rw_signal(false);
   |                       ^^^^^^^^^^^^^^^^

warning: use of deprecated function `leptos::prelude::create_rw_signal`: This function is being removed to conform to Rust idioms. Please use `RwSignal::new()` instead.
  --> src/components/spectrogram_webgl.rs:39:26
   |
39 |     let last_mouse_pos = create_rw_signal::<(i32,i32)>( (0,0) );
   |                          ^^^^^^^^^^^^^^^^

warning: use of deprecated function `leptos::prelude::create_rw_signal`: This function is being removed to conform to Rust idioms. Please use `RwSignal::new()` instead.
  --> src/components/spectrogram_webgl.rs:40:21
   |
40 |     let drag_mode = create_rw_signal(0); // 0=rotate, 1=pan
   |                     ^^^^^^^^^^^^^^^^

warning: use of deprecated function `leptos::prelude::create_effect`: This function is being removed to conform to Rust idioms. Please use `Effect::new()` instead.
  --> src/components/spectrogram_webgl.rs:43:5
   |
43 |     create_effect(move |_| {
   |     ^^^^^^^^^^^^^

warning: use of deprecated function `leptos::prelude::create_effect`: This function is being removed to conform to Rust idioms. Please use `Effect::new()` instead.
  --> src/components/spectrogram_webgl.rs:70:5
   |
70 |     create_effect(move |_| {
   |     ^^^^^^^^^^^^^

warning: use of deprecated function `leptos::prelude::create_effect`: This function is being removed to conform to Rust idioms. Please use `Effect::new()` instead.
   --> src/components/spectrogram_webgl.rs:236:5
    |
236 |     create_effect(move |_| {
    |     ^^^^^^^^^^^^^

warning: `batchi` (lib) generated 10 warnings (run `cargo fix --lib -p batchi` to apply 1 suggestion)
    Finished `dev` profile [unoptimized + debuginfo] target(s) in 0.17s
2026-02-19T23:41:53.785160Z  INFO fetching cargo artifacts
2026-02-19T23:41:54.415742Z  INFO calling wasm-bindgen for batchi
2026-02-19T23:41:56.846521Z  INFO rust build complete
2026-02-19T23:41:56.849010Z  INFO applying new distribution
2026-02-19T23:41:56.851293Z  INFO ✅ success
2026-02-19T23:41:56.851324Z  INFO 📦 starting build
2026-02-19T23:41:56.851600Z  INFO spawning asset pipelines
2026-02-19T23:41:57.090464Z  INFO copying & hashing css path="style.css"
2026-02-19T23:41:57.090518Z  INFO building batchi
2026-02-19T23:41:57.090913Z  INFO finished copying & hashing css path="style.css"
warning: unused import: `HtmlCanvasElement`
 --> src/components/spectrogram_webgl.rs:6:15
  |
6 | use web_sys::{HtmlCanvasElement, WebGl2RenderingContext};
  |               ^^^^^^^^^^^^^^^^^
  |
  = note: `#[warn(unused_imports)]` (part of `#[warn(unused)]`) on by default

warning: use of deprecated function `leptos::prelude::store_value`: This function is being removed to conform to Rust idioms. Please use `StoredValue::new()` or `StoredValue::new_local()` instead.
  --> src/components/spectrogram_webgl.rs:33:20
   |
33 |     let renderer = store_value(None::<SendWrapper<Waterfall3D>>);
   |                    ^^^^^^^^^^^
   |
   = note: `#[warn(deprecated)]` on by default

warning: use of deprecated function `leptos::prelude::create_rw_signal`: This function is being removed to conform to Rust idioms. Please use `RwSignal::new()` instead.
  --> src/components/spectrogram_webgl.rs:34:26
   |
34 |     let renderer_ready = create_rw_signal(false);
   |                          ^^^^^^^^^^^^^^^^

warning: use of deprecated function `leptos::prelude::create_rw_signal`: This function is being removed to conform to Rust idioms. Please use `RwSignal::new()` instead.
  --> src/components/spectrogram_webgl.rs:35:21
   |
35 |     let last_dims = create_rw_signal::<(i32,i32)>( (0,0) );
   |                     ^^^^^^^^^^^^^^^^

warning: use of deprecated function `leptos::prelude::create_rw_signal`: This function is being removed to conform to Rust idioms. Please use `RwSignal::new()` instead.
  --> src/components/spectrogram_webgl.rs:38:23
   |
38 |     let is_dragging = create_rw_signal(false);
   |                       ^^^^^^^^^^^^^^^^

warning: use of deprecated function `leptos::prelude::create_rw_signal`: This function is being removed to conform to Rust idioms. Please use `RwSignal::new()` instead.
  --> src/components/spectrogram_webgl.rs:39:26
   |
39 |     let last_mouse_pos = create_rw_signal::<(i32,i32)>( (0,0) );
   |                          ^^^^^^^^^^^^^^^^

warning: use of deprecated function `leptos::prelude::create_rw_signal`: This function is being removed to conform to Rust idioms. Please use `RwSignal::new()` instead.
  --> src/components/spectrogram_webgl.rs:40:21
   |
40 |     let drag_mode = create_rw_signal(0); // 0=rotate, 1=pan
   |                     ^^^^^^^^^^^^^^^^

warning: use of deprecated function `leptos::prelude::create_effect`: This function is being removed to conform to Rust idioms. Please use `Effect::new()` instead.
  --> src/components/spectrogram_webgl.rs:43:5
   |
43 |     create_effect(move |_| {
   |     ^^^^^^^^^^^^^

warning: use of deprecated function `leptos::prelude::create_effect`: This function is being removed to conform to Rust idioms. Please use `Effect::new()` instead.
  --> src/components/spectrogram_webgl.rs:70:5
   |
70 |     create_effect(move |_| {
   |     ^^^^^^^^^^^^^

warning: use of deprecated function `leptos::prelude::create_effect`: This function is being removed to conform to Rust idioms. Please use `Effect::new()` instead.
   --> src/components/spectrogram_webgl.rs:236:5
    |
236 |     create_effect(move |_| {
    |     ^^^^^^^^^^^^^

warning: `batchi` (lib) generated 10 warnings (run `cargo fix --lib -p batchi` to apply 1 suggestion)
    Finished `dev` profile [unoptimized + debuginfo] target(s) in 0.17s
2026-02-19T23:41:57.346337Z  INFO fetching cargo artifacts
2026-02-19T23:41:57.967596Z  INFO calling wasm-bindgen for batchi
2026-02-19T23:42:00.404083Z  INFO rust build complete
2026-02-19T23:42:00.406560Z  INFO applying new distribution
2026-02-19T23:42:00.408963Z  INFO ✅ success
2026-02-19T23:42:00.408994Z  INFO 📦 starting build
2026-02-19T23:42:00.409276Z  INFO spawning asset pipelines
2026-02-19T23:42:00.650201Z  INFO copying & hashing css path="style.css"
2026-02-19T23:42:00.650252Z  INFO building batchi
2026-02-19T23:42:00.650677Z  INFO finished copying & hashing css path="style.css"
warning: unused import: `HtmlCanvasElement`
 --> src/components/spectrogram_webgl.rs:6:15
  |
6 | use web_sys::{HtmlCanvasElement, WebGl2RenderingContext};
  |               ^^^^^^^^^^^^^^^^^
  |
  = note: `#[warn(unused_imports)]` (part of `#[warn(unused)]`) on by default

warning: use of deprecated function `leptos::prelude::store_value`: This function is being removed to conform to Rust idioms. Please use `StoredValue::new()` or `StoredValue::new_local()` instead.
  --> src/components/spectrogram_webgl.rs:33:20
   |
33 |     let renderer = store_value(None::<SendWrapper<Waterfall3D>>);
   |                    ^^^^^^^^^^^
   |
   = note: `#[warn(deprecated)]` on by default

warning: use of deprecated function `leptos::prelude::create_rw_signal`: This function is being removed to conform to Rust idioms. Please use `RwSignal::new()` instead.
  --> src/components/spectrogram_webgl.rs:34:26
   |
34 |     let renderer_ready = create_rw_signal(false);
   |                          ^^^^^^^^^^^^^^^^

warning: use of deprecated function `leptos::prelude::create_rw_signal`: This function is being removed to conform to Rust idioms. Please use `RwSignal::new()` instead.
  --> src/components/spectrogram_webgl.rs:35:21
   |
35 |     let last_dims = create_rw_signal::<(i32,i32)>( (0,0) );
   |                     ^^^^^^^^^^^^^^^^

warning: use of deprecated function `leptos::prelude::create_rw_signal`: This function is being removed to conform to Rust idioms. Please use `RwSignal::new()` instead.
  --> src/components/spectrogram_webgl.rs:38:23
   |
38 |     let is_dragging = create_rw_signal(false);
   |                       ^^^^^^^^^^^^^^^^

warning: use of deprecated function `leptos::prelude::create_rw_signal`: This function is being removed to conform to Rust idioms. Please use `RwSignal::new()` instead.
  --> src/components/spectrogram_webgl.rs:39:26
   |
39 |     let last_mouse_pos = create_rw_signal::<(i32,i32)>( (0,0) );
   |                          ^^^^^^^^^^^^^^^^

warning: use of deprecated function `leptos::prelude::create_rw_signal`: This function is being removed to conform to Rust idioms. Please use `RwSignal::new()` instead.
  --> src/components/spectrogram_webgl.rs:40:21
   |
40 |     let drag_mode = create_rw_signal(0); // 0=rotate, 1=pan
   |                     ^^^^^^^^^^^^^^^^

warning: use of deprecated function `leptos::prelude::create_effect`: This function is being removed to conform to Rust idioms. Please use `Effect::new()` instead.
  --> src/components/spectrogram_webgl.rs:43:5
   |
43 |     create_effect(move |_| {
   |     ^^^^^^^^^^^^^

warning: use of deprecated function `leptos::prelude::create_effect`: This function is being removed to conform to Rust idioms. Please use `Effect::new()` instead.
  --> src/components/spectrogram_webgl.rs:70:5
   |
70 |     create_effect(move |_| {
   |     ^^^^^^^^^^^^^

warning: use of deprecated function `leptos::prelude::create_effect`: This function is being removed to conform to Rust idioms. Please use `Effect::new()` instead.
   --> src/components/spectrogram_webgl.rs:236:5
    |
236 |     create_effect(move |_| {
    |     ^^^^^^^^^^^^^

warning: `batchi` (lib) generated 10 warnings (run `cargo fix --lib -p batchi` to apply 1 suggestion)
    Finished `dev` profile [unoptimized + debuginfo] target(s) in 0.17s
2026-02-19T23:42:00.905608Z  INFO fetching cargo artifacts
2026-02-19T23:42:01.527027Z  INFO calling wasm-bindgen for batchi
2026-02-19T23:42:04.099535Z  INFO rust build complete
2026-02-19T23:42:04.102213Z  INFO applying new distribution
2026-02-19T23:42:04.104391Z  INFO ✅ success
2026-02-19T23:42:04.104422Z  INFO 📦 starting build
2026-02-19T23:42:04.104698Z  INFO spawning asset pipelines
2026-02-19T23:42:04.348806Z  INFO copying & hashing css path="style.css"
2026-02-19T23:42:04.348869Z  INFO building batchi
2026-02-19T23:42:04.349186Z  INFO finished copying & hashing css path="style.css"
warning: unused import: `HtmlCanvasElement`
 --> src/components/spectrogram_webgl.rs:6:15
  |
6 | use web_sys::{HtmlCanvasElement, WebGl2RenderingContext};
  |               ^^^^^^^^^^^^^^^^^
  |
  = note: `#[warn(unused_imports)]` (part of `#[warn(unused)]`) on by default

warning: use of deprecated function `leptos::prelude::store_value`: This function is being removed to conform to Rust idioms. Please use `StoredValue::new()` or `StoredValue::new_local()` instead.
  --> src/components/spectrogram_webgl.rs:33:20
   |
33 |     let renderer = store_value(None::<SendWrapper<Waterfall3D>>);
   |                    ^^^^^^^^^^^
   |
   = note: `#[warn(deprecated)]` on by default

warning: use of deprecated function `leptos::prelude::create_rw_signal`: This function is being removed to conform to Rust idioms. Please use `RwSignal::new()` instead.
  --> src/components/spectrogram_webgl.rs:34:26
   |
34 |     let renderer_ready = create_rw_signal(false);
   |                          ^^^^^^^^^^^^^^^^

warning: use of deprecated function `leptos::prelude::create_rw_signal`: This function is being removed to conform to Rust idioms. Please use `RwSignal::new()` instead.
  --> src/components/spectrogram_webgl.rs:35:21
   |
35 |     let last_dims = create_rw_signal::<(i32,i32)>( (0,0) );
   |                     ^^^^^^^^^^^^^^^^

warning: use of deprecated function `leptos::prelude::create_rw_signal`: This function is being removed to conform to Rust idioms. Please use `RwSignal::new()` instead.
  --> src/components/spectrogram_webgl.rs:38:23
   |
38 |     let is_dragging = create_rw_signal(false);
   |                       ^^^^^^^^^^^^^^^^

warning: use of deprecated function `leptos::prelude::create_rw_signal`: This function is being removed to conform to Rust idioms. Please use `RwSignal::new()` instead.
  --> src/components/spectrogram_webgl.rs:39:26
   |
39 |     let last_mouse_pos = create_rw_signal::<(i32,i32)>( (0,0) );
   |                          ^^^^^^^^^^^^^^^^

warning: use of deprecated function `leptos::prelude::create_rw_signal`: This function is being removed to conform to Rust idioms. Please use `RwSignal::new()` instead.
  --> src/components/spectrogram_webgl.rs:40:21
   |
40 |     let drag_mode = create_rw_signal(0); // 0=rotate, 1=pan
   |                     ^^^^^^^^^^^^^^^^

warning: use of deprecated function `leptos::prelude::create_effect`: This function is being removed to conform to Rust idioms. Please use `Effect::new()` instead.
  --> src/components/spectrogram_webgl.rs:43:5
   |
43 |     create_effect(move |_| {
   |     ^^^^^^^^^^^^^

warning: use of deprecated function `leptos::prelude::create_effect`: This function is being removed to conform to Rust idioms. Please use `Effect::new()` instead.
  --> src/components/spectrogram_webgl.rs:70:5
   |
70 |     create_effect(move |_| {
   |     ^^^^^^^^^^^^^

warning: use of deprecated function `leptos::prelude::create_effect`: This function is being removed to conform to Rust idioms. Please use `Effect::new()` instead.
   --> src/components/spectrogram_webgl.rs:236:5
    |
236 |     create_effect(move |_| {
    |     ^^^^^^^^^^^^^

warning: `batchi` (lib) generated 10 warnings (run `cargo fix --lib -p batchi` to apply 1 suggestion)
    Finished `dev` profile [unoptimized + debuginfo] target(s) in 0.17s
2026-02-19T23:42:04.605613Z  INFO fetching cargo artifacts
2026-02-19T23:42:05.230642Z  INFO calling wasm-bindgen for batchi
2026-02-19T23:42:07.692855Z  INFO rust build complete
2026-02-19T23:42:07.695271Z  INFO applying new distribution
2026-02-19T23:42:07.697623Z  INFO ✅ success
2026-02-19T23:42:07.697655Z  INFO 📦 starting build
2026-02-19T23:42:07.697952Z  INFO spawning asset pipelines
2026-02-19T23:42:07.937944Z  INFO copying & hashing css path="style.css"
2026-02-19T23:42:07.937999Z  INFO building batchi
2026-02-19T23:42:07.938383Z  INFO finished copying & hashing css path="style.css"
warning: unused import: `HtmlCanvasElement`
 --> src/components/spectrogram_webgl.rs:6:15
  |
6 | use web_sys::{HtmlCanvasElement, WebGl2RenderingContext};
  |               ^^^^^^^^^^^^^^^^^
  |
  = note: `#[warn(unused_imports)]` (part of `#[warn(unused)]`) on by default

warning: use of deprecated function `leptos::prelude::store_value`: This function is being removed to conform to Rust idioms. Please use `StoredValue::new()` or `StoredValue::new_local()` instead.
  --> src/components/spectrogram_webgl.rs:33:20
   |
33 |     let renderer = store_value(None::<SendWrapper<Waterfall3D>>);
   |                    ^^^^^^^^^^^
   |
   = note: `#[warn(deprecated)]` on by default

warning: use of deprecated function `leptos::prelude::create_rw_signal`: This function is being removed to conform to Rust idioms. Please use `RwSignal::new()` instead.
  --> src/components/spectrogram_webgl.rs:34:26
   |
34 |     let renderer_ready = create_rw_signal(false);
   |                          ^^^^^^^^^^^^^^^^

warning: use of deprecated function `leptos::prelude::create_rw_signal`: This function is being removed to conform to Rust idioms. Please use `RwSignal::new()` instead.
  --> src/components/spectrogram_webgl.rs:35:21
   |
35 |     let last_dims = create_rw_signal::<(i32,i32)>( (0,0) );
   |                     ^^^^^^^^^^^^^^^^

warning: use of deprecated function `leptos::prelude::create_rw_signal`: This function is being removed to conform to Rust idioms. Please use `RwSignal::new()` instead.
  --> src/components/spectrogram_webgl.rs:38:23
   |
38 |     let is_dragging = create_rw_signal(false);
   |                       ^^^^^^^^^^^^^^^^

warning: use of deprecated function `leptos::prelude::create_rw_signal`: This function is being removed to conform to Rust idioms. Please use `RwSignal::new()` instead.
  --> src/components/spectrogram_webgl.rs:39:26
   |
39 |     let last_mouse_pos = create_rw_signal::<(i32,i32)>( (0,0) );
   |                          ^^^^^^^^^^^^^^^^

warning: use of deprecated function `leptos::prelude::create_rw_signal`: This function is being removed to conform to Rust idioms. Please use `RwSignal::new()` instead.
  --> src/components/spectrogram_webgl.rs:40:21
   |
40 |     let drag_mode = create_rw_signal(0); // 0=rotate, 1=pan
   |                     ^^^^^^^^^^^^^^^^

warning: use of deprecated function `leptos::prelude::create_effect`: This function is being removed to conform to Rust idioms. Please use `Effect::new()` instead.
  --> src/components/spectrogram_webgl.rs:43:5
   |
43 |     create_effect(move |_| {
   |     ^^^^^^^^^^^^^

warning: use of deprecated function `leptos::prelude::create_effect`: This function is being removed to conform to Rust idioms. Please use `Effect::new()` instead.
  --> src/components/spectrogram_webgl.rs:70:5
   |
70 |     create_effect(move |_| {
   |     ^^^^^^^^^^^^^

warning: use of deprecated function `leptos::prelude::create_effect`: This function is being removed to conform to Rust idioms. Please use `Effect::new()` instead.
   --> src/components/spectrogram_webgl.rs:236:5
    |
236 |     create_effect(move |_| {
    |     ^^^^^^^^^^^^^

warning: `batchi` (lib) generated 10 warnings (run `cargo fix --lib -p batchi` to apply 1 suggestion)
    Finished `dev` profile [unoptimized + debuginfo] target(s) in 0.17s
2026-02-19T23:42:08.197253Z  INFO fetching cargo artifacts
2026-02-19T23:42:08.822055Z  INFO calling wasm-bindgen for batchi
2026-02-19T23:42:11.285583Z  INFO rust build complete
2026-02-19T23:42:11.287963Z  INFO applying new distribution
2026-02-19T23:42:11.290916Z  INFO ✅ success
2026-02-19T23:42:11.290948Z  INFO 📦 starting build
2026-02-19T23:42:11.291211Z  INFO spawning asset pipelines
2026-02-19T23:42:11.536344Z  INFO copying & hashing css path="style.css"
2026-02-19T23:42:11.536443Z  INFO building batchi
2026-02-19T23:42:11.536771Z  INFO finished copying & hashing css path="style.css"
warning: unused import: `HtmlCanvasElement`
 --> src/components/spectrogram_webgl.rs:6:15
  |
6 | use web_sys::{HtmlCanvasElement, WebGl2RenderingContext};
  |               ^^^^^^^^^^^^^^^^^
  |
  = note: `#[warn(unused_imports)]` (part of `#[warn(unused)]`) on by default

warning: use of deprecated function `leptos::prelude::store_value`: This function is being removed to conform to Rust idioms. Please use `StoredValue::new()` or `StoredValue::new_local()` instead.
  --> src/components/spectrogram_webgl.rs:33:20
   |
33 |     let renderer = store_value(None::<SendWrapper<Waterfall3D>>);
   |                    ^^^^^^^^^^^
   |
   = note: `#[warn(deprecated)]` on by default

warning: use of deprecated function `leptos::prelude::create_rw_signal`: This function is being removed to conform to Rust idioms. Please use `RwSignal::new()` instead.
  --> src/components/spectrogram_webgl.rs:34:26
   |
34 |     let renderer_ready = create_rw_signal(false);
   |                          ^^^^^^^^^^^^^^^^

warning: use of deprecated function `leptos::prelude::create_rw_signal`: This function is being removed to conform to Rust idioms. Please use `RwSignal::new()` instead.
  --> src/components/spectrogram_webgl.rs:35:21
   |
35 |     let last_dims = create_rw_signal::<(i32,i32)>( (0,0) );
   |                     ^^^^^^^^^^^^^^^^

warning: use of deprecated function `leptos::prelude::create_rw_signal`: This function is being removed to conform to Rust idioms. Please use `RwSignal::new()` instead.
  --> src/components/spectrogram_webgl.rs:38:23
   |
38 |     let is_dragging = create_rw_signal(false);
   |                       ^^^^^^^^^^^^^^^^

warning: use of deprecated function `leptos::prelude::create_rw_signal`: This function is being removed to conform to Rust idioms. Please use `RwSignal::new()` instead.
  --> src/components/spectrogram_webgl.rs:39:26
   |
39 |     let last_mouse_pos = create_rw_signal::<(i32,i32)>( (0,0) );
   |                          ^^^^^^^^^^^^^^^^

warning: use of deprecated function `leptos::prelude::create_rw_signal`: This function is being removed to conform to Rust idioms. Please use `RwSignal::new()` instead.
  --> src/components/spectrogram_webgl.rs:40:21
   |
40 |     let drag_mode = create_rw_signal(0); // 0=rotate, 1=pan
   |                     ^^^^^^^^^^^^^^^^

warning: use of deprecated function `leptos::prelude::create_effect`: This function is being removed to conform to Rust idioms. Please use `Effect::new()` instead.
  --> src/components/spectrogram_webgl.rs:43:5
   |
43 |     create_effect(move |_| {
   |     ^^^^^^^^^^^^^

warning: use of deprecated function `leptos::prelude::create_effect`: This function is being removed to conform to Rust idioms. Please use `Effect::new()` instead.
  --> src/components/spectrogram_webgl.rs:70:5
   |
70 |     create_effect(move |_| {
   |     ^^^^^^^^^^^^^

warning: use of deprecated function `leptos::prelude::create_effect`: This function is being removed to conform to Rust idioms. Please use `Effect::new()` instead.
   --> src/components/spectrogram_webgl.rs:236:5
    |
236 |     create_effect(move |_| {
    |     ^^^^^^^^^^^^^

warning: `batchi` (lib) generated 10 warnings (run `cargo fix --lib -p batchi` to apply 1 suggestion)
    Finished `dev` profile [unoptimized + debuginfo] target(s) in 0.17s
2026-02-19T23:42:11.798177Z  INFO fetching cargo artifacts
2026-02-19T23:42:12.424674Z  INFO calling wasm-bindgen for batchi
2026-02-19T23:42:14.890922Z  INFO rust build complete
2026-02-19T23:42:14.893312Z  INFO applying new distribution
2026-02-19T23:42:14.895708Z  INFO ✅ success
2026-02-19T23:42:14.895744Z  INFO 📦 starting build
2026-02-19T23:42:14.895996Z  INFO spawning asset pipelines
2026-02-19T23:42:15.136764Z  INFO copying & hashing css path="style.css"
2026-02-19T23:42:15.136827Z  INFO building batchi
2026-02-19T23:42:15.137226Z  INFO finished copying & hashing css path="style.css"
warning: unused import: `HtmlCanvasElement`
 --> src/components/spectrogram_webgl.rs:6:15
  |
6 | use web_sys::{HtmlCanvasElement, WebGl2RenderingContext};
  |               ^^^^^^^^^^^^^^^^^
  |
  = note: `#[warn(unused_imports)]` (part of `#[warn(unused)]`) on by default

warning: use of deprecated function `leptos::prelude::store_value`: This function is being removed to conform to Rust idioms. Please use `StoredValue::new()` or `StoredValue::new_local()` instead.
  --> src/components/spectrogram_webgl.rs:33:20
   |
33 |     let renderer = store_value(None::<SendWrapper<Waterfall3D>>);
   |                    ^^^^^^^^^^^
   |
   = note: `#[warn(deprecated)]` on by default

warning: use of deprecated function `leptos::prelude::create_rw_signal`: This function is being removed to conform to Rust idioms. Please use `RwSignal::new()` instead.
  --> src/components/spectrogram_webgl.rs:34:26
   |
34 |     let renderer_ready = create_rw_signal(false);
   |                          ^^^^^^^^^^^^^^^^

warning: use of deprecated function `leptos::prelude::create_rw_signal`: This function is being removed to conform to Rust idioms. Please use `RwSignal::new()` instead.
  --> src/components/spectrogram_webgl.rs:35:21
   |
35 |     let last_dims = create_rw_signal::<(i32,i32)>( (0,0) );
   |                     ^^^^^^^^^^^^^^^^

warning: use of deprecated function `leptos::prelude::create_rw_signal`: This function is being removed to conform to Rust idioms. Please use `RwSignal::new()` instead.
  --> src/components/spectrogram_webgl.rs:38:23
   |
38 |     let is_dragging = create_rw_signal(false);
   |                       ^^^^^^^^^^^^^^^^

warning: use of deprecated function `leptos::prelude::create_rw_signal`: This function is being removed to conform to Rust idioms. Please use `RwSignal::new()` instead.
  --> src/components/spectrogram_webgl.rs:39:26
   |
39 |     let last_mouse_pos = create_rw_signal::<(i32,i32)>( (0,0) );
   |                          ^^^^^^^^^^^^^^^^

warning: use of deprecated function `leptos::prelude::create_rw_signal`: This function is being removed to conform to Rust idioms. Please use `RwSignal::new()` instead.
  --> src/components/spectrogram_webgl.rs:40:21
   |
40 |     let drag_mode = create_rw_signal(0); // 0=rotate, 1=pan
   |                     ^^^^^^^^^^^^^^^^

warning: use of deprecated function `leptos::prelude::create_effect`: This function is being removed to conform to Rust idioms. Please use `Effect::new()` instead.
  --> src/components/spectrogram_webgl.rs:43:5
   |
43 |     create_effect(move |_| {
   |     ^^^^^^^^^^^^^

warning: use of deprecated function `leptos::prelude::create_effect`: This function is being removed to conform to Rust idioms. Please use `Effect::new()` instead.
  --> src/components/spectrogram_webgl.rs:70:5
   |
70 |     create_effect(move |_| {
   |     ^^^^^^^^^^^^^

warning: use of deprecated function `leptos::prelude::create_effect`: This function is being removed to conform to Rust idioms. Please use `Effect::new()` instead.
   --> src/components/spectrogram_webgl.rs:236:5
    |
236 |     create_effect(move |_| {
    |     ^^^^^^^^^^^^^

warning: `batchi` (lib) generated 10 warnings (run `cargo fix --lib -p batchi` to apply 1 suggestion)
    Finished `dev` profile [unoptimized + debuginfo] target(s) in 0.17s
2026-02-19T23:42:15.392371Z  INFO fetching cargo artifacts
2026-02-19T23:42:16.016096Z  INFO calling wasm-bindgen for batchi
2026-02-19T23:42:18.453288Z  INFO rust build complete
2026-02-19T23:42:18.456004Z  INFO applying new distribution
2026-02-19T23:42:18.458356Z  INFO ✅ success
2026-02-19T23:42:18.458387Z  INFO 📦 starting build
2026-02-19T23:42:18.458655Z  INFO spawning asset pipelines
2026-02-19T23:42:18.698807Z  INFO copying & hashing css path="style.css"
2026-02-19T23:42:18.698892Z  INFO building batchi
2026-02-19T23:42:18.699235Z  INFO finished copying & hashing css path="style.css"
warning: unused import: `HtmlCanvasElement`
 --> src/components/spectrogram_webgl.rs:6:15
  |
6 | use web_sys::{HtmlCanvasElement, WebGl2RenderingContext};
  |               ^^^^^^^^^^^^^^^^^
  |
  = note: `#[warn(unused_imports)]` (part of `#[warn(unused)]`) on by default

warning: use of deprecated function `leptos::prelude::store_value`: This function is being removed to conform to Rust idioms. Please use `StoredValue::new()` or `StoredValue::new_local()` instead.
  --> src/components/spectrogram_webgl.rs:33:20
   |
33 |     let renderer = store_value(None::<SendWrapper<Waterfall3D>>);
   |                    ^^^^^^^^^^^
   |
   = note: `#[warn(deprecated)]` on by default

warning: use of deprecated function `leptos::prelude::create_rw_signal`: This function is being removed to conform to Rust idioms. Please use `RwSignal::new()` instead.
  --> src/components/spectrogram_webgl.rs:34:26
   |
34 |     let renderer_ready = create_rw_signal(false);
   |                          ^^^^^^^^^^^^^^^^

warning: use of deprecated function `leptos::prelude::create_rw_signal`: This function is being removed to conform to Rust idioms. Please use `RwSignal::new()` instead.
  --> src/components/spectrogram_webgl.rs:35:21
   |
35 |     let last_dims = create_rw_signal::<(i32,i32)>( (0,0) );
   |                     ^^^^^^^^^^^^^^^^

warning: use of deprecated function `leptos::prelude::create_rw_signal`: This function is being removed to conform to Rust idioms. Please use `RwSignal::new()` instead.
  --> src/components/spectrogram_webgl.rs:38:23
   |
38 |     let is_dragging = create_rw_signal(false);
   |                       ^^^^^^^^^^^^^^^^

warning: use of deprecated function `leptos::prelude::create_rw_signal`: This function is being removed to conform to Rust idioms. Please use `RwSignal::new()` instead.
  --> src/components/spectrogram_webgl.rs:39:26
   |
39 |     let last_mouse_pos = create_rw_signal::<(i32,i32)>( (0,0) );
   |                          ^^^^^^^^^^^^^^^^

warning: use of deprecated function `leptos::prelude::create_rw_signal`: This function is being removed to conform to Rust idioms. Please use `RwSignal::new()` instead.
  --> src/components/spectrogram_webgl.rs:40:21
   |
40 |     let drag_mode = create_rw_signal(0); // 0=rotate, 1=pan
   |                     ^^^^^^^^^^^^^^^^

warning: use of deprecated function `leptos::prelude::create_effect`: This function is being removed to conform to Rust idioms. Please use `Effect::new()` instead.
  --> src/components/spectrogram_webgl.rs:43:5
   |
43 |     create_effect(move |_| {
   |     ^^^^^^^^^^^^^

warning: use of deprecated function `leptos::prelude::create_effect`: This function is being removed to conform to Rust idioms. Please use `Effect::new()` instead.
  --> src/components/spectrogram_webgl.rs:70:5
   |
70 |     create_effect(move |_| {
   |     ^^^^^^^^^^^^^

warning: use of deprecated function `leptos::prelude::create_effect`: This function is being removed to conform to Rust idioms. Please use `Effect::new()` instead.
   --> src/components/spectrogram_webgl.rs:236:5
    |
236 |     create_effect(move |_| {
    |     ^^^^^^^^^^^^^

warning: `batchi` (lib) generated 10 warnings (run `cargo fix --lib -p batchi` to apply 1 suggestion)
    Finished `dev` profile [unoptimized + debuginfo] target(s) in 0.17s
2026-02-19T23:42:18.959485Z  INFO fetching cargo artifacts
2026-02-19T23:42:19.582871Z  INFO calling wasm-bindgen for batchi
2026-02-19T23:42:22.049221Z  INFO rust build complete
2026-02-19T23:42:22.051659Z  INFO applying new distribution
2026-02-19T23:42:22.054089Z  INFO ✅ success
2026-02-19T23:42:22.054118Z  INFO 📦 starting build
2026-02-19T23:42:22.054366Z  INFO spawning asset pipelines
2026-02-19T23:42:22.293040Z  INFO copying & hashing css path="style.css"
2026-02-19T23:42:22.293084Z  INFO building batchi
2026-02-19T23:42:22.293547Z  INFO finished copying & hashing css path="style.css"
warning: unused import: `HtmlCanvasElement`
 --> src/components/spectrogram_webgl.rs:6:15
  |
6 | use web_sys::{HtmlCanvasElement, WebGl2RenderingContext};
  |               ^^^^^^^^^^^^^^^^^
  |
  = note: `#[warn(unused_imports)]` (part of `#[warn(unused)]`) on by default

warning: use of deprecated function `leptos::prelude::store_value`: This function is being removed to conform to Rust idioms. Please use `StoredValue::new()` or `StoredValue::new_local()` instead.
  --> src/components/spectrogram_webgl.rs:33:20
   |
33 |     let renderer = store_value(None::<SendWrapper<Waterfall3D>>);
   |                    ^^^^^^^^^^^
   |
   = note: `#[warn(deprecated)]` on by default

warning: use of deprecated function `leptos::prelude::create_rw_signal`: This function is being removed to conform to Rust idioms. Please use `RwSignal::new()` instead.
  --> src/components/spectrogram_webgl.rs:34:26
   |
34 |     let renderer_ready = create_rw_signal(false);
   |                          ^^^^^^^^^^^^^^^^

warning: use of deprecated function `leptos::prelude::create_rw_signal`: This function is being removed to conform to Rust idioms. Please use `RwSignal::new()` instead.
  --> src/components/spectrogram_webgl.rs:35:21
   |
35 |     let last_dims = create_rw_signal::<(i32,i32)>( (0,0) );
   |                     ^^^^^^^^^^^^^^^^

warning: use of deprecated function `leptos::prelude::create_rw_signal`: This function is being removed to conform to Rust idioms. Please use `RwSignal::new()` instead.
  --> src/components/spectrogram_webgl.rs:38:23
   |
38 |     let is_dragging = create_rw_signal(false);
   |                       ^^^^^^^^^^^^^^^^

warning: use of deprecated function `leptos::prelude::create_rw_signal`: This function is being removed to conform to Rust idioms. Please use `RwSignal::new()` instead.
  --> src/components/spectrogram_webgl.rs:39:26
   |
39 |     let last_mouse_pos = create_rw_signal::<(i32,i32)>( (0,0) );
   |                          ^^^^^^^^^^^^^^^^

warning: use of deprecated function `leptos::prelude::create_rw_signal`: This function is being removed to conform to Rust idioms. Please use `RwSignal::new()` instead.
  --> src/components/spectrogram_webgl.rs:40:21
   |
40 |     let drag_mode = create_rw_signal(0); // 0=rotate, 1=pan
   |                     ^^^^^^^^^^^^^^^^

warning: use of deprecated function `leptos::prelude::create_effect`: This function is being removed to conform to Rust idioms. Please use `Effect::new()` instead.
  --> src/components/spectrogram_webgl.rs:43:5
   |
43 |     create_effect(move |_| {
   |     ^^^^^^^^^^^^^

warning: use of deprecated function `leptos::prelude::create_effect`: This function is being removed to conform to Rust idioms. Please use `Effect::new()` instead.
  --> src/components/spectrogram_webgl.rs:70:5
   |
70 |     create_effect(move |_| {
   |     ^^^^^^^^^^^^^

warning: use of deprecated function `leptos::prelude::create_effect`: This function is being removed to conform to Rust idioms. Please use `Effect::new()` instead.
   --> src/components/spectrogram_webgl.rs:236:5
    |
236 |     create_effect(move |_| {
    |     ^^^^^^^^^^^^^

warning: `batchi` (lib) generated 10 warnings (run `cargo fix --lib -p batchi` to apply 1 suggestion)
    Finished `dev` profile [unoptimized + debuginfo] target(s) in 0.17s
2026-02-19T23:42:22.550962Z  INFO fetching cargo artifacts
2026-02-19T23:42:23.184942Z  INFO calling wasm-bindgen for batchi
2026-02-19T23:42:25.568898Z  INFO rust build complete
2026-02-19T23:42:25.571361Z  INFO applying new distribution
2026-02-19T23:42:25.573998Z  INFO ✅ success
2026-02-19T23:42:25.574045Z  INFO 📦 starting build
2026-02-19T23:42:25.574360Z  INFO spawning asset pipelines
2026-02-19T23:42:25.817146Z  INFO copying & hashing css path="style.css"
2026-02-19T23:42:25.817194Z  INFO building batchi
2026-02-19T23:42:25.817581Z  INFO finished copying & hashing css path="style.css"
warning: unused import: `HtmlCanvasElement`
 --> src/components/spectrogram_webgl.rs:6:15
  |
6 | use web_sys::{HtmlCanvasElement, WebGl2RenderingContext};
  |               ^^^^^^^^^^^^^^^^^
  |
  = note: `#[warn(unused_imports)]` (part of `#[warn(unused)]`) on by default

warning: use of deprecated function `leptos::prelude::store_value`: This function is being removed to conform to Rust idioms. Please use `StoredValue::new()` or `StoredValue::new_local()` instead.
  --> src/components/spectrogram_webgl.rs:33:20
   |
33 |     let renderer = store_value(None::<SendWrapper<Waterfall3D>>);
   |                    ^^^^^^^^^^^
   |
   = note: `#[warn(deprecated)]` on by default

warning: use of deprecated function `leptos::prelude::create_rw_signal`: This function is being removed to conform to Rust idioms. Please use `RwSignal::new()` instead.
  --> src/components/spectrogram_webgl.rs:34:26
   |
34 |     let renderer_ready = create_rw_signal(false);
   |                          ^^^^^^^^^^^^^^^^

warning: use of deprecated function `leptos::prelude::create_rw_signal`: This function is being removed to conform to Rust idioms. Please use `RwSignal::new()` instead.
  --> src/components/spectrogram_webgl.rs:35:21
   |
35 |     let last_dims = create_rw_signal::<(i32,i32)>( (0,0) );
   |                     ^^^^^^^^^^^^^^^^

warning: use of deprecated function `leptos::prelude::create_rw_signal`: This function is being removed to conform to Rust idioms. Please use `RwSignal::new()` instead.
  --> src/components/spectrogram_webgl.rs:38:23
   |
38 |     let is_dragging = create_rw_signal(false);
   |                       ^^^^^^^^^^^^^^^^

warning: use of deprecated function `leptos::prelude::create_rw_signal`: This function is being removed to conform to Rust idioms. Please use `RwSignal::new()` instead.
  --> src/components/spectrogram_webgl.rs:39:26
   |
39 |     let last_mouse_pos = create_rw_signal::<(i32,i32)>( (0,0) );
   |                          ^^^^^^^^^^^^^^^^

warning: use of deprecated function `leptos::prelude::create_rw_signal`: This function is being removed to conform to Rust idioms. Please use `RwSignal::new()` instead.
  --> src/components/spectrogram_webgl.rs:40:21
   |
40 |     let drag_mode = create_rw_signal(0); // 0=rotate, 1=pan
   |                     ^^^^^^^^^^^^^^^^

warning: use of deprecated function `leptos::prelude::create_effect`: This function is being removed to conform to Rust idioms. Please use `Effect::new()` instead.
  --> src/components/spectrogram_webgl.rs:43:5
   |
43 |     create_effect(move |_| {
   |     ^^^^^^^^^^^^^

warning: use of deprecated function `leptos::prelude::create_effect`: This function is being removed to conform to Rust idioms. Please use `Effect::new()` instead.
  --> src/components/spectrogram_webgl.rs:70:5
   |
70 |     create_effect(move |_| {
   |     ^^^^^^^^^^^^^

warning: use of deprecated function `leptos::prelude::create_effect`: This function is being removed to conform to Rust idioms. Please use `Effect::new()` instead.
   --> src/components/spectrogram_webgl.rs:236:5
    |
236 |     create_effect(move |_| {
    |     ^^^^^^^^^^^^^

warning: `batchi` (lib) generated 10 warnings (run `cargo fix --lib -p batchi` to apply 1 suggestion)
    Finished `dev` profile [unoptimized + debuginfo] target(s) in 0.17s
2026-02-19T23:42:26.082887Z  INFO fetching cargo artifacts
2026-02-19T23:42:26.710743Z  INFO calling wasm-bindgen for batchi
2026-02-19T23:42:29.136639Z  INFO rust build complete
2026-02-19T23:42:29.139031Z  INFO applying new distribution
2026-02-19T23:42:29.141573Z  INFO ✅ success
2026-02-19T23:42:29.141606Z  INFO 📦 starting build
2026-02-19T23:42:29.141906Z  INFO spawning asset pipelines
2026-02-19T23:42:29.386118Z  INFO copying & hashing css path="style.css"
2026-02-19T23:42:29.386188Z  INFO building batchi
2026-02-19T23:42:29.386461Z  INFO finished copying & hashing css path="style.css"
warning: unused import: `HtmlCanvasElement`
 --> src/components/spectrogram_webgl.rs:6:15
  |
6 | use web_sys::{HtmlCanvasElement, WebGl2RenderingContext};
  |               ^^^^^^^^^^^^^^^^^
  |
  = note: `#[warn(unused_imports)]` (part of `#[warn(unused)]`) on by default

warning: use of deprecated function `leptos::prelude::store_value`: This function is being removed to conform to Rust idioms. Please use `StoredValue::new()` or `StoredValue::new_local()` instead.
  --> src/components/spectrogram_webgl.rs:33:20
   |
33 |     let renderer = store_value(None::<SendWrapper<Waterfall3D>>);
   |                    ^^^^^^^^^^^
   |
   = note: `#[warn(deprecated)]` on by default

warning: use of deprecated function `leptos::prelude::create_rw_signal`: This function is being removed to conform to Rust idioms. Please use `RwSignal::new()` instead.
  --> src/components/spectrogram_webgl.rs:34:26
   |
34 |     let renderer_ready = create_rw_signal(false);
   |                          ^^^^^^^^^^^^^^^^

warning: use of deprecated function `leptos::prelude::create_rw_signal`: This function is being removed to conform to Rust idioms. Please use `RwSignal::new()` instead.
  --> src/components/spectrogram_webgl.rs:35:21
   |
35 |     let last_dims = create_rw_signal::<(i32,i32)>( (0,0) );
   |                     ^^^^^^^^^^^^^^^^

warning: use of deprecated function `leptos::prelude::create_rw_signal`: This function is being removed to conform to Rust idioms. Please use `RwSignal::new()` instead.
  --> src/components/spectrogram_webgl.rs:38:23
   |
38 |     let is_dragging = create_rw_signal(false);
   |                       ^^^^^^^^^^^^^^^^

warning: use of deprecated function `leptos::prelude::create_rw_signal`: This function is being removed to conform to Rust idioms. Please use `RwSignal::new()` instead.
  --> src/components/spectrogram_webgl.rs:39:26
   |
39 |     let last_mouse_pos = create_rw_signal::<(i32,i32)>( (0,0) );
   |                          ^^^^^^^^^^^^^^^^

warning: use of deprecated function `leptos::prelude::create_rw_signal`: This function is being removed to conform to Rust idioms. Please use `RwSignal::new()` instead.
  --> src/components/spectrogram_webgl.rs:40:21
   |
40 |     let drag_mode = create_rw_signal(0); // 0=rotate, 1=pan
   |                     ^^^^^^^^^^^^^^^^

warning: use of deprecated function `leptos::prelude::create_effect`: This function is being removed to conform to Rust idioms. Please use `Effect::new()` instead.
  --> src/components/spectrogram_webgl.rs:43:5
   |
43 |     create_effect(move |_| {
   |     ^^^^^^^^^^^^^

warning: use of deprecated function `leptos::prelude::create_effect`: This function is being removed to conform to Rust idioms. Please use `Effect::new()` instead.
  --> src/components/spectrogram_webgl.rs:70:5
   |
70 |     create_effect(move |_| {
   |     ^^^^^^^^^^^^^

warning: use of deprecated function `leptos::prelude::create_effect`: This function is being removed to conform to Rust idioms. Please use `Effect::new()` instead.
   --> src/components/spectrogram_webgl.rs:236:5
    |
236 |     create_effect(move |_| {
    |     ^^^^^^^^^^^^^

warning: `batchi` (lib) generated 10 warnings (run `cargo fix --lib -p batchi` to apply 1 suggestion)
    Finished `dev` profile [unoptimized + debuginfo] target(s) in 0.17s
2026-02-19T23:42:29.643986Z  INFO fetching cargo artifacts
2026-02-19T23:42:30.277812Z  INFO calling wasm-bindgen for batchi
2026-02-19T23:42:32.698439Z  INFO rust build complete
2026-02-19T23:42:32.700882Z  INFO applying new distribution
2026-02-19T23:42:32.703132Z  INFO ✅ success
2026-02-19T23:42:32.703164Z  INFO 📦 starting build
2026-02-19T23:42:32.703447Z  INFO spawning asset pipelines
2026-02-19T23:42:32.943958Z  INFO copying & hashing css path="style.css"
2026-02-19T23:42:32.944005Z  INFO building batchi
2026-02-19T23:42:32.944392Z  INFO finished copying & hashing css path="style.css"
warning: unused import: `HtmlCanvasElement`
 --> src/components/spectrogram_webgl.rs:6:15
  |
6 | use web_sys::{HtmlCanvasElement, WebGl2RenderingContext};
  |               ^^^^^^^^^^^^^^^^^
  |
  = note: `#[warn(unused_imports)]` (part of `#[warn(unused)]`) on by default

warning: use of deprecated function `leptos::prelude::store_value`: This function is being removed to conform to Rust idioms. Please use `StoredValue::new()` or `StoredValue::new_local()` instead.
  --> src/components/spectrogram_webgl.rs:33:20
   |
33 |     let renderer = store_value(None::<SendWrapper<Waterfall3D>>);
   |                    ^^^^^^^^^^^
   |
   = note: `#[warn(deprecated)]` on by default

warning: use of deprecated function `leptos::prelude::create_rw_signal`: This function is being removed to conform to Rust idioms. Please use `RwSignal::new()` instead.
  --> src/components/spectrogram_webgl.rs:34:26
   |
34 |     let renderer_ready = create_rw_signal(false);
   |                          ^^^^^^^^^^^^^^^^

warning: use of deprecated function `leptos::prelude::create_rw_signal`: This function is being removed to conform to Rust idioms. Please use `RwSignal::new()` instead.
  --> src/components/spectrogram_webgl.rs:35:21
   |
35 |     let last_dims = create_rw_signal::<(i32,i32)>( (0,0) );
   |                     ^^^^^^^^^^^^^^^^

warning: use of deprecated function `leptos::prelude::create_rw_signal`: This function is being removed to conform to Rust idioms. Please use `RwSignal::new()` instead.
  --> src/components/spectrogram_webgl.rs:38:23
   |
38 |     let is_dragging = create_rw_signal(false);
   |                       ^^^^^^^^^^^^^^^^

warning: use of deprecated function `leptos::prelude::create_rw_signal`: This function is being removed to conform to Rust idioms. Please use `RwSignal::new()` instead.
  --> src/components/spectrogram_webgl.rs:39:26
   |
39 |     let last_mouse_pos = create_rw_signal::<(i32,i32)>( (0,0) );
   |                          ^^^^^^^^^^^^^^^^

warning: use of deprecated function `leptos::prelude::create_rw_signal`: This function is being removed to conform to Rust idioms. Please use `RwSignal::new()` instead.
  --> src/components/spectrogram_webgl.rs:40:21
   |
40 |     let drag_mode = create_rw_signal(0); // 0=rotate, 1=pan
   |                     ^^^^^^^^^^^^^^^^

warning: use of deprecated function `leptos::prelude::create_effect`: This function is being removed to conform to Rust idioms. Please use `Effect::new()` instead.
  --> src/components/spectrogram_webgl.rs:43:5
   |
43 |     create_effect(move |_| {
   |     ^^^^^^^^^^^^^

warning: use of deprecated function `leptos::prelude::create_effect`: This function is being removed to conform to Rust idioms. Please use `Effect::new()` instead.
  --> src/components/spectrogram_webgl.rs:70:5
   |
70 |     create_effect(move |_| {
   |     ^^^^^^^^^^^^^

warning: use of deprecated function `leptos::prelude::create_effect`: This function is being removed to conform to Rust idioms. Please use `Effect::new()` instead.
   --> src/components/spectrogram_webgl.rs:236:5
    |
236 |     create_effect(move |_| {
    |     ^^^^^^^^^^^^^

warning: `batchi` (lib) generated 10 warnings (run `cargo fix --lib -p batchi` to apply 1 suggestion)
    Finished `dev` profile [unoptimized + debuginfo] target(s) in 0.17s
2026-02-19T23:42:33.203069Z  INFO fetching cargo artifacts
2026-02-19T23:42:33.830036Z  INFO calling wasm-bindgen for batchi
2026-02-19T23:42:36.278175Z  INFO rust build complete
2026-02-19T23:42:36.280531Z  INFO applying new distribution
2026-02-19T23:42:36.282882Z  INFO ✅ success
2026-02-19T23:42:36.282919Z  INFO 📦 starting build
2026-02-19T23:42:36.283218Z  INFO spawning asset pipelines
2026-02-19T23:42:36.522436Z  INFO copying & hashing css path="style.css"
2026-02-19T23:42:36.522486Z  INFO building batchi
2026-02-19T23:42:36.522831Z  INFO finished copying & hashing css path="style.css"
warning: unused import: `HtmlCanvasElement`
 --> src/components/spectrogram_webgl.rs:6:15
  |
6 | use web_sys::{HtmlCanvasElement, WebGl2RenderingContext};
  |               ^^^^^^^^^^^^^^^^^
  |
  = note: `#[warn(unused_imports)]` (part of `#[warn(unused)]`) on by default

warning: use of deprecated function `leptos::prelude::store_value`: This function is being removed to conform to Rust idioms. Please use `StoredValue::new()` or `StoredValue::new_local()` instead.
  --> src/components/spectrogram_webgl.rs:33:20
   |
33 |     let renderer = store_value(None::<SendWrapper<Waterfall3D>>);
   |                    ^^^^^^^^^^^
   |
   = note: `#[warn(deprecated)]` on by default

warning: use of deprecated function `leptos::prelude::create_rw_signal`: This function is being removed to conform to Rust idioms. Please use `RwSignal::new()` instead.
  --> src/components/spectrogram_webgl.rs:34:26
   |
34 |     let renderer_ready = create_rw_signal(false);
   |                          ^^^^^^^^^^^^^^^^

warning: use of deprecated function `leptos::prelude::create_rw_signal`: This function is being removed to conform to Rust idioms. Please use `RwSignal::new()` instead.
  --> src/components/spectrogram_webgl.rs:35:21
   |
35 |     let last_dims = create_rw_signal::<(i32,i32)>( (0,0) );
   |                     ^^^^^^^^^^^^^^^^

warning: use of deprecated function `leptos::prelude::create_rw_signal`: This function is being removed to conform to Rust idioms. Please use `RwSignal::new()` instead.
  --> src/components/spectrogram_webgl.rs:38:23
   |
38 |     let is_dragging = create_rw_signal(false);
   |                       ^^^^^^^^^^^^^^^^

warning: use of deprecated function `leptos::prelude::create_rw_signal`: This function is being removed to conform to Rust idioms. Please use `RwSignal::new()` instead.
  --> src/components/spectrogram_webgl.rs:39:26
   |
39 |     let last_mouse_pos = create_rw_signal::<(i32,i32)>( (0,0) );
   |                          ^^^^^^^^^^^^^^^^

warning: use of deprecated function `leptos::prelude::create_rw_signal`: This function is being removed to conform to Rust idioms. Please use `RwSignal::new()` instead.
  --> src/components/spectrogram_webgl.rs:40:21
   |
40 |     let drag_mode = create_rw_signal(0); // 0=rotate, 1=pan
   |                     ^^^^^^^^^^^^^^^^

warning: use of deprecated function `leptos::prelude::create_effect`: This function is being removed to conform to Rust idioms. Please use `Effect::new()` instead.
  --> src/components/spectrogram_webgl.rs:43:5
   |
43 |     create_effect(move |_| {
   |     ^^^^^^^^^^^^^

warning: use of deprecated function `leptos::prelude::create_effect`: This function is being removed to conform to Rust idioms. Please use `Effect::new()` instead.
  --> src/components/spectrogram_webgl.rs:70:5
   |
70 |     create_effect(move |_| {
   |     ^^^^^^^^^^^^^

warning: use of deprecated function `leptos::prelude::create_effect`: This function is being removed to conform to Rust idioms. Please use `Effect::new()` instead.
   --> src/components/spectrogram_webgl.rs:236:5
    |
236 |     create_effect(move |_| {
    |     ^^^^^^^^^^^^^

warning: `batchi` (lib) generated 10 warnings (run `cargo fix --lib -p batchi` to apply 1 suggestion)
    Finished `dev` profile [unoptimized + debuginfo] target(s) in 0.17s
2026-02-19T23:42:36.779262Z  INFO fetching cargo artifacts
2026-02-19T23:42:37.399347Z  INFO calling wasm-bindgen for batchi
2026-02-19T23:42:39.820122Z  INFO rust build complete
2026-02-19T23:42:39.822491Z  INFO applying new distribution
2026-02-19T23:42:39.824920Z  INFO ✅ success
2026-02-19T23:42:39.824948Z  INFO 📦 starting build
2026-02-19T23:42:39.825232Z  INFO spawning asset pipelines
2026-02-19T23:42:40.065684Z  INFO copying & hashing css path="style.css"
2026-02-19T23:42:40.065750Z  INFO building batchi
2026-02-19T23:42:40.066134Z  INFO finished copying & hashing css path="style.css"
warning: unused import: `HtmlCanvasElement`
 --> src/components/spectrogram_webgl.rs:6:15
  |
6 | use web_sys::{HtmlCanvasElement, WebGl2RenderingContext};
  |               ^^^^^^^^^^^^^^^^^
  |
  = note: `#[warn(unused_imports)]` (part of `#[warn(unused)]`) on by default

warning: use of deprecated function `leptos::prelude::store_value`: This function is being removed to conform to Rust idioms. Please use `StoredValue::new()` or `StoredValue::new_local()` instead.
  --> src/components/spectrogram_webgl.rs:33:20
   |
33 |     let renderer = store_value(None::<SendWrapper<Waterfall3D>>);
   |                    ^^^^^^^^^^^
   |
   = note: `#[warn(deprecated)]` on by default

warning: use of deprecated function `leptos::prelude::create_rw_signal`: This function is being removed to conform to Rust idioms. Please use `RwSignal::new()` instead.
  --> src/components/spectrogram_webgl.rs:34:26
   |
34 |     let renderer_ready = create_rw_signal(false);
   |                          ^^^^^^^^^^^^^^^^

warning: use of deprecated function `leptos::prelude::create_rw_signal`: This function is being removed to conform to Rust idioms. Please use `RwSignal::new()` instead.
  --> src/components/spectrogram_webgl.rs:35:21
   |
35 |     let last_dims = create_rw_signal::<(i32,i32)>( (0,0) );
   |                     ^^^^^^^^^^^^^^^^

warning: use of deprecated function `leptos::prelude::create_rw_signal`: This function is being removed to conform to Rust idioms. Please use `RwSignal::new()` instead.
  --> src/components/spectrogram_webgl.rs:38:23
   |
38 |     let is_dragging = create_rw_signal(false);
   |                       ^^^^^^^^^^^^^^^^

warning: use of deprecated function `leptos::prelude::create_rw_signal`: This function is being removed to conform to Rust idioms. Please use `RwSignal::new()` instead.
  --> src/components/spectrogram_webgl.rs:39:26
   |
39 |     let last_mouse_pos = create_rw_signal::<(i32,i32)>( (0,0) );
   |                          ^^^^^^^^^^^^^^^^

warning: use of deprecated function `leptos::prelude::create_rw_signal`: This function is being removed to conform to Rust idioms. Please use `RwSignal::new()` instead.
  --> src/components/spectrogram_webgl.rs:40:21
   |
40 |     let drag_mode = create_rw_signal(0); // 0=rotate, 1=pan
   |                     ^^^^^^^^^^^^^^^^

warning: use of deprecated function `leptos::prelude::create_effect`: This function is being removed to conform to Rust idioms. Please use `Effect::new()` instead.
  --> src/components/spectrogram_webgl.rs:43:5
   |
43 |     create_effect(move |_| {
   |     ^^^^^^^^^^^^^

warning: use of deprecated function `leptos::prelude::create_effect`: This function is being removed to conform to Rust idioms. Please use `Effect::new()` instead.
  --> src/components/spectrogram_webgl.rs:70:5
   |
70 |     create_effect(move |_| {
   |     ^^^^^^^^^^^^^

warning: use of deprecated function `leptos::prelude::create_effect`: This function is being removed to conform to Rust idioms. Please use `Effect::new()` instead.
   --> src/components/spectrogram_webgl.rs:236:5
    |
236 |     create_effect(move |_| {
    |     ^^^^^^^^^^^^^

warning: `batchi` (lib) generated 10 warnings (run `cargo fix --lib -p batchi` to apply 1 suggestion)
    Finished `dev` profile [unoptimized + debuginfo] target(s) in 0.17s
2026-02-19T23:42:40.322407Z  INFO fetching cargo artifacts
2026-02-19T23:42:40.944225Z  INFO calling wasm-bindgen for batchi
2026-02-19T23:42:43.369819Z  INFO rust build complete
2026-02-19T23:42:43.372096Z  INFO applying new distribution
2026-02-19T23:42:43.374518Z  INFO ✅ success
2026-02-19T23:42:43.374549Z  INFO 📦 starting build
2026-02-19T23:42:43.374818Z  INFO spawning asset pipelines
2026-02-19T23:42:43.614222Z  INFO copying & hashing css path="style.css"
2026-02-19T23:42:43.614288Z  INFO building batchi
2026-02-19T23:42:43.614608Z  INFO finished copying & hashing css path="style.css"
warning: unused import: `HtmlCanvasElement`
 --> src/components/spectrogram_webgl.rs:6:15
  |
6 | use web_sys::{HtmlCanvasElement, WebGl2RenderingContext};
  |               ^^^^^^^^^^^^^^^^^
  |
  = note: `#[warn(unused_imports)]` (part of `#[warn(unused)]`) on by default

warning: use of deprecated function `leptos::prelude::store_value`: This function is being removed to conform to Rust idioms. Please use `StoredValue::new()` or `StoredValue::new_local()` instead.
  --> src/components/spectrogram_webgl.rs:33:20
   |
33 |     let renderer = store_value(None::<SendWrapper<Waterfall3D>>);
   |                    ^^^^^^^^^^^
   |
   = note: `#[warn(deprecated)]` on by default

warning: use of deprecated function `leptos::prelude::create_rw_signal`: This function is being removed to conform to Rust idioms. Please use `RwSignal::new()` instead.
  --> src/components/spectrogram_webgl.rs:34:26
   |
34 |     let renderer_ready = create_rw_signal(false);
   |                          ^^^^^^^^^^^^^^^^

warning: use of deprecated function `leptos::prelude::create_rw_signal`: This function is being removed to conform to Rust idioms. Please use `RwSignal::new()` instead.
  --> src/components/spectrogram_webgl.rs:35:21
   |
35 |     let last_dims = create_rw_signal::<(i32,i32)>( (0,0) );
   |                     ^^^^^^^^^^^^^^^^

warning: use of deprecated function `leptos::prelude::create_rw_signal`: This function is being removed to conform to Rust idioms. Please use `RwSignal::new()` instead.
  --> src/components/spectrogram_webgl.rs:38:23
   |
38 |     let is_dragging = create_rw_signal(false);
   |                       ^^^^^^^^^^^^^^^^

warning: use of deprecated function `leptos::prelude::create_rw_signal`: This function is being removed to conform to Rust idioms. Please use `RwSignal::new()` instead.
  --> src/components/spectrogram_webgl.rs:39:26
   |
39 |     let last_mouse_pos = create_rw_signal::<(i32,i32)>( (0,0) );
   |                          ^^^^^^^^^^^^^^^^

warning: use of deprecated function `leptos::prelude::create_rw_signal`: This function is being removed to conform to Rust idioms. Please use `RwSignal::new()` instead.
  --> src/components/spectrogram_webgl.rs:40:21
   |
40 |     let drag_mode = create_rw_signal(0); // 0=rotate, 1=pan
   |                     ^^^^^^^^^^^^^^^^

warning: use of deprecated function `leptos::prelude::create_effect`: This function is being removed to conform to Rust idioms. Please use `Effect::new()` instead.
  --> src/components/spectrogram_webgl.rs:43:5
   |
43 |     create_effect(move |_| {
   |     ^^^^^^^^^^^^^

warning: use of deprecated function `leptos::prelude::create_effect`: This function is being removed to conform to Rust idioms. Please use `Effect::new()` instead.
  --> src/components/spectrogram_webgl.rs:70:5
   |
70 |     create_effect(move |_| {
   |     ^^^^^^^^^^^^^

warning: use of deprecated function `leptos::prelude::create_effect`: This function is being removed to conform to Rust idioms. Please use `Effect::new()` instead.
   --> src/components/spectrogram_webgl.rs:236:5
    |
236 |     create_effect(move |_| {
    |     ^^^^^^^^^^^^^

warning: `batchi` (lib) generated 10 warnings (run `cargo fix --lib -p batchi` to apply 1 suggestion)
    Finished `dev` profile [unoptimized + debuginfo] target(s) in 0.17s
2026-02-19T23:42:43.874736Z  INFO fetching cargo artifacts
2026-02-19T23:42:44.497086Z  INFO calling wasm-bindgen for batchi
2026-02-19T23:42:46.939585Z  INFO rust build complete
2026-02-19T23:42:46.941943Z  INFO applying new distribution
2026-02-19T23:42:46.944138Z  INFO ✅ success
2026-02-19T23:42:46.944191Z  INFO 📦 starting build
2026-02-19T23:42:46.944494Z  INFO spawning asset pipelines
2026-02-19T23:42:47.180792Z  INFO copying & hashing css path="style.css"
2026-02-19T23:42:47.180842Z  INFO building batchi
2026-02-19T23:42:47.181181Z  INFO finished copying & hashing css path="style.css"
warning: unused import: `HtmlCanvasElement`
 --> src/components/spectrogram_webgl.rs:6:15
  |
6 | use web_sys::{HtmlCanvasElement, WebGl2RenderingContext};
  |               ^^^^^^^^^^^^^^^^^
  |
  = note: `#[warn(unused_imports)]` (part of `#[warn(unused)]`) on by default

warning: use of deprecated function `leptos::prelude::store_value`: This function is being removed to conform to Rust idioms. Please use `StoredValue::new()` or `StoredValue::new_local()` instead.
  --> src/components/spectrogram_webgl.rs:33:20
   |
33 |     let renderer = store_value(None::<SendWrapper<Waterfall3D>>);
   |                    ^^^^^^^^^^^
   |
   = note: `#[warn(deprecated)]` on by default

warning: use of deprecated function `leptos::prelude::create_rw_signal`: This function is being removed to conform to Rust idioms. Please use `RwSignal::new()` instead.
  --> src/components/spectrogram_webgl.rs:34:26
   |
34 |     let renderer_ready = create_rw_signal(false);
   |                          ^^^^^^^^^^^^^^^^

warning: use of deprecated function `leptos::prelude::create_rw_signal`: This function is being removed to conform to Rust idioms. Please use `RwSignal::new()` instead.
  --> src/components/spectrogram_webgl.rs:35:21
   |
35 |     let last_dims = create_rw_signal::<(i32,i32)>( (0,0) );
   |                     ^^^^^^^^^^^^^^^^

warning: use of deprecated function `leptos::prelude::create_rw_signal`: This function is being removed to conform to Rust idioms. Please use `RwSignal::new()` instead.
  --> src/components/spectrogram_webgl.rs:38:23
   |
38 |     let is_dragging = create_rw_signal(false);
   |                       ^^^^^^^^^^^^^^^^

warning: use of deprecated function `leptos::prelude::create_rw_signal`: This function is being removed to conform to Rust idioms. Please use `RwSignal::new()` instead.
  --> src/components/spectrogram_webgl.rs:39:26
   |
39 |     let last_mouse_pos = create_rw_signal::<(i32,i32)>( (0,0) );
   |                          ^^^^^^^^^^^^^^^^

warning: use of deprecated function `leptos::prelude::create_rw_signal`: This function is being removed to conform to Rust idioms. Please use `RwSignal::new()` instead.
  --> src/components/spectrogram_webgl.rs:40:21
   |
40 |     let drag_mode = create_rw_signal(0); // 0=rotate, 1=pan
   |                     ^^^^^^^^^^^^^^^^

warning: use of deprecated function `leptos::prelude::create_effect`: This function is being removed to conform to Rust idioms. Please use `Effect::new()` instead.
  --> src/components/spectrogram_webgl.rs:43:5
   |
43 |     create_effect(move |_| {
   |     ^^^^^^^^^^^^^

warning: use of deprecated function `leptos::prelude::create_effect`: This function is being removed to conform to Rust idioms. Please use `Effect::new()` instead.
  --> src/components/spectrogram_webgl.rs:70:5
   |
70 |     create_effect(move |_| {
   |     ^^^^^^^^^^^^^

warning: use of deprecated function `leptos::prelude::create_effect`: This function is being removed to conform to Rust idioms. Please use `Effect::new()` instead.
   --> src/components/spectrogram_webgl.rs:236:5
    |
236 |     create_effect(move |_| {
    |     ^^^^^^^^^^^^^

warning: `batchi` (lib) generated 10 warnings (run `cargo fix --lib -p batchi` to apply 1 suggestion)
    Finished `dev` profile [unoptimized + debuginfo] target(s) in 0.16s
2026-02-19T23:42:47.435664Z  INFO fetching cargo artifacts
2026-02-19T23:42:48.055634Z  INFO calling wasm-bindgen for batchi
2026-02-19T23:42:50.522426Z  INFO rust build complete
2026-02-19T23:42:50.524926Z  INFO applying new distribution
2026-02-19T23:42:50.527391Z  INFO ✅ success
2026-02-19T23:42:50.527430Z  INFO 📦 starting build
2026-02-19T23:42:50.527681Z  INFO spawning asset pipelines
2026-02-19T23:42:50.767681Z  INFO copying & hashing css path="style.css"
2026-02-19T23:42:50.767744Z  INFO building batchi
2026-02-19T23:42:50.768141Z  INFO finished copying & hashing css path="style.css"
warning: unused import: `HtmlCanvasElement`
 --> src/components/spectrogram_webgl.rs:6:15
  |
6 | use web_sys::{HtmlCanvasElement, WebGl2RenderingContext};
  |               ^^^^^^^^^^^^^^^^^
  |
  = note: `#[warn(unused_imports)]` (part of `#[warn(unused)]`) on by default

warning: use of deprecated function `leptos::prelude::store_value`: This function is being removed to conform to Rust idioms. Please use `StoredValue::new()` or `StoredValue::new_local()` instead.
  --> src/components/spectrogram_webgl.rs:33:20
   |
33 |     let renderer = store_value(None::<SendWrapper<Waterfall3D>>);
   |                    ^^^^^^^^^^^
   |
   = note: `#[warn(deprecated)]` on by default

warning: use of deprecated function `leptos::prelude::create_rw_signal`: This function is being removed to conform to Rust idioms. Please use `RwSignal::new()` instead.
  --> src/components/spectrogram_webgl.rs:34:26
   |
34 |     let renderer_ready = create_rw_signal(false);
   |                          ^^^^^^^^^^^^^^^^

warning: use of deprecated function `leptos::prelude::create_rw_signal`: This function is being removed to conform to Rust idioms. Please use `RwSignal::new()` instead.
  --> src/components/spectrogram_webgl.rs:35:21
   |
35 |     let last_dims = create_rw_signal::<(i32,i32)>( (0,0) );
   |                     ^^^^^^^^^^^^^^^^

warning: use of deprecated function `leptos::prelude::create_rw_signal`: This function is being removed to conform to Rust idioms. Please use `RwSignal::new()` instead.
  --> src/components/spectrogram_webgl.rs:38:23
   |
38 |     let is_dragging = create_rw_signal(false);
   |                       ^^^^^^^^^^^^^^^^

warning: use of deprecated function `leptos::prelude::create_rw_signal`: This function is being removed to conform to Rust idioms. Please use `RwSignal::new()` instead.
  --> src/components/spectrogram_webgl.rs:39:26
   |
39 |     let last_mouse_pos = create_rw_signal::<(i32,i32)>( (0,0) );
   |                          ^^^^^^^^^^^^^^^^

warning: use of deprecated function `leptos::prelude::create_rw_signal`: This function is being removed to conform to Rust idioms. Please use `RwSignal::new()` instead.
  --> src/components/spectrogram_webgl.rs:40:21
   |
40 |     let drag_mode = create_rw_signal(0); // 0=rotate, 1=pan
   |                     ^^^^^^^^^^^^^^^^

warning: use of deprecated function `leptos::prelude::create_effect`: This function is being removed to conform to Rust idioms. Please use `Effect::new()` instead.
  --> src/components/spectrogram_webgl.rs:43:5
   |
43 |     create_effect(move |_| {
   |     ^^^^^^^^^^^^^

warning: use of deprecated function `leptos::prelude::create_effect`: This function is being removed to conform to Rust idioms. Please use `Effect::new()` instead.
  --> src/components/spectrogram_webgl.rs:70:5
   |
70 |     create_effect(move |_| {
   |     ^^^^^^^^^^^^^

warning: use of deprecated function `leptos::prelude::create_effect`: This function is being removed to conform to Rust idioms. Please use `Effect::new()` instead.
   --> src/components/spectrogram_webgl.rs:236:5
    |
236 |     create_effect(move |_| {
    |     ^^^^^^^^^^^^^

warning: `batchi` (lib) generated 10 warnings (run `cargo fix --lib -p batchi` to apply 1 suggestion)
    Finished `dev` profile [unoptimized + debuginfo] target(s) in 0.17s
2026-02-19T23:42:51.024070Z  INFO fetching cargo artifacts
2026-02-19T23:42:51.648100Z  INFO calling wasm-bindgen for batchi
2026-02-19T23:42:54.103940Z  INFO rust build complete
2026-02-19T23:42:54.106463Z  INFO applying new distribution
2026-02-19T23:42:54.109062Z  INFO ✅ success
2026-02-19T23:42:54.109093Z  INFO 📦 starting build
2026-02-19T23:42:54.109424Z  INFO spawning asset pipelines
2026-02-19T23:42:54.353554Z  INFO copying & hashing css path="style.css"
2026-02-19T23:42:54.353639Z  INFO building batchi
2026-02-19T23:42:54.354023Z  INFO finished copying & hashing css path="style.css"
warning: unused import: `HtmlCanvasElement`
 --> src/components/spectrogram_webgl.rs:6:15
  |
6 | use web_sys::{HtmlCanvasElement, WebGl2RenderingContext};
  |               ^^^^^^^^^^^^^^^^^
  |
  = note: `#[warn(unused_imports)]` (part of `#[warn(unused)]`) on by default

warning: use of deprecated function `leptos::prelude::store_value`: This function is being removed to conform to Rust idioms. Please use `StoredValue::new()` or `StoredValue::new_local()` instead.
  --> src/components/spectrogram_webgl.rs:33:20
   |
33 |     let renderer = store_value(None::<SendWrapper<Waterfall3D>>);
   |                    ^^^^^^^^^^^
   |
   = note: `#[warn(deprecated)]` on by default

warning: use of deprecated function `leptos::prelude::create_rw_signal`: This function is being removed to conform to Rust idioms. Please use `RwSignal::new()` instead.
  --> src/components/spectrogram_webgl.rs:34:26
   |
34 |     let renderer_ready = create_rw_signal(false);
   |                          ^^^^^^^^^^^^^^^^

warning: use of deprecated function `leptos::prelude::create_rw_signal`: This function is being removed to conform to Rust idioms. Please use `RwSignal::new()` instead.
  --> src/components/spectrogram_webgl.rs:35:21
   |
35 |     let last_dims = create_rw_signal::<(i32,i32)>( (0,0) );
   |                     ^^^^^^^^^^^^^^^^

warning: use of deprecated function `leptos::prelude::create_rw_signal`: This function is being removed to conform to Rust idioms. Please use `RwSignal::new()` instead.
  --> src/components/spectrogram_webgl.rs:38:23
   |
38 |     let is_dragging = create_rw_signal(false);
   |                       ^^^^^^^^^^^^^^^^

warning: use of deprecated function `leptos::prelude::create_rw_signal`: This function is being removed to conform to Rust idioms. Please use `RwSignal::new()` instead.
  --> src/components/spectrogram_webgl.rs:39:26
   |
39 |     let last_mouse_pos = create_rw_signal::<(i32,i32)>( (0,0) );
   |                          ^^^^^^^^^^^^^^^^

warning: use of deprecated function `leptos::prelude::create_rw_signal`: This function is being removed to conform to Rust idioms. Please use `RwSignal::new()` instead.
  --> src/components/spectrogram_webgl.rs:40:21
   |
40 |     let drag_mode = create_rw_signal(0); // 0=rotate, 1=pan
   |                     ^^^^^^^^^^^^^^^^

warning: use of deprecated function `leptos::prelude::create_effect`: This function is being removed to conform to Rust idioms. Please use `Effect::new()` instead.
  --> src/components/spectrogram_webgl.rs:43:5
   |
43 |     create_effect(move |_| {
   |     ^^^^^^^^^^^^^

warning: use of deprecated function `leptos::prelude::create_effect`: This function is being removed to conform to Rust idioms. Please use `Effect::new()` instead.
  --> src/components/spectrogram_webgl.rs:70:5
   |
70 |     create_effect(move |_| {
   |     ^^^^^^^^^^^^^

warning: use of deprecated function `leptos::prelude::create_effect`: This function is being removed to conform to Rust idioms. Please use `Effect::new()` instead.
   --> src/components/spectrogram_webgl.rs:236:5
    |
236 |     create_effect(move |_| {
    |     ^^^^^^^^^^^^^

warning: `batchi` (lib) generated 10 warnings (run `cargo fix --lib -p batchi` to apply 1 suggestion)
    Finished `dev` profile [unoptimized + debuginfo] target(s) in 0.17s
2026-02-19T23:42:54.611830Z  INFO fetching cargo artifacts
2026-02-19T23:42:55.235053Z  INFO calling wasm-bindgen for batchi
2026-02-19T23:42:57.672045Z  INFO rust build complete
2026-02-19T23:42:57.674423Z  INFO applying new distribution
2026-02-19T23:42:57.676771Z  INFO ✅ success
2026-02-19T23:42:57.676800Z  INFO 📦 starting build
2026-02-19T23:42:57.677061Z  INFO spawning asset pipelines
2026-02-19T23:42:57.917029Z  INFO copying & hashing css path="style.css"
2026-02-19T23:42:57.917085Z  INFO building batchi
2026-02-19T23:42:57.917511Z  INFO finished copying & hashing css path="style.css"
warning: unused import: `HtmlCanvasElement`
 --> src/components/spectrogram_webgl.rs:6:15
  |
6 | use web_sys::{HtmlCanvasElement, WebGl2RenderingContext};
  |               ^^^^^^^^^^^^^^^^^
  |
  = note: `#[warn(unused_imports)]` (part of `#[warn(unused)]`) on by default

warning: use of deprecated function `leptos::prelude::store_value`: This function is being removed to conform to Rust idioms. Please use `StoredValue::new()` or `StoredValue::new_local()` instead.
  --> src/components/spectrogram_webgl.rs:33:20
   |
33 |     let renderer = store_value(None::<SendWrapper<Waterfall3D>>);
   |                    ^^^^^^^^^^^
   |
   = note: `#[warn(deprecated)]` on by default

warning: use of deprecated function `leptos::prelude::create_rw_signal`: This function is being removed to conform to Rust idioms. Please use `RwSignal::new()` instead.
  --> src/components/spectrogram_webgl.rs:34:26
   |
34 |     let renderer_ready = create_rw_signal(false);
   |                          ^^^^^^^^^^^^^^^^

warning: use of deprecated function `leptos::prelude::create_rw_signal`: This function is being removed to conform to Rust idioms. Please use `RwSignal::new()` instead.
  --> src/components/spectrogram_webgl.rs:35:21
   |
35 |     let last_dims = create_rw_signal::<(i32,i32)>( (0,0) );
   |                     ^^^^^^^^^^^^^^^^

warning: use of deprecated function `leptos::prelude::create_rw_signal`: This function is being removed to conform to Rust idioms. Please use `RwSignal::new()` instead.
  --> src/components/spectrogram_webgl.rs:38:23
   |
38 |     let is_dragging = create_rw_signal(false);
   |                       ^^^^^^^^^^^^^^^^

warning: use of deprecated function `leptos::prelude::create_rw_signal`: This function is being removed to conform to Rust idioms. Please use `RwSignal::new()` instead.
  --> src/components/spectrogram_webgl.rs:39:26
   |
39 |     let last_mouse_pos = create_rw_signal::<(i32,i32)>( (0,0) );
   |                          ^^^^^^^^^^^^^^^^

warning: use of deprecated function `leptos::prelude::create_rw_signal`: This function is being removed to conform to Rust idioms. Please use `RwSignal::new()` instead.
  --> src/components/spectrogram_webgl.rs:40:21
   |
40 |     let drag_mode = create_rw_signal(0); // 0=rotate, 1=pan
   |                     ^^^^^^^^^^^^^^^^

warning: use of deprecated function `leptos::prelude::create_effect`: This function is being removed to conform to Rust idioms. Please use `Effect::new()` instead.
  --> src/components/spectrogram_webgl.rs:43:5
   |
43 |     create_effect(move |_| {
   |     ^^^^^^^^^^^^^

warning: use of deprecated function `leptos::prelude::create_effect`: This function is being removed to conform to Rust idioms. Please use `Effect::new()` instead.
  --> src/components/spectrogram_webgl.rs:70:5
   |
70 |     create_effect(move |_| {
   |     ^^^^^^^^^^^^^

warning: use of deprecated function `leptos::prelude::create_effect`: This function is being removed to conform to Rust idioms. Please use `Effect::new()` instead.
   --> src/components/spectrogram_webgl.rs:236:5
    |
236 |     create_effect(move |_| {
    |     ^^^^^^^^^^^^^

warning: `batchi` (lib) generated 10 warnings (run `cargo fix --lib -p batchi` to apply 1 suggestion)
    Finished `dev` profile [unoptimized + debuginfo] target(s) in 0.16s
2026-02-19T23:42:58.171303Z  INFO fetching cargo artifacts
2026-02-19T23:42:58.790133Z  INFO calling wasm-bindgen for batchi
2026-02-19T23:43:01.214202Z  INFO rust build complete
2026-02-19T23:43:01.216744Z  INFO applying new distribution
2026-02-19T23:43:01.219008Z  INFO ✅ success
2026-02-19T23:43:01.219048Z  INFO 📦 starting build
2026-02-19T23:43:01.219300Z  INFO spawning asset pipelines
2026-02-19T23:43:01.462284Z  INFO copying & hashing css path="style.css"
2026-02-19T23:43:01.462339Z  INFO building batchi
2026-02-19T23:43:01.462964Z  INFO finished copying & hashing css path="style.css"
warning: unused import: `HtmlCanvasElement`
 --> src/components/spectrogram_webgl.rs:6:15
  |
6 | use web_sys::{HtmlCanvasElement, WebGl2RenderingContext};
  |               ^^^^^^^^^^^^^^^^^
  |
  = note: `#[warn(unused_imports)]` (part of `#[warn(unused)]`) on by default

warning: use of deprecated function `leptos::prelude::store_value`: This function is being removed to conform to Rust idioms. Please use `StoredValue::new()` or `StoredValue::new_local()` instead.
  --> src/components/spectrogram_webgl.rs:33:20
   |
33 |     let renderer = store_value(None::<SendWrapper<Waterfall3D>>);
   |                    ^^^^^^^^^^^
   |
   = note: `#[warn(deprecated)]` on by default

warning: use of deprecated function `leptos::prelude::create_rw_signal`: This function is being removed to conform to Rust idioms. Please use `RwSignal::new()` instead.
  --> src/components/spectrogram_webgl.rs:34:26
   |
34 |     let renderer_ready = create_rw_signal(false);
   |                          ^^^^^^^^^^^^^^^^

warning: use of deprecated function `leptos::prelude::create_rw_signal`: This function is being removed to conform to Rust idioms. Please use `RwSignal::new()` instead.
  --> src/components/spectrogram_webgl.rs:35:21
   |
35 |     let last_dims = create_rw_signal::<(i32,i32)>( (0,0) );
   |                     ^^^^^^^^^^^^^^^^

warning: use of deprecated function `leptos::prelude::create_rw_signal`: This function is being removed to conform to Rust idioms. Please use `RwSignal::new()` instead.
  --> src/components/spectrogram_webgl.rs:38:23
   |
38 |     let is_dragging = create_rw_signal(false);
   |                       ^^^^^^^^^^^^^^^^

warning: use of deprecated function `leptos::prelude::create_rw_signal`: This function is being removed to conform to Rust idioms. Please use `RwSignal::new()` instead.
  --> src/components/spectrogram_webgl.rs:39:26
   |
39 |     let last_mouse_pos = create_rw_signal::<(i32,i32)>( (0,0) );
   |                          ^^^^^^^^^^^^^^^^

warning: use of deprecated function `leptos::prelude::create_rw_signal`: This function is being removed to conform to Rust idioms. Please use `RwSignal::new()` instead.
  --> src/components/spectrogram_webgl.rs:40:21
   |
40 |     let drag_mode = create_rw_signal(0); // 0=rotate, 1=pan
   |                     ^^^^^^^^^^^^^^^^

warning: use of deprecated function `leptos::prelude::create_effect`: This function is being removed to conform to Rust idioms. Please use `Effect::new()` instead.
  --> src/components/spectrogram_webgl.rs:43:5
   |
43 |     create_effect(move |_| {
   |     ^^^^^^^^^^^^^

warning: use of deprecated function `leptos::prelude::create_effect`: This function is being removed to conform to Rust idioms. Please use `Effect::new()` instead.
  --> src/components/spectrogram_webgl.rs:70:5
   |
70 |     create_effect(move |_| {
   |     ^^^^^^^^^^^^^

warning: use of deprecated function `leptos::prelude::create_effect`: This function is being removed to conform to Rust idioms. Please use `Effect::new()` instead.
   --> src/components/spectrogram_webgl.rs:236:5
    |
236 |     create_effect(move |_| {
    |     ^^^^^^^^^^^^^

warning: `batchi` (lib) generated 10 warnings (run `cargo fix --lib -p batchi` to apply 1 suggestion)
    Finished `dev` profile [unoptimized + debuginfo] target(s) in 0.17s
2026-02-19T23:43:01.718180Z  INFO fetching cargo artifacts
2026-02-19T23:43:02.340258Z  INFO calling wasm-bindgen for batchi
2026-02-19T23:43:04.816991Z  INFO rust build complete
2026-02-19T23:43:04.819725Z  INFO applying new distribution
2026-02-19T23:43:04.822109Z  INFO ✅ success
2026-02-19T23:43:04.822144Z  INFO 📦 starting build
2026-02-19T23:43:04.822412Z  INFO spawning asset pipelines
2026-02-19T23:43:05.069325Z  INFO copying & hashing css path="style.css"
2026-02-19T23:43:05.069416Z  INFO building batchi
2026-02-19T23:43:05.069653Z  INFO finished copying & hashing css path="style.css"
warning: unused import: `HtmlCanvasElement`
 --> src/components/spectrogram_webgl.rs:6:15
  |
6 | use web_sys::{HtmlCanvasElement, WebGl2RenderingContext};
  |               ^^^^^^^^^^^^^^^^^
  |
  = note: `#[warn(unused_imports)]` (part of `#[warn(unused)]`) on by default

warning: use of deprecated function `leptos::prelude::store_value`: This function is being removed to conform to Rust idioms. Please use `StoredValue::new()` or `StoredValue::new_local()` instead.
  --> src/components/spectrogram_webgl.rs:33:20
   |
33 |     let renderer = store_value(None::<SendWrapper<Waterfall3D>>);
   |                    ^^^^^^^^^^^
   |
   = note: `#[warn(deprecated)]` on by default

warning: use of deprecated function `leptos::prelude::create_rw_signal`: This function is being removed to conform to Rust idioms. Please use `RwSignal::new()` instead.
  --> src/components/spectrogram_webgl.rs:34:26
   |
34 |     let renderer_ready = create_rw_signal(false);
   |                          ^^^^^^^^^^^^^^^^

warning: use of deprecated function `leptos::prelude::create_rw_signal`: This function is being removed to conform to Rust idioms. Please use `RwSignal::new()` instead.
  --> src/components/spectrogram_webgl.rs:35:21
   |
35 |     let last_dims = create_rw_signal::<(i32,i32)>( (0,0) );
   |                     ^^^^^^^^^^^^^^^^

warning: use of deprecated function `leptos::prelude::create_rw_signal`: This function is being removed to conform to Rust idioms. Please use `RwSignal::new()` instead.
  --> src/components/spectrogram_webgl.rs:38:23
   |
38 |     let is_dragging = create_rw_signal(false);
   |                       ^^^^^^^^^^^^^^^^

warning: use of deprecated function `leptos::prelude::create_rw_signal`: This function is being removed to conform to Rust idioms. Please use `RwSignal::new()` instead.
  --> src/components/spectrogram_webgl.rs:39:26
   |
39 |     let last_mouse_pos = create_rw_signal::<(i32,i32)>( (0,0) );
   |                          ^^^^^^^^^^^^^^^^

warning: use of deprecated function `leptos::prelude::create_rw_signal`: This function is being removed to conform to Rust idioms. Please use `RwSignal::new()` instead.
  --> src/components/spectrogram_webgl.rs:40:21
   |
40 |     let drag_mode = create_rw_signal(0); // 0=rotate, 1=pan
   |                     ^^^^^^^^^^^^^^^^

warning: use of deprecated function `leptos::prelude::create_effect`: This function is being removed to conform to Rust idioms. Please use `Effect::new()` instead.
  --> src/components/spectrogram_webgl.rs:43:5
   |
43 |     create_effect(move |_| {
   |     ^^^^^^^^^^^^^

warning: use of deprecated function `leptos::prelude::create_effect`: This function is being removed to conform to Rust idioms. Please use `Effect::new()` instead.
  --> src/components/spectrogram_webgl.rs:70:5
   |
70 |     create_effect(move |_| {
   |     ^^^^^^^^^^^^^

warning: use of deprecated function `leptos::prelude::create_effect`: This function is being removed to conform to Rust idioms. Please use `Effect::new()` instead.
   --> src/components/spectrogram_webgl.rs:236:5
    |
236 |     create_effect(move |_| {
    |     ^^^^^^^^^^^^^

warning: `batchi` (lib) generated 10 warnings (run `cargo fix --lib -p batchi` to apply 1 suggestion)
    Finished `dev` profile [unoptimized + debuginfo] target(s) in 0.17s
2026-02-19T23:43:05.325790Z  INFO fetching cargo artifacts
2026-02-19T23:43:05.947355Z  INFO calling wasm-bindgen for batchi
2026-02-19T23:43:08.366383Z  INFO rust build complete
2026-02-19T23:43:08.368690Z  INFO applying new distribution
2026-02-19T23:43:08.370969Z  INFO ✅ success
2026-02-19T23:43:08.371006Z  INFO 📦 starting build
2026-02-19T23:43:08.371291Z  INFO spawning asset pipelines
2026-02-19T23:43:08.611251Z  INFO copying & hashing css path="style.css"
2026-02-19T23:43:08.611300Z  INFO building batchi
2026-02-19T23:43:08.611646Z  INFO finished copying & hashing css path="style.css"
warning: unused import: `HtmlCanvasElement`
 --> src/components/spectrogram_webgl.rs:6:15
  |
6 | use web_sys::{HtmlCanvasElement, WebGl2RenderingContext};
  |               ^^^^^^^^^^^^^^^^^
  |
  = note: `#[warn(unused_imports)]` (part of `#[warn(unused)]`) on by default

warning: use of deprecated function `leptos::prelude::store_value`: This function is being removed to conform to Rust idioms. Please use `StoredValue::new()` or `StoredValue::new_local()` instead.
  --> src/components/spectrogram_webgl.rs:33:20
   |
33 |     let renderer = store_value(None::<SendWrapper<Waterfall3D>>);
   |                    ^^^^^^^^^^^
   |
   = note: `#[warn(deprecated)]` on by default

warning: use of deprecated function `leptos::prelude::create_rw_signal`: This function is being removed to conform to Rust idioms. Please use `RwSignal::new()` instead.
  --> src/components/spectrogram_webgl.rs:34:26
   |
34 |     let renderer_ready = create_rw_signal(false);
   |                          ^^^^^^^^^^^^^^^^

warning: use of deprecated function `leptos::prelude::create_rw_signal`: This function is being removed to conform to Rust idioms. Please use `RwSignal::new()` instead.
  --> src/components/spectrogram_webgl.rs:35:21
   |
35 |     let last_dims = create_rw_signal::<(i32,i32)>( (0,0) );
   |                     ^^^^^^^^^^^^^^^^

warning: use of deprecated function `leptos::prelude::create_rw_signal`: This function is being removed to conform to Rust idioms. Please use `RwSignal::new()` instead.
  --> src/components/spectrogram_webgl.rs:38:23
   |
38 |     let is_dragging = create_rw_signal(false);
   |                       ^^^^^^^^^^^^^^^^

warning: use of deprecated function `leptos::prelude::create_rw_signal`: This function is being removed to conform to Rust idioms. Please use `RwSignal::new()` instead.
  --> src/components/spectrogram_webgl.rs:39:26
   |
39 |     let last_mouse_pos = create_rw_signal::<(i32,i32)>( (0,0) );
   |                          ^^^^^^^^^^^^^^^^

warning: use of deprecated function `leptos::prelude::create_rw_signal`: This function is being removed to conform to Rust idioms. Please use `RwSignal::new()` instead.
  --> src/components/spectrogram_webgl.rs:40:21
   |
40 |     let drag_mode = create_rw_signal(0); // 0=rotate, 1=pan
   |                     ^^^^^^^^^^^^^^^^

warning: use of deprecated function `leptos::prelude::create_effect`: This function is being removed to conform to Rust idioms. Please use `Effect::new()` instead.
  --> src/components/spectrogram_webgl.rs:43:5
   |
43 |     create_effect(move |_| {
   |     ^^^^^^^^^^^^^

warning: use of deprecated function `leptos::prelude::create_effect`: This function is being removed to conform to Rust idioms. Please use `Effect::new()` instead.
  --> src/components/spectrogram_webgl.rs:70:5
   |
70 |     create_effect(move |_| {
   |     ^^^^^^^^^^^^^

warning: use of deprecated function `leptos::prelude::create_effect`: This function is being removed to conform to Rust idioms. Please use `Effect::new()` instead.
   --> src/components/spectrogram_webgl.rs:236:5
    |
236 |     create_effect(move |_| {
    |     ^^^^^^^^^^^^^

warning: `batchi` (lib) generated 10 warnings (run `cargo fix --lib -p batchi` to apply 1 suggestion)
    Finished `dev` profile [unoptimized + debuginfo] target(s) in 0.17s
2026-02-19T23:43:08.870197Z  INFO fetching cargo artifacts
2026-02-19T23:43:09.494715Z  INFO calling wasm-bindgen for batchi
2026-02-19T23:43:11.951930Z  INFO rust build complete
2026-02-19T23:43:11.954656Z  INFO applying new distribution
2026-02-19T23:43:11.956911Z  INFO ✅ success
2026-02-19T23:43:11.956937Z  INFO 📦 starting build
2026-02-19T23:43:11.957212Z  INFO spawning asset pipelines
2026-02-19T23:43:12.198382Z  INFO copying & hashing css path="style.css"
2026-02-19T23:43:12.198452Z  INFO building batchi
2026-02-19T23:43:12.198739Z  INFO finished copying & hashing css path="style.css"
warning: unused import: `HtmlCanvasElement`
 --> src/components/spectrogram_webgl.rs:6:15
  |
6 | use web_sys::{HtmlCanvasElement, WebGl2RenderingContext};
  |               ^^^^^^^^^^^^^^^^^
  |
  = note: `#[warn(unused_imports)]` (part of `#[warn(unused)]`) on by default

warning: use of deprecated function `leptos::prelude::store_value`: This function is being removed to conform to Rust idioms. Please use `StoredValue::new()` or `StoredValue::new_local()` instead.
  --> src/components/spectrogram_webgl.rs:33:20
   |
33 |     let renderer = store_value(None::<SendWrapper<Waterfall3D>>);
   |                    ^^^^^^^^^^^
   |
   = note: `#[warn(deprecated)]` on by default

warning: use of deprecated function `leptos::prelude::create_rw_signal`: This function is being removed to conform to Rust idioms. Please use `RwSignal::new()` instead.
  --> src/components/spectrogram_webgl.rs:34:26
   |
34 |     let renderer_ready = create_rw_signal(false);
   |                          ^^^^^^^^^^^^^^^^

warning: use of deprecated function `leptos::prelude::create_rw_signal`: This function is being removed to conform to Rust idioms. Please use `RwSignal::new()` instead.
  --> src/components/spectrogram_webgl.rs:35:21
   |
35 |     let last_dims = create_rw_signal::<(i32,i32)>( (0,0) );
   |                     ^^^^^^^^^^^^^^^^

warning: use of deprecated function `leptos::prelude::create_rw_signal`: This function is being removed to conform to Rust idioms. Please use `RwSignal::new()` instead.
  --> src/components/spectrogram_webgl.rs:38:23
   |
38 |     let is_dragging = create_rw_signal(false);
   |                       ^^^^^^^^^^^^^^^^

warning: use of deprecated function `leptos::prelude::create_rw_signal`: This function is being removed to conform to Rust idioms. Please use `RwSignal::new()` instead.
  --> src/components/spectrogram_webgl.rs:39:26
   |
39 |     let last_mouse_pos = create_rw_signal::<(i32,i32)>( (0,0) );
   |                          ^^^^^^^^^^^^^^^^

warning: use of deprecated function `leptos::prelude::create_rw_signal`: This function is being removed to conform to Rust idioms. Please use `RwSignal::new()` instead.
  --> src/components/spectrogram_webgl.rs:40:21
   |
40 |     let drag_mode = create_rw_signal(0); // 0=rotate, 1=pan
   |                     ^^^^^^^^^^^^^^^^

warning: use of deprecated function `leptos::prelude::create_effect`: This function is being removed to conform to Rust idioms. Please use `Effect::new()` instead.
  --> src/components/spectrogram_webgl.rs:43:5
   |
43 |     create_effect(move |_| {
   |     ^^^^^^^^^^^^^

warning: use of deprecated function `leptos::prelude::create_effect`: This function is being removed to conform to Rust idioms. Please use `Effect::new()` instead.
  --> src/components/spectrogram_webgl.rs:70:5
   |
70 |     create_effect(move |_| {
   |     ^^^^^^^^^^^^^

warning: use of deprecated function `leptos::prelude::create_effect`: This function is being removed to conform to Rust idioms. Please use `Effect::new()` instead.
   --> src/components/spectrogram_webgl.rs:236:5
    |
236 |     create_effect(move |_| {
    |     ^^^^^^^^^^^^^

warning: `batchi` (lib) generated 10 warnings (run `cargo fix --lib -p batchi` to apply 1 suggestion)
    Finished `dev` profile [unoptimized + debuginfo] target(s) in 0.17s
2026-02-19T23:43:12.457588Z  INFO fetching cargo artifacts
2026-02-19T23:43:13.081669Z  INFO calling wasm-bindgen for batchi
2026-02-19T23:43:15.559946Z  INFO rust build complete
2026-02-19T23:43:15.562409Z  INFO applying new distribution
2026-02-19T23:43:15.564928Z  INFO ✅ success
2026-02-19T23:43:15.564958Z  INFO 📦 starting build
2026-02-19T23:43:15.566424Z  INFO spawning asset pipelines
2026-02-19T23:43:15.808397Z  INFO copying & hashing css path="style.css"
2026-02-19T23:43:15.808438Z  INFO building batchi
2026-02-19T23:43:15.808845Z  INFO finished copying & hashing css path="style.css"
warning: unused import: `HtmlCanvasElement`
 --> src/components/spectrogram_webgl.rs:6:15
  |
6 | use web_sys::{HtmlCanvasElement, WebGl2RenderingContext};
  |               ^^^^^^^^^^^^^^^^^
  |
  = note: `#[warn(unused_imports)]` (part of `#[warn(unused)]`) on by default

warning: use of deprecated function `leptos::prelude::store_value`: This function is being removed to conform to Rust idioms. Please use `StoredValue::new()` or `StoredValue::new_local()` instead.
  --> src/components/spectrogram_webgl.rs:33:20
   |
33 |     let renderer = store_value(None::<SendWrapper<Waterfall3D>>);
   |                    ^^^^^^^^^^^
   |
   = note: `#[warn(deprecated)]` on by default

warning: use of deprecated function `leptos::prelude::create_rw_signal`: This function is being removed to conform to Rust idioms. Please use `RwSignal::new()` instead.
  --> src/components/spectrogram_webgl.rs:34:26
   |
34 |     let renderer_ready = create_rw_signal(false);
   |                          ^^^^^^^^^^^^^^^^

warning: use of deprecated function `leptos::prelude::create_rw_signal`: This function is being removed to conform to Rust idioms. Please use `RwSignal::new()` instead.
  --> src/components/spectrogram_webgl.rs:35:21
   |
35 |     let last_dims = create_rw_signal::<(i32,i32)>( (0,0) );
   |                     ^^^^^^^^^^^^^^^^

warning: use of deprecated function `leptos::prelude::create_rw_signal`: This function is being removed to conform to Rust idioms. Please use `RwSignal::new()` instead.
  --> src/components/spectrogram_webgl.rs:38:23
   |
38 |     let is_dragging = create_rw_signal(false);
   |                       ^^^^^^^^^^^^^^^^

warning: use of deprecated function `leptos::prelude::create_rw_signal`: This function is being removed to conform to Rust idioms. Please use `RwSignal::new()` instead.
  --> src/components/spectrogram_webgl.rs:39:26
   |
39 |     let last_mouse_pos = create_rw_signal::<(i32,i32)>( (0,0) );
   |                          ^^^^^^^^^^^^^^^^

warning: use of deprecated function `leptos::prelude::create_rw_signal`: This function is being removed to conform to Rust idioms. Please use `RwSignal::new()` instead.
  --> src/components/spectrogram_webgl.rs:40:21
   |
40 |     let drag_mode = create_rw_signal(0); // 0=rotate, 1=pan
   |                     ^^^^^^^^^^^^^^^^

warning: use of deprecated function `leptos::prelude::create_effect`: This function is being removed to conform to Rust idioms. Please use `Effect::new()` instead.
  --> src/components/spectrogram_webgl.rs:43:5
   |
43 |     create_effect(move |_| {
   |     ^^^^^^^^^^^^^

warning: use of deprecated function `leptos::prelude::create_effect`: This function is being removed to conform to Rust idioms. Please use `Effect::new()` instead.
  --> src/components/spectrogram_webgl.rs:70:5
   |
70 |     create_effect(move |_| {
   |     ^^^^^^^^^^^^^

warning: use of deprecated function `leptos::prelude::create_effect`: This function is being removed to conform to Rust idioms. Please use `Effect::new()` instead.
   --> src/components/spectrogram_webgl.rs:236:5
    |
236 |     create_effect(move |_| {
    |     ^^^^^^^^^^^^^

warning: `batchi` (lib) generated 10 warnings (run `cargo fix --lib -p batchi` to apply 1 suggestion)
    Finished `dev` profile [unoptimized + debuginfo] target(s) in 0.17s
2026-02-19T23:43:16.069829Z  INFO fetching cargo artifacts
2026-02-19T23:43:16.699892Z  INFO calling wasm-bindgen for batchi
2026-02-19T23:43:19.900787Z  INFO rust build complete
2026-02-19T23:43:19.904906Z  INFO applying new distribution
2026-02-19T23:43:19.909150Z  INFO ✅ success
2026-02-19T23:43:19.909205Z  INFO 📦 starting build
2026-02-19T23:43:19.909747Z  INFO spawning asset pipelines
2026-02-19T23:43:20.352572Z  INFO copying & hashing css path="style.css"
2026-02-19T23:43:20.352634Z  INFO building batchi
2026-02-19T23:43:20.353559Z  INFO finished copying & hashing css path="style.css"
warning: unused import: `HtmlCanvasElement`
 --> src/components/spectrogram_webgl.rs:6:15
  |
6 | use web_sys::{HtmlCanvasElement, WebGl2RenderingContext};
  |               ^^^^^^^^^^^^^^^^^
  |
  = note: `#[warn(unused_imports)]` (part of `#[warn(unused)]`) on by default

warning: use of deprecated function `leptos::prelude::store_value`: This function is being removed to conform to Rust idioms. Please use `StoredValue::new()` or `StoredValue::new_local()` instead.
  --> src/components/spectrogram_webgl.rs:33:20
   |
33 |     let renderer = store_value(None::<SendWrapper<Waterfall3D>>);
   |                    ^^^^^^^^^^^
   |
   = note: `#[warn(deprecated)]` on by default

warning: use of deprecated function `leptos::prelude::create_rw_signal`: This function is being removed to conform to Rust idioms. Please use `RwSignal::new()` instead.
  --> src/components/spectrogram_webgl.rs:34:26
   |
34 |     let renderer_ready = create_rw_signal(false);
   |                          ^^^^^^^^^^^^^^^^

warning: use of deprecated function `leptos::prelude::create_rw_signal`: This function is being removed to conform to Rust idioms. Please use `RwSignal::new()` instead.
  --> src/components/spectrogram_webgl.rs:35:21
   |
35 |     let last_dims = create_rw_signal::<(i32,i32)>( (0,0) );
   |                     ^^^^^^^^^^^^^^^^

warning: use of deprecated function `leptos::prelude::create_rw_signal`: This function is being removed to conform to Rust idioms. Please use `RwSignal::new()` instead.
  --> src/components/spectrogram_webgl.rs:38:23
   |
38 |     let is_dragging = create_rw_signal(false);
   |                       ^^^^^^^^^^^^^^^^

warning: use of deprecated function `leptos::prelude::create_rw_signal`: This function is being removed to conform to Rust idioms. Please use `RwSignal::new()` instead.
  --> src/components/spectrogram_webgl.rs:39:26
   |
39 |     let last_mouse_pos = create_rw_signal::<(i32,i32)>( (0,0) );
   |                          ^^^^^^^^^^^^^^^^

warning: use of deprecated function `leptos::prelude::create_rw_signal`: This function is being removed to conform to Rust idioms. Please use `RwSignal::new()` instead.
  --> src/components/spectrogram_webgl.rs:40:21
   |
40 |     let drag_mode = create_rw_signal(0); // 0=rotate, 1=pan
   |                     ^^^^^^^^^^^^^^^^

warning: use of deprecated function `leptos::prelude::create_effect`: This function is being removed to conform to Rust idioms. Please use `Effect::new()` instead.
  --> src/components/spectrogram_webgl.rs:43:5
   |
43 |     create_effect(move |_| {
   |     ^^^^^^^^^^^^^

warning: use of deprecated function `leptos::prelude::create_effect`: This function is being removed to conform to Rust idioms. Please use `Effect::new()` instead.
  --> src/components/spectrogram_webgl.rs:70:5
   |
70 |     create_effect(move |_| {
   |     ^^^^^^^^^^^^^

warning: use of deprecated function `leptos::prelude::create_effect`: This function is being removed to conform to Rust idioms. Please use `Effect::new()` instead.
   --> src/components/spectrogram_webgl.rs:236:5
    |
236 |     create_effect(move |_| {
    |     ^^^^^^^^^^^^^

warning: `batchi` (lib) generated 10 warnings (run `cargo fix --lib -p batchi` to apply 1 suggestion)
    Finished `dev` profile [unoptimized + debuginfo] target(s) in 0.33s
2026-02-19T23:43:20.834520Z  INFO fetching cargo artifacts
2026-02-19T23:43:21.730000Z  INFO calling wasm-bindgen for batchi
2026-02-19T23:43:24.338861Z  INFO rust build complete
2026-02-19T23:43:24.343691Z  INFO applying new distribution
2026-02-19T23:43:24.349155Z  INFO ✅ success
2026-02-19T23:43:24.349191Z  INFO 📦 starting build
2026-02-19T23:43:24.354487Z  INFO spawning asset pipelines
2026-02-19T23:43:24.683570Z  INFO copying & hashing css path="style.css"
2026-02-19T23:43:24.683620Z  INFO building batchi
2026-02-19T23:43:24.684251Z  INFO finished copying & hashing css path="style.css"
warning: unused import: `HtmlCanvasElement`
 --> src/components/spectrogram_webgl.rs:6:15
  |
6 | use web_sys::{HtmlCanvasElement, WebGl2RenderingContext};
  |               ^^^^^^^^^^^^^^^^^
  |
  = note: `#[warn(unused_imports)]` (part of `#[warn(unused)]`) on by default

warning: use of deprecated function `leptos::prelude::store_value`: This function is being removed to conform to Rust idioms. Please use `StoredValue::new()` or `StoredValue::new_local()` instead.
  --> src/components/spectrogram_webgl.rs:33:20
   |
33 |     let renderer = store_value(None::<SendWrapper<Waterfall3D>>);
   |                    ^^^^^^^^^^^
   |
   = note: `#[warn(deprecated)]` on by default

warning: use of deprecated function `leptos::prelude::create_rw_signal`: This function is being removed to conform to Rust idioms. Please use `RwSignal::new()` instead.
  --> src/components/spectrogram_webgl.rs:34:26
   |
34 |     let renderer_ready = create_rw_signal(false);
   |                          ^^^^^^^^^^^^^^^^

warning: use of deprecated function `leptos::prelude::create_rw_signal`: This function is being removed to conform to Rust idioms. Please use `RwSignal::new()` instead.
  --> src/components/spectrogram_webgl.rs:35:21
   |
35 |     let last_dims = create_rw_signal::<(i32,i32)>( (0,0) );
   |                     ^^^^^^^^^^^^^^^^

warning: use of deprecated function `leptos::prelude::create_rw_signal`: This function is being removed to conform to Rust idioms. Please use `RwSignal::new()` instead.
  --> src/components/spectrogram_webgl.rs:38:23
   |
38 |     let is_dragging = create_rw_signal(false);
   |                       ^^^^^^^^^^^^^^^^

warning: use of deprecated function `leptos::prelude::create_rw_signal`: This function is being removed to conform to Rust idioms. Please use `RwSignal::new()` instead.
  --> src/components/spectrogram_webgl.rs:39:26
   |
39 |     let last_mouse_pos = create_rw_signal::<(i32,i32)>( (0,0) );
   |                          ^^^^^^^^^^^^^^^^

warning: use of deprecated function `leptos::prelude::create_rw_signal`: This function is being removed to conform to Rust idioms. Please use `RwSignal::new()` instead.
  --> src/components/spectrogram_webgl.rs:40:21
   |
40 |     let drag_mode = create_rw_signal(0); // 0=rotate, 1=pan
   |                     ^^^^^^^^^^^^^^^^

warning: use of deprecated function `leptos::prelude::create_effect`: This function is being removed to conform to Rust idioms. Please use `Effect::new()` instead.
  --> src/components/spectrogram_webgl.rs:43:5
   |
43 |     create_effect(move |_| {
   |     ^^^^^^^^^^^^^

warning: use of deprecated function `leptos::prelude::create_effect`: This function is being removed to conform to Rust idioms. Please use `Effect::new()` instead.
  --> src/components/spectrogram_webgl.rs:70:5
   |
70 |     create_effect(move |_| {
   |     ^^^^^^^^^^^^^

warning: use of deprecated function `leptos::prelude::create_effect`: This function is being removed to conform to Rust idioms. Please use `Effect::new()` instead.
   --> src/components/spectrogram_webgl.rs:236:5
    |
236 |     create_effect(move |_| {
    |     ^^^^^^^^^^^^^

warning: `batchi` (lib) generated 10 warnings (run `cargo fix --lib -p batchi` to apply 1 suggestion)
    Finished `dev` profile [unoptimized + debuginfo] target(s) in 0.23s
2026-02-19T23:43:25.005122Z  INFO fetching cargo artifacts
2026-02-19T23:43:25.706823Z  INFO calling wasm-bindgen for batchi
2026-02-19T23:43:28.290396Z  INFO rust build complete
2026-02-19T23:43:28.293117Z  INFO applying new distribution
2026-02-19T23:43:28.295777Z  INFO ✅ success
2026-02-19T23:43:28.295812Z  INFO 📦 starting build
2026-02-19T23:43:28.296153Z  INFO spawning asset pipelines
2026-02-19T23:43:28.541946Z  INFO copying & hashing css path="style.css"
2026-02-19T23:43:28.541989Z  INFO building batchi
2026-02-19T23:43:28.542268Z  INFO finished copying & hashing css path="style.css"
warning: unused import: `HtmlCanvasElement`
 --> src/components/spectrogram_webgl.rs:6:15
  |
6 | use web_sys::{HtmlCanvasElement, WebGl2RenderingContext};
  |               ^^^^^^^^^^^^^^^^^
  |
  = note: `#[warn(unused_imports)]` (part of `#[warn(unused)]`) on by default

warning: use of deprecated function `leptos::prelude::store_value`: This function is being removed to conform to Rust idioms. Please use `StoredValue::new()` or `StoredValue::new_local()` instead.
  --> src/components/spectrogram_webgl.rs:33:20
   |
33 |     let renderer = store_value(None::<SendWrapper<Waterfall3D>>);
   |                    ^^^^^^^^^^^
   |
   = note: `#[warn(deprecated)]` on by default

warning: use of deprecated function `leptos::prelude::create_rw_signal`: This function is being removed to conform to Rust idioms. Please use `RwSignal::new()` instead.
  --> src/components/spectrogram_webgl.rs:34:26
   |
34 |     let renderer_ready = create_rw_signal(false);
   |                          ^^^^^^^^^^^^^^^^

warning: use of deprecated function `leptos::prelude::create_rw_signal`: This function is being removed to conform to Rust idioms. Please use `RwSignal::new()` instead.
  --> src/components/spectrogram_webgl.rs:35:21
   |
35 |     let last_dims = create_rw_signal::<(i32,i32)>( (0,0) );
   |                     ^^^^^^^^^^^^^^^^

warning: use of deprecated function `leptos::prelude::create_rw_signal`: This function is being removed to conform to Rust idioms. Please use `RwSignal::new()` instead.
  --> src/components/spectrogram_webgl.rs:38:23
   |
38 |     let is_dragging = create_rw_signal(false);
   |                       ^^^^^^^^^^^^^^^^

warning: use of deprecated function `leptos::prelude::create_rw_signal`: This function is being removed to conform to Rust idioms. Please use `RwSignal::new()` instead.
  --> src/components/spectrogram_webgl.rs:39:26
   |
39 |     let last_mouse_pos = create_rw_signal::<(i32,i32)>( (0,0) );
   |                          ^^^^^^^^^^^^^^^^

warning: use of deprecated function `leptos::prelude::create_rw_signal`: This function is being removed to conform to Rust idioms. Please use `RwSignal::new()` instead.
  --> src/components/spectrogram_webgl.rs:40:21
   |
40 |     let drag_mode = create_rw_signal(0); // 0=rotate, 1=pan
   |                     ^^^^^^^^^^^^^^^^

warning: use of deprecated function `leptos::prelude::create_effect`: This function is being removed to conform to Rust idioms. Please use `Effect::new()` instead.
  --> src/components/spectrogram_webgl.rs:43:5
   |
43 |     create_effect(move |_| {
   |     ^^^^^^^^^^^^^

warning: use of deprecated function `leptos::prelude::create_effect`: This function is being removed to conform to Rust idioms. Please use `Effect::new()` instead.
  --> src/components/spectrogram_webgl.rs:70:5
   |
70 |     create_effect(move |_| {
   |     ^^^^^^^^^^^^^

warning: use of deprecated function `leptos::prelude::create_effect`: This function is being removed to conform to Rust idioms. Please use `Effect::new()` instead.
   --> src/components/spectrogram_webgl.rs:236:5
    |
236 |     create_effect(move |_| {
    |     ^^^^^^^^^^^^^

warning: `batchi` (lib) generated 10 warnings (run `cargo fix --lib -p batchi` to apply 1 suggestion)
    Finished `dev` profile [unoptimized + debuginfo] target(s) in 0.18s
2026-02-19T23:43:28.808944Z  INFO fetching cargo artifacts
2026-02-19T23:43:29.459121Z  INFO calling wasm-bindgen for batchi
2026-02-19T23:43:32.842777Z  INFO rust build complete
2026-02-19T23:43:32.849476Z  INFO applying new distribution
2026-02-19T23:43:32.860744Z  INFO ✅ success
2026-02-19T23:43:32.860779Z  INFO 📦 starting build
2026-02-19T23:43:32.860962Z  INFO spawning asset pipelines
2026-02-19T23:43:33.102436Z  INFO copying & hashing css path="style.css"
2026-02-19T23:43:33.102499Z  INFO building batchi
2026-02-19T23:43:33.102828Z  INFO finished copying & hashing css path="style.css"
warning: unused import: `HtmlCanvasElement`
 --> src/components/spectrogram_webgl.rs:6:15
  |
6 | use web_sys::{HtmlCanvasElement, WebGl2RenderingContext};
  |               ^^^^^^^^^^^^^^^^^
  |
  = note: `#[warn(unused_imports)]` (part of `#[warn(unused)]`) on by default

warning: use of deprecated function `leptos::prelude::store_value`: This function is being removed to conform to Rust idioms. Please use `StoredValue::new()` or `StoredValue::new_local()` instead.
  --> src/components/spectrogram_webgl.rs:33:20
   |
33 |     let renderer = store_value(None::<SendWrapper<Waterfall3D>>);
   |                    ^^^^^^^^^^^
   |
   = note: `#[warn(deprecated)]` on by default

warning: use of deprecated function `leptos::prelude::create_rw_signal`: This function is being removed to conform to Rust idioms. Please use `RwSignal::new()` instead.
  --> src/components/spectrogram_webgl.rs:34:26
   |
34 |     let renderer_ready = create_rw_signal(false);
   |                          ^^^^^^^^^^^^^^^^

warning: use of deprecated function `leptos::prelude::create_rw_signal`: This function is being removed to conform to Rust idioms. Please use `RwSignal::new()` instead.
  --> src/components/spectrogram_webgl.rs:35:21
   |
35 |     let last_dims = create_rw_signal::<(i32,i32)>( (0,0) );
   |                     ^^^^^^^^^^^^^^^^

warning: use of deprecated function `leptos::prelude::create_rw_signal`: This function is being removed to conform to Rust idioms. Please use `RwSignal::new()` instead.
  --> src/components/spectrogram_webgl.rs:38:23
   |
38 |     let is_dragging = create_rw_signal(false);
   |                       ^^^^^^^^^^^^^^^^

warning: use of deprecated function `leptos::prelude::create_rw_signal`: This function is being removed to conform to Rust idioms. Please use `RwSignal::new()` instead.
  --> src/components/spectrogram_webgl.rs:39:26
   |
39 |     let last_mouse_pos = create_rw_signal::<(i32,i32)>( (0,0) );
   |                          ^^^^^^^^^^^^^^^^

warning: use of deprecated function `leptos::prelude::create_rw_signal`: This function is being removed to conform to Rust idioms. Please use `RwSignal::new()` instead.
  --> src/components/spectrogram_webgl.rs:40:21
   |
40 |     let drag_mode = create_rw_signal(0); // 0=rotate, 1=pan
   |                     ^^^^^^^^^^^^^^^^

warning: use of deprecated function `leptos::prelude::create_effect`: This function is being removed to conform to Rust idioms. Please use `Effect::new()` instead.
  --> src/components/spectrogram_webgl.rs:43:5
   |
43 |     create_effect(move |_| {
   |     ^^^^^^^^^^^^^

warning: use of deprecated function `leptos::prelude::create_effect`: This function is being removed to conform to Rust idioms. Please use `Effect::new()` instead.
  --> src/components/spectrogram_webgl.rs:70:5
   |
70 |     create_effect(move |_| {
   |     ^^^^^^^^^^^^^

warning: use of deprecated function `leptos::prelude::create_effect`: This function is being removed to conform to Rust idioms. Please use `Effect::new()` instead.
   --> src/components/spectrogram_webgl.rs:236:5
    |
236 |     create_effect(move |_| {
    |     ^^^^^^^^^^^^^

warning: `batchi` (lib) generated 10 warnings (run `cargo fix --lib -p batchi` to apply 1 suggestion)
    Finished `dev` profile [unoptimized + debuginfo] target(s) in 0.17s
2026-02-19T23:43:33.359617Z  INFO fetching cargo artifacts
2026-02-19T23:43:34.288913Z  INFO calling wasm-bindgen for batchi
2026-02-19T23:43:37.880875Z  INFO rust build complete
2026-02-19T23:43:37.883259Z  INFO applying new distribution
2026-02-19T23:43:37.885911Z  INFO ✅ success
2026-02-19T23:43:37.885947Z  INFO 📦 starting build
2026-02-19T23:43:37.886150Z  INFO spawning asset pipelines
2026-02-19T23:43:38.209964Z  INFO copying & hashing css path="style.css"
2026-02-19T23:43:38.210016Z  INFO building batchi
2026-02-19T23:43:38.210421Z  INFO finished copying & hashing css path="style.css"
warning: unused import: `HtmlCanvasElement`
 --> src/components/spectrogram_webgl.rs:6:15
  |
6 | use web_sys::{HtmlCanvasElement, WebGl2RenderingContext};
  |               ^^^^^^^^^^^^^^^^^
  |
  = note: `#[warn(unused_imports)]` (part of `#[warn(unused)]`) on by default

warning: use of deprecated function `leptos::prelude::store_value`: This function is being removed to conform to Rust idioms. Please use `StoredValue::new()` or `StoredValue::new_local()` instead.
  --> src/components/spectrogram_webgl.rs:33:20
   |
33 |     let renderer = store_value(None::<SendWrapper<Waterfall3D>>);
   |                    ^^^^^^^^^^^
   |
   = note: `#[warn(deprecated)]` on by default

warning: use of deprecated function `leptos::prelude::create_rw_signal`: This function is being removed to conform to Rust idioms. Please use `RwSignal::new()` instead.
  --> src/components/spectrogram_webgl.rs:34:26
   |
34 |     let renderer_ready = create_rw_signal(false);
   |                          ^^^^^^^^^^^^^^^^

warning: use of deprecated function `leptos::prelude::create_rw_signal`: This function is being removed to conform to Rust idioms. Please use `RwSignal::new()` instead.
  --> src/components/spectrogram_webgl.rs:35:21
   |
35 |     let last_dims = create_rw_signal::<(i32,i32)>( (0,0) );
   |                     ^^^^^^^^^^^^^^^^

warning: use of deprecated function `leptos::prelude::create_rw_signal`: This function is being removed to conform to Rust idioms. Please use `RwSignal::new()` instead.
  --> src/components/spectrogram_webgl.rs:38:23
   |
38 |     let is_dragging = create_rw_signal(false);
   |                       ^^^^^^^^^^^^^^^^

warning: use of deprecated function `leptos::prelude::create_rw_signal`: This function is being removed to conform to Rust idioms. Please use `RwSignal::new()` instead.
  --> src/components/spectrogram_webgl.rs:39:26
   |
39 |     let last_mouse_pos = create_rw_signal::<(i32,i32)>( (0,0) );
   |                          ^^^^^^^^^^^^^^^^

warning: use of deprecated function `leptos::prelude::create_rw_signal`: This function is being removed to conform to Rust idioms. Please use `RwSignal::new()` instead.
  --> src/components/spectrogram_webgl.rs:40:21
   |
40 |     let drag_mode = create_rw_signal(0); // 0=rotate, 1=pan
   |                     ^^^^^^^^^^^^^^^^

warning: use of deprecated function `leptos::prelude::create_effect`: This function is being removed to conform to Rust idioms. Please use `Effect::new()` instead.
  --> src/components/spectrogram_webgl.rs:43:5
   |
43 |     create_effect(move |_| {
   |     ^^^^^^^^^^^^^

warning: use of deprecated function `leptos::prelude::create_effect`: This function is being removed to conform to Rust idioms. Please use `Effect::new()` instead.
  --> src/components/spectrogram_webgl.rs:70:5
   |
70 |     create_effect(move |_| {
   |     ^^^^^^^^^^^^^

warning: use of deprecated function `leptos::prelude::create_effect`: This function is being removed to conform to Rust idioms. Please use `Effect::new()` instead.
   --> src/components/spectrogram_webgl.rs:236:5
    |
236 |     create_effect(move |_| {
    |     ^^^^^^^^^^^^^

warning: `batchi` (lib) generated 10 warnings (run `cargo fix --lib -p batchi` to apply 1 suggestion)
    Finished `dev` profile [unoptimized + debuginfo] target(s) in 0.20s
2026-02-19T23:43:38.506230Z  INFO fetching cargo artifacts
2026-02-19T23:43:39.323599Z  INFO calling wasm-bindgen for batchi
2026-02-19T23:43:41.824697Z  INFO rust build complete
2026-02-19T23:43:41.827557Z  INFO applying new distribution
2026-02-19T23:43:41.830067Z  INFO ✅ success
2026-02-19T23:43:41.830140Z  INFO 📦 starting build
2026-02-19T23:43:41.830951Z  INFO spawning asset pipelines
2026-02-19T23:43:42.072716Z  INFO copying & hashing css path="style.css"
2026-02-19T23:43:42.072772Z  INFO building batchi
2026-02-19T23:43:42.073162Z  INFO finished copying & hashing css path="style.css"
warning: unused import: `HtmlCanvasElement`
 --> src/components/spectrogram_webgl.rs:6:15
  |
6 | use web_sys::{HtmlCanvasElement, WebGl2RenderingContext};
  |               ^^^^^^^^^^^^^^^^^
  |
  = note: `#[warn(unused_imports)]` (part of `#[warn(unused)]`) on by default

warning: use of deprecated function `leptos::prelude::store_value`: This function is being removed to conform to Rust idioms. Please use `StoredValue::new()` or `StoredValue::new_local()` instead.
  --> src/components/spectrogram_webgl.rs:33:20
   |
33 |     let renderer = store_value(None::<SendWrapper<Waterfall3D>>);
   |                    ^^^^^^^^^^^
   |
   = note: `#[warn(deprecated)]` on by default

warning: use of deprecated function `leptos::prelude::create_rw_signal`: This function is being removed to conform to Rust idioms. Please use `RwSignal::new()` instead.
  --> src/components/spectrogram_webgl.rs:34:26
   |
34 |     let renderer_ready = create_rw_signal(false);
   |                          ^^^^^^^^^^^^^^^^

warning: use of deprecated function `leptos::prelude::create_rw_signal`: This function is being removed to conform to Rust idioms. Please use `RwSignal::new()` instead.
  --> src/components/spectrogram_webgl.rs:35:21
   |
35 |     let last_dims = create_rw_signal::<(i32,i32)>( (0,0) );
   |                     ^^^^^^^^^^^^^^^^

warning: use of deprecated function `leptos::prelude::create_rw_signal`: This function is being removed to conform to Rust idioms. Please use `RwSignal::new()` instead.
  --> src/components/spectrogram_webgl.rs:38:23
   |
38 |     let is_dragging = create_rw_signal(false);
   |                       ^^^^^^^^^^^^^^^^

warning: use of deprecated function `leptos::prelude::create_rw_signal`: This function is being removed to conform to Rust idioms. Please use `RwSignal::new()` instead.
  --> src/components/spectrogram_webgl.rs:39:26
   |
39 |     let last_mouse_pos = create_rw_signal::<(i32,i32)>( (0,0) );
   |                          ^^^^^^^^^^^^^^^^

warning: use of deprecated function `leptos::prelude::create_rw_signal`: This function is being removed to conform to Rust idioms. Please use `RwSignal::new()` instead.
  --> src/components/spectrogram_webgl.rs:40:21
   |
40 |     let drag_mode = create_rw_signal(0); // 0=rotate, 1=pan
   |                     ^^^^^^^^^^^^^^^^

warning: use of deprecated function `leptos::prelude::create_effect`: This function is being removed to conform to Rust idioms. Please use `Effect::new()` instead.
  --> src/components/spectrogram_webgl.rs:43:5
   |
43 |     create_effect(move |_| {
   |     ^^^^^^^^^^^^^

warning: use of deprecated function `leptos::prelude::create_effect`: This function is being removed to conform to Rust idioms. Please use `Effect::new()` instead.
  --> src/components/spectrogram_webgl.rs:70:5
   |
70 |     create_effect(move |_| {
   |     ^^^^^^^^^^^^^

warning: use of deprecated function `leptos::prelude::create_effect`: This function is being removed to conform to Rust idioms. Please use `Effect::new()` instead.
   --> src/components/spectrogram_webgl.rs:236:5
    |
236 |     create_effect(move |_| {
    |     ^^^^^^^^^^^^^

warning: `batchi` (lib) generated 10 warnings (run `cargo fix --lib -p batchi` to apply 1 suggestion)
    Finished `dev` profile [unoptimized + debuginfo] target(s) in 0.17s
2026-02-19T23:43:42.328178Z  INFO fetching cargo artifacts
2026-02-19T23:43:42.988346Z  INFO calling wasm-bindgen for batchi
2026-02-19T23:43:45.571100Z  INFO rust build complete
2026-02-19T23:43:45.573496Z  INFO applying new distribution
2026-02-19T23:43:45.575854Z  INFO ✅ success
2026-02-19T23:43:45.575887Z  INFO 📦 starting build
2026-02-19T23:43:45.576173Z  INFO spawning asset pipelines
2026-02-19T23:43:45.813891Z  INFO copying & hashing css path="style.css"
2026-02-19T23:43:45.813955Z  INFO building batchi
2026-02-19T23:43:45.814315Z  INFO finished copying & hashing css path="style.css"
warning: unused import: `HtmlCanvasElement`
 --> src/components/spectrogram_webgl.rs:6:15
  |
6 | use web_sys::{HtmlCanvasElement, WebGl2RenderingContext};
  |               ^^^^^^^^^^^^^^^^^
  |
  = note: `#[warn(unused_imports)]` (part of `#[warn(unused)]`) on by default

warning: use of deprecated function `leptos::prelude::store_value`: This function is being removed to conform to Rust idioms. Please use `StoredValue::new()` or `StoredValue::new_local()` instead.
  --> src/components/spectrogram_webgl.rs:33:20
   |
33 |     let renderer = store_value(None::<SendWrapper<Waterfall3D>>);
   |                    ^^^^^^^^^^^
   |
   = note: `#[warn(deprecated)]` on by default

warning: use of deprecated function `leptos::prelude::create_rw_signal`: This function is being removed to conform to Rust idioms. Please use `RwSignal::new()` instead.
  --> src/components/spectrogram_webgl.rs:34:26
   |
34 |     let renderer_ready = create_rw_signal(false);
   |                          ^^^^^^^^^^^^^^^^

warning: use of deprecated function `leptos::prelude::create_rw_signal`: This function is being removed to conform to Rust idioms. Please use `RwSignal::new()` instead.
  --> src/components/spectrogram_webgl.rs:35:21
   |
35 |     let last_dims = create_rw_signal::<(i32,i32)>( (0,0) );
   |                     ^^^^^^^^^^^^^^^^

warning: use of deprecated function `leptos::prelude::create_rw_signal`: This function is being removed to conform to Rust idioms. Please use `RwSignal::new()` instead.
  --> src/components/spectrogram_webgl.rs:38:23
   |
38 |     let is_dragging = create_rw_signal(false);
   |                       ^^^^^^^^^^^^^^^^

warning: use of deprecated function `leptos::prelude::create_rw_signal`: This function is being removed to conform to Rust idioms. Please use `RwSignal::new()` instead.
  --> src/components/spectrogram_webgl.rs:39:26
   |
39 |     let last_mouse_pos = create_rw_signal::<(i32,i32)>( (0,0) );
   |                          ^^^^^^^^^^^^^^^^

warning: use of deprecated function `leptos::prelude::create_rw_signal`: This function is being removed to conform to Rust idioms. Please use `RwSignal::new()` instead.
  --> src/components/spectrogram_webgl.rs:40:21
   |
40 |     let drag_mode = create_rw_signal(0); // 0=rotate, 1=pan
   |                     ^^^^^^^^^^^^^^^^

warning: use of deprecated function `leptos::prelude::create_effect`: This function is being removed to conform to Rust idioms. Please use `Effect::new()` instead.
  --> src/components/spectrogram_webgl.rs:43:5
   |
43 |     create_effect(move |_| {
   |     ^^^^^^^^^^^^^

warning: use of deprecated function `leptos::prelude::create_effect`: This function is being removed to conform to Rust idioms. Please use `Effect::new()` instead.
  --> src/components/spectrogram_webgl.rs:70:5
   |
70 |     create_effect(move |_| {
   |     ^^^^^^^^^^^^^

warning: use of deprecated function `leptos::prelude::create_effect`: This function is being removed to conform to Rust idioms. Please use `Effect::new()` instead.
   --> src/components/spectrogram_webgl.rs:236:5
    |
236 |     create_effect(move |_| {
    |     ^^^^^^^^^^^^^

warning: `batchi` (lib) generated 10 warnings (run `cargo fix --lib -p batchi` to apply 1 suggestion)
    Finished `dev` profile [unoptimized + debuginfo] target(s) in 0.17s
2026-02-19T23:43:46.072149Z  INFO fetching cargo artifacts
2026-02-19T23:43:46.694372Z  INFO calling wasm-bindgen for batchi
2026-02-19T23:43:49.156726Z  INFO rust build complete
2026-02-19T23:43:49.159129Z  INFO applying new distribution
2026-02-19T23:43:49.161942Z  INFO ✅ success
2026-02-19T23:43:49.161980Z  INFO 📦 starting build
2026-02-19T23:43:49.162277Z  INFO spawning asset pipelines
2026-02-19T23:43:49.402713Z  INFO copying & hashing css path="style.css"
2026-02-19T23:43:49.402762Z  INFO building batchi
2026-02-19T23:43:49.403140Z  INFO finished copying & hashing css path="style.css"
warning: unused import: `HtmlCanvasElement`
 --> src/components/spectrogram_webgl.rs:6:15
  |
6 | use web_sys::{HtmlCanvasElement, WebGl2RenderingContext};
  |               ^^^^^^^^^^^^^^^^^
  |
  = note: `#[warn(unused_imports)]` (part of `#[warn(unused)]`) on by default

warning: use of deprecated function `leptos::prelude::store_value`: This function is being removed to conform to Rust idioms. Please use `StoredValue::new()` or `StoredValue::new_local()` instead.
  --> src/components/spectrogram_webgl.rs:33:20
   |
33 |     let renderer = store_value(None::<SendWrapper<Waterfall3D>>);
   |                    ^^^^^^^^^^^
   |
   = note: `#[warn(deprecated)]` on by default

warning: use of deprecated function `leptos::prelude::create_rw_signal`: This function is being removed to conform to Rust idioms. Please use `RwSignal::new()` instead.
  --> src/components/spectrogram_webgl.rs:34:26
   |
34 |     let renderer_ready = create_rw_signal(false);
   |                          ^^^^^^^^^^^^^^^^

warning: use of deprecated function `leptos::prelude::create_rw_signal`: This function is being removed to conform to Rust idioms. Please use `RwSignal::new()` instead.
  --> src/components/spectrogram_webgl.rs:35:21
   |
35 |     let last_dims = create_rw_signal::<(i32,i32)>( (0,0) );
   |                     ^^^^^^^^^^^^^^^^

warning: use of deprecated function `leptos::prelude::create_rw_signal`: This function is being removed to conform to Rust idioms. Please use `RwSignal::new()` instead.
  --> src/components/spectrogram_webgl.rs:38:23
   |
38 |     let is_dragging = create_rw_signal(false);
   |                       ^^^^^^^^^^^^^^^^

warning: use of deprecated function `leptos::prelude::create_rw_signal`: This function is being removed to conform to Rust idioms. Please use `RwSignal::new()` instead.
  --> src/components/spectrogram_webgl.rs:39:26
   |
39 |     let last_mouse_pos = create_rw_signal::<(i32,i32)>( (0,0) );
   |                          ^^^^^^^^^^^^^^^^

warning: use of deprecated function `leptos::prelude::create_rw_signal`: This function is being removed to conform to Rust idioms. Please use `RwSignal::new()` instead.
  --> src/components/spectrogram_webgl.rs:40:21
   |
40 |     let drag_mode = create_rw_signal(0); // 0=rotate, 1=pan
   |                     ^^^^^^^^^^^^^^^^

warning: use of deprecated function `leptos::prelude::create_effect`: This function is being removed to conform to Rust idioms. Please use `Effect::new()` instead.
  --> src/components/spectrogram_webgl.rs:43:5
   |
43 |     create_effect(move |_| {
   |     ^^^^^^^^^^^^^

warning: use of deprecated function `leptos::prelude::create_effect`: This function is being removed to conform to Rust idioms. Please use `Effect::new()` instead.
  --> src/components/spectrogram_webgl.rs:70:5
   |
70 |     create_effect(move |_| {
   |     ^^^^^^^^^^^^^

warning: use of deprecated function `leptos::prelude::create_effect`: This function is being removed to conform to Rust idioms. Please use `Effect::new()` instead.
   --> src/components/spectrogram_webgl.rs:236:5
    |
236 |     create_effect(move |_| {
    |     ^^^^^^^^^^^^^

warning: `batchi` (lib) generated 10 warnings (run `cargo fix --lib -p batchi` to apply 1 suggestion)
    Finished `dev` profile [unoptimized + debuginfo] target(s) in 0.16s
2026-02-19T23:43:49.657498Z  INFO fetching cargo artifacts
2026-02-19T23:43:50.284481Z  INFO calling wasm-bindgen for batchi
2026-02-19T23:43:52.720210Z  INFO rust build complete
2026-02-19T23:43:52.722665Z  INFO applying new distribution
2026-02-19T23:43:52.724956Z  INFO ✅ success
2026-02-19T23:43:52.724991Z  INFO 📦 starting build
2026-02-19T23:43:52.725300Z  INFO spawning asset pipelines
2026-02-19T23:43:52.964819Z  INFO copying & hashing css path="style.css"
2026-02-19T23:43:52.964861Z  INFO building batchi
2026-02-19T23:43:52.965214Z  INFO finished copying & hashing css path="style.css"
warning: unused import: `HtmlCanvasElement`
 --> src/components/spectrogram_webgl.rs:6:15
  |
6 | use web_sys::{HtmlCanvasElement, WebGl2RenderingContext};
  |               ^^^^^^^^^^^^^^^^^
  |
  = note: `#[warn(unused_imports)]` (part of `#[warn(unused)]`) on by default

warning: use of deprecated function `leptos::prelude::store_value`: This function is being removed to conform to Rust idioms. Please use `StoredValue::new()` or `StoredValue::new_local()` instead.
  --> src/components/spectrogram_webgl.rs:33:20
   |
33 |     let renderer = store_value(None::<SendWrapper<Waterfall3D>>);
   |                    ^^^^^^^^^^^
   |
   = note: `#[warn(deprecated)]` on by default

warning: use of deprecated function `leptos::prelude::create_rw_signal`: This function is being removed to conform to Rust idioms. Please use `RwSignal::new()` instead.
  --> src/components/spectrogram_webgl.rs:34:26
   |
34 |     let renderer_ready = create_rw_signal(false);
   |                          ^^^^^^^^^^^^^^^^

warning: use of deprecated function `leptos::prelude::create_rw_signal`: This function is being removed to conform to Rust idioms. Please use `RwSignal::new()` instead.
  --> src/components/spectrogram_webgl.rs:35:21
   |
35 |     let last_dims = create_rw_signal::<(i32,i32)>( (0,0) );
   |                     ^^^^^^^^^^^^^^^^

warning: use of deprecated function `leptos::prelude::create_rw_signal`: This function is being removed to conform to Rust idioms. Please use `RwSignal::new()` instead.
  --> src/components/spectrogram_webgl.rs:38:23
   |
38 |     let is_dragging = create_rw_signal(false);
   |                       ^^^^^^^^^^^^^^^^

warning: use of deprecated function `leptos::prelude::create_rw_signal`: This function is being removed to conform to Rust idioms. Please use `RwSignal::new()` instead.
  --> src/components/spectrogram_webgl.rs:39:26
   |
39 |     let last_mouse_pos = create_rw_signal::<(i32,i32)>( (0,0) );
   |                          ^^^^^^^^^^^^^^^^

warning: use of deprecated function `leptos::prelude::create_rw_signal`: This function is being removed to conform to Rust idioms. Please use `RwSignal::new()` instead.
  --> src/components/spectrogram_webgl.rs:40:21
   |
40 |     let drag_mode = create_rw_signal(0); // 0=rotate, 1=pan
   |                     ^^^^^^^^^^^^^^^^

warning: use of deprecated function `leptos::prelude::create_effect`: This function is being removed to conform to Rust idioms. Please use `Effect::new()` instead.
  --> src/components/spectrogram_webgl.rs:43:5
   |
43 |     create_effect(move |_| {
   |     ^^^^^^^^^^^^^

warning: use of deprecated function `leptos::prelude::create_effect`: This function is being removed to conform to Rust idioms. Please use `Effect::new()` instead.
  --> src/components/spectrogram_webgl.rs:70:5
   |
70 |     create_effect(move |_| {
   |     ^^^^^^^^^^^^^

warning: use of deprecated function `leptos::prelude::create_effect`: This function is being removed to conform to Rust idioms. Please use `Effect::new()` instead.
   --> src/components/spectrogram_webgl.rs:236:5
    |
236 |     create_effect(move |_| {
    |     ^^^^^^^^^^^^^

warning: `batchi` (lib) generated 10 warnings (run `cargo fix --lib -p batchi` to apply 1 suggestion)
    Finished `dev` profile [unoptimized + debuginfo] target(s) in 0.17s
2026-02-19T23:43:53.222445Z  INFO fetching cargo artifacts
2026-02-19T23:43:53.844036Z  INFO calling wasm-bindgen for batchi
2026-02-19T23:43:56.346837Z  INFO rust build complete
2026-02-19T23:43:56.349141Z  INFO applying new distribution
2026-02-19T23:43:56.361585Z  INFO ✅ success
2026-02-19T23:43:56.361623Z  INFO 📦 starting build
2026-02-19T23:43:56.361974Z  INFO spawning asset pipelines
2026-02-19T23:43:56.611202Z  INFO copying & hashing css path="style.css"
2026-02-19T23:43:56.611268Z  INFO building batchi
2026-02-19T23:43:56.611456Z  INFO finished copying & hashing css path="style.css"
warning: unused import: `HtmlCanvasElement`
 --> src/components/spectrogram_webgl.rs:6:15
  |
6 | use web_sys::{HtmlCanvasElement, WebGl2RenderingContext};
  |               ^^^^^^^^^^^^^^^^^
  |
  = note: `#[warn(unused_imports)]` (part of `#[warn(unused)]`) on by default

warning: use of deprecated function `leptos::prelude::store_value`: This function is being removed to conform to Rust idioms. Please use `StoredValue::new()` or `StoredValue::new_local()` instead.
  --> src/components/spectrogram_webgl.rs:33:20
   |
33 |     let renderer = store_value(None::<SendWrapper<Waterfall3D>>);
   |                    ^^^^^^^^^^^
   |
   = note: `#[warn(deprecated)]` on by default

warning: use of deprecated function `leptos::prelude::create_rw_signal`: This function is being removed to conform to Rust idioms. Please use `RwSignal::new()` instead.
  --> src/components/spectrogram_webgl.rs:34:26
   |
34 |     let renderer_ready = create_rw_signal(false);
   |                          ^^^^^^^^^^^^^^^^

warning: use of deprecated function `leptos::prelude::create_rw_signal`: This function is being removed to conform to Rust idioms. Please use `RwSignal::new()` instead.
  --> src/components/spectrogram_webgl.rs:35:21
   |
35 |     let last_dims = create_rw_signal::<(i32,i32)>( (0,0) );
   |                     ^^^^^^^^^^^^^^^^

warning: use of deprecated function `leptos::prelude::create_rw_signal`: This function is being removed to conform to Rust idioms. Please use `RwSignal::new()` instead.
  --> src/components/spectrogram_webgl.rs:38:23
   |
38 |     let is_dragging = create_rw_signal(false);
   |                       ^^^^^^^^^^^^^^^^

warning: use of deprecated function `leptos::prelude::create_rw_signal`: This function is being removed to conform to Rust idioms. Please use `RwSignal::new()` instead.
  --> src/components/spectrogram_webgl.rs:39:26
   |
39 |     let last_mouse_pos = create_rw_signal::<(i32,i32)>( (0,0) );
   |                          ^^^^^^^^^^^^^^^^

warning: use of deprecated function `leptos::prelude::create_rw_signal`: This function is being removed to conform to Rust idioms. Please use `RwSignal::new()` instead.
  --> src/components/spectrogram_webgl.rs:40:21
   |
40 |     let drag_mode = create_rw_signal(0); // 0=rotate, 1=pan
   |                     ^^^^^^^^^^^^^^^^

warning: use of deprecated function `leptos::prelude::create_effect`: This function is being removed to conform to Rust idioms. Please use `Effect::new()` instead.
  --> src/components/spectrogram_webgl.rs:43:5
   |
43 |     create_effect(move |_| {
   |     ^^^^^^^^^^^^^

warning: use of deprecated function `leptos::prelude::create_effect`: This function is being removed to conform to Rust idioms. Please use `Effect::new()` instead.
  --> src/components/spectrogram_webgl.rs:70:5
   |
70 |     create_effect(move |_| {
   |     ^^^^^^^^^^^^^

warning: use of deprecated function `leptos::prelude::create_effect`: This function is being removed to conform to Rust idioms. Please use `Effect::new()` instead.
   --> src/components/spectrogram_webgl.rs:236:5
    |
236 |     create_effect(move |_| {
    |     ^^^^^^^^^^^^^

warning: `batchi` (lib) generated 10 warnings (run `cargo fix --lib -p batchi` to apply 1 suggestion)
    Finished `dev` profile [unoptimized + debuginfo] target(s) in 0.17s
2026-02-19T23:43:56.876181Z  INFO fetching cargo artifacts
2026-02-19T23:43:57.498034Z  INFO calling wasm-bindgen for batchi
2026-02-19T23:43:59.975853Z  INFO rust build complete
2026-02-19T23:43:59.978677Z  INFO applying new distribution
2026-02-19T23:43:59.980860Z  INFO ✅ success
2026-02-19T23:43:59.980889Z  INFO 📦 starting build
2026-02-19T23:43:59.981124Z  INFO spawning asset pipelines
2026-02-19T23:44:00.223106Z  INFO copying & hashing css path="style.css"
2026-02-19T23:44:00.223199Z  INFO building batchi
2026-02-19T23:44:00.223586Z  INFO finished copying & hashing css path="style.css"
warning: unused import: `HtmlCanvasElement`
 --> src/components/spectrogram_webgl.rs:6:15
  |
6 | use web_sys::{HtmlCanvasElement, WebGl2RenderingContext};
  |               ^^^^^^^^^^^^^^^^^
  |
  = note: `#[warn(unused_imports)]` (part of `#[warn(unused)]`) on by default

warning: use of deprecated function `leptos::prelude::store_value`: This function is being removed to conform to Rust idioms. Please use `StoredValue::new()` or `StoredValue::new_local()` instead.
  --> src/components/spectrogram_webgl.rs:33:20
   |
33 |     let renderer = store_value(None::<SendWrapper<Waterfall3D>>);
   |                    ^^^^^^^^^^^
   |
   = note: `#[warn(deprecated)]` on by default

warning: use of deprecated function `leptos::prelude::create_rw_signal`: This function is being removed to conform to Rust idioms. Please use `RwSignal::new()` instead.
  --> src/components/spectrogram_webgl.rs:34:26
   |
34 |     let renderer_ready = create_rw_signal(false);
   |                          ^^^^^^^^^^^^^^^^

warning: use of deprecated function `leptos::prelude::create_rw_signal`: This function is being removed to conform to Rust idioms. Please use `RwSignal::new()` instead.
  --> src/components/spectrogram_webgl.rs:35:21
   |
35 |     let last_dims = create_rw_signal::<(i32,i32)>( (0,0) );
   |                     ^^^^^^^^^^^^^^^^

warning: use of deprecated function `leptos::prelude::create_rw_signal`: This function is being removed to conform to Rust idioms. Please use `RwSignal::new()` instead.
  --> src/components/spectrogram_webgl.rs:38:23
   |
38 |     let is_dragging = create_rw_signal(false);
   |                       ^^^^^^^^^^^^^^^^

warning: use of deprecated function `leptos::prelude::create_rw_signal`: This function is being removed to conform to Rust idioms. Please use `RwSignal::new()` instead.
  --> src/components/spectrogram_webgl.rs:39:26
   |
39 |     let last_mouse_pos = create_rw_signal::<(i32,i32)>( (0,0) );
   |                          ^^^^^^^^^^^^^^^^

warning: use of deprecated function `leptos::prelude::create_rw_signal`: This function is being removed to conform to Rust idioms. Please use `RwSignal::new()` instead.
  --> src/components/spectrogram_webgl.rs:40:21
   |
40 |     let drag_mode = create_rw_signal(0); // 0=rotate, 1=pan
   |                     ^^^^^^^^^^^^^^^^

warning: use of deprecated function `leptos::prelude::create_effect`: This function is being removed to conform to Rust idioms. Please use `Effect::new()` instead.
  --> src/components/spectrogram_webgl.rs:43:5
   |
43 |     create_effect(move |_| {
   |     ^^^^^^^^^^^^^

warning: use of deprecated function `leptos::prelude::create_effect`: This function is being removed to conform to Rust idioms. Please use `Effect::new()` instead.
  --> src/components/spectrogram_webgl.rs:70:5
   |
70 |     create_effect(move |_| {
   |     ^^^^^^^^^^^^^

warning: use of deprecated function `leptos::prelude::create_effect`: This function is being removed to conform to Rust idioms. Please use `Effect::new()` instead.
   --> src/components/spectrogram_webgl.rs:236:5
    |
236 |     create_effect(move |_| {
    |     ^^^^^^^^^^^^^

warning: `batchi` (lib) generated 10 warnings (run `cargo fix --lib -p batchi` to apply 1 suggestion)
    Finished `dev` profile [unoptimized + debuginfo] target(s) in 0.17s
2026-02-19T23:44:00.481130Z  INFO fetching cargo artifacts
2026-02-19T23:44:01.099741Z  INFO calling wasm-bindgen for batchi
2026-02-19T23:44:03.530414Z  INFO rust build complete
2026-02-19T23:44:03.532693Z  INFO applying new distribution
2026-02-19T23:44:03.534956Z  INFO ✅ success
2026-02-19T23:44:03.534999Z  INFO 📦 starting build
2026-02-19T23:44:03.535266Z  INFO spawning asset pipelines
2026-02-19T23:44:03.776691Z  INFO copying & hashing css path="style.css"
2026-02-19T23:44:03.776744Z  INFO building batchi
2026-02-19T23:44:03.777069Z  INFO finished copying & hashing css path="style.css"
warning: unused import: `HtmlCanvasElement`
 --> src/components/spectrogram_webgl.rs:6:15
  |
6 | use web_sys::{HtmlCanvasElement, WebGl2RenderingContext};
  |               ^^^^^^^^^^^^^^^^^
  |
  = note: `#[warn(unused_imports)]` (part of `#[warn(unused)]`) on by default

warning: use of deprecated function `leptos::prelude::store_value`: This function is being removed to conform to Rust idioms. Please use `StoredValue::new()` or `StoredValue::new_local()` instead.
  --> src/components/spectrogram_webgl.rs:33:20
   |
33 |     let renderer = store_value(None::<SendWrapper<Waterfall3D>>);
   |                    ^^^^^^^^^^^
   |
   = note: `#[warn(deprecated)]` on by default

warning: use of deprecated function `leptos::prelude::create_rw_signal`: This function is being removed to conform to Rust idioms. Please use `RwSignal::new()` instead.
  --> src/components/spectrogram_webgl.rs:34:26
   |
34 |     let renderer_ready = create_rw_signal(false);
   |                          ^^^^^^^^^^^^^^^^

warning: use of deprecated function `leptos::prelude::create_rw_signal`: This function is being removed to conform to Rust idioms. Please use `RwSignal::new()` instead.
  --> src/components/spectrogram_webgl.rs:35:21
   |
35 |     let last_dims = create_rw_signal::<(i32,i32)>( (0,0) );
   |                     ^^^^^^^^^^^^^^^^

warning: use of deprecated function `leptos::prelude::create_rw_signal`: This function is being removed to conform to Rust idioms. Please use `RwSignal::new()` instead.
  --> src/components/spectrogram_webgl.rs:38:23
   |
38 |     let is_dragging = create_rw_signal(false);
   |                       ^^^^^^^^^^^^^^^^

warning: use of deprecated function `leptos::prelude::create_rw_signal`: This function is being removed to conform to Rust idioms. Please use `RwSignal::new()` instead.
  --> src/components/spectrogram_webgl.rs:39:26
   |
39 |     let last_mouse_pos = create_rw_signal::<(i32,i32)>( (0,0) );
   |                          ^^^^^^^^^^^^^^^^

warning: use of deprecated function `leptos::prelude::create_rw_signal`: This function is being removed to conform to Rust idioms. Please use `RwSignal::new()` instead.
  --> src/components/spectrogram_webgl.rs:40:21
   |
40 |     let drag_mode = create_rw_signal(0); // 0=rotate, 1=pan
   |                     ^^^^^^^^^^^^^^^^

warning: use of deprecated function `leptos::prelude::create_effect`: This function is being removed to conform to Rust idioms. Please use `Effect::new()` instead.
  --> src/components/spectrogram_webgl.rs:43:5
   |
43 |     create_effect(move |_| {
   |     ^^^^^^^^^^^^^

warning: use of deprecated function `leptos::prelude::create_effect`: This function is being removed to conform to Rust idioms. Please use `Effect::new()` instead.
  --> src/components/spectrogram_webgl.rs:70:5
   |
70 |     create_effect(move |_| {
   |     ^^^^^^^^^^^^^

warning: use of deprecated function `leptos::prelude::create_effect`: This function is being removed to conform to Rust idioms. Please use `Effect::new()` instead.
   --> src/components/spectrogram_webgl.rs:236:5
    |
236 |     create_effect(move |_| {
    |     ^^^^^^^^^^^^^

warning: `batchi` (lib) generated 10 warnings (run `cargo fix --lib -p batchi` to apply 1 suggestion)
    Finished `dev` profile [unoptimized + debuginfo] target(s) in 0.17s
2026-02-19T23:44:04.032860Z  INFO fetching cargo artifacts
2026-02-19T23:44:04.656075Z  INFO calling wasm-bindgen for batchi
2026-02-19T23:44:07.143046Z  INFO rust build complete
2026-02-19T23:44:07.145746Z  INFO applying new distribution
2026-02-19T23:44:07.148122Z  INFO ✅ success
2026-02-19T23:44:07.148157Z  INFO 📦 starting build
2026-02-19T23:44:07.148408Z  INFO spawning asset pipelines
2026-02-19T23:44:07.389907Z  INFO copying & hashing css path="style.css"
2026-02-19T23:44:07.389966Z  INFO building batchi
2026-02-19T23:44:07.390326Z  INFO finished copying & hashing css path="style.css"
warning: unused import: `HtmlCanvasElement`
 --> src/components/spectrogram_webgl.rs:6:15
  |
6 | use web_sys::{HtmlCanvasElement, WebGl2RenderingContext};
  |               ^^^^^^^^^^^^^^^^^
  |
  = note: `#[warn(unused_imports)]` (part of `#[warn(unused)]`) on by default

warning: use of deprecated function `leptos::prelude::store_value`: This function is being removed to conform to Rust idioms. Please use `StoredValue::new()` or `StoredValue::new_local()` instead.
  --> src/components/spectrogram_webgl.rs:33:20
   |
33 |     let renderer = store_value(None::<SendWrapper<Waterfall3D>>);
   |                    ^^^^^^^^^^^
   |
   = note: `#[warn(deprecated)]` on by default

warning: use of deprecated function `leptos::prelude::create_rw_signal`: This function is being removed to conform to Rust idioms. Please use `RwSignal::new()` instead.
  --> src/components/spectrogram_webgl.rs:34:26
   |
34 |     let renderer_ready = create_rw_signal(false);
   |                          ^^^^^^^^^^^^^^^^

warning: use of deprecated function `leptos::prelude::create_rw_signal`: This function is being removed to conform to Rust idioms. Please use `RwSignal::new()` instead.
  --> src/components/spectrogram_webgl.rs:35:21
   |
35 |     let last_dims = create_rw_signal::<(i32,i32)>( (0,0) );
   |                     ^^^^^^^^^^^^^^^^

warning: use of deprecated function `leptos::prelude::create_rw_signal`: This function is being removed to conform to Rust idioms. Please use `RwSignal::new()` instead.
  --> src/components/spectrogram_webgl.rs:38:23
   |
38 |     let is_dragging = create_rw_signal(false);
   |                       ^^^^^^^^^^^^^^^^

warning: use of deprecated function `leptos::prelude::create_rw_signal`: This function is being removed to conform to Rust idioms. Please use `RwSignal::new()` instead.
  --> src/components/spectrogram_webgl.rs:39:26
   |
39 |     let last_mouse_pos = create_rw_signal::<(i32,i32)>( (0,0) );
   |                          ^^^^^^^^^^^^^^^^

warning: use of deprecated function `leptos::prelude::create_rw_signal`: This function is being removed to conform to Rust idioms. Please use `RwSignal::new()` instead.
  --> src/components/spectrogram_webgl.rs:40:21
   |
40 |     let drag_mode = create_rw_signal(0); // 0=rotate, 1=pan
   |                     ^^^^^^^^^^^^^^^^

warning: use of deprecated function `leptos::prelude::create_effect`: This function is being removed to conform to Rust idioms. Please use `Effect::new()` instead.
  --> src/components/spectrogram_webgl.rs:43:5
   |
43 |     create_effect(move |_| {
   |     ^^^^^^^^^^^^^

warning: use of deprecated function `leptos::prelude::create_effect`: This function is being removed to conform to Rust idioms. Please use `Effect::new()` instead.
  --> src/components/spectrogram_webgl.rs:70:5
   |
70 |     create_effect(move |_| {
   |     ^^^^^^^^^^^^^

warning: use of deprecated function `leptos::prelude::create_effect`: This function is being removed to conform to Rust idioms. Please use `Effect::new()` instead.
   --> src/components/spectrogram_webgl.rs:236:5
    |
236 |     create_effect(move |_| {
    |     ^^^^^^^^^^^^^

warning: `batchi` (lib) generated 10 warnings (run `cargo fix --lib -p batchi` to apply 1 suggestion)
    Finished `dev` profile [unoptimized + debuginfo] target(s) in 0.17s
2026-02-19T23:44:07.648046Z  INFO fetching cargo artifacts
2026-02-19T23:44:08.269500Z  INFO calling wasm-bindgen for batchi
2026-02-19T23:44:10.678329Z  INFO rust build complete
2026-02-19T23:44:10.680811Z  INFO applying new distribution
2026-02-19T23:44:10.683644Z  INFO ✅ success
2026-02-19T23:44:10.683682Z  INFO 📦 starting build
2026-02-19T23:44:10.683927Z  INFO spawning asset pipelines
2026-02-19T23:44:10.926186Z  INFO copying & hashing css path="style.css"
2026-02-19T23:44:10.926264Z  INFO building batchi
2026-02-19T23:44:10.926629Z  INFO finished copying & hashing css path="style.css"
warning: unused import: `HtmlCanvasElement`
 --> src/components/spectrogram_webgl.rs:6:15
  |
6 | use web_sys::{HtmlCanvasElement, WebGl2RenderingContext};
  |               ^^^^^^^^^^^^^^^^^
  |
  = note: `#[warn(unused_imports)]` (part of `#[warn(unused)]`) on by default

warning: use of deprecated function `leptos::prelude::store_value`: This function is being removed to conform to Rust idioms. Please use `StoredValue::new()` or `StoredValue::new_local()` instead.
  --> src/components/spectrogram_webgl.rs:33:20
   |
33 |     let renderer = store_value(None::<SendWrapper<Waterfall3D>>);
   |                    ^^^^^^^^^^^
   |
   = note: `#[warn(deprecated)]` on by default

warning: use of deprecated function `leptos::prelude::create_rw_signal`: This function is being removed to conform to Rust idioms. Please use `RwSignal::new()` instead.
  --> src/components/spectrogram_webgl.rs:34:26
   |
34 |     let renderer_ready = create_rw_signal(false);
   |                          ^^^^^^^^^^^^^^^^

warning: use of deprecated function `leptos::prelude::create_rw_signal`: This function is being removed to conform to Rust idioms. Please use `RwSignal::new()` instead.
  --> src/components/spectrogram_webgl.rs:35:21
   |
35 |     let last_dims = create_rw_signal::<(i32,i32)>( (0,0) );
   |                     ^^^^^^^^^^^^^^^^

warning: use of deprecated function `leptos::prelude::create_rw_signal`: This function is being removed to conform to Rust idioms. Please use `RwSignal::new()` instead.
  --> src/components/spectrogram_webgl.rs:38:23
   |
38 |     let is_dragging = create_rw_signal(false);
   |                       ^^^^^^^^^^^^^^^^

warning: use of deprecated function `leptos::prelude::create_rw_signal`: This function is being removed to conform to Rust idioms. Please use `RwSignal::new()` instead.
  --> src/components/spectrogram_webgl.rs:39:26
   |
39 |     let last_mouse_pos = create_rw_signal::<(i32,i32)>( (0,0) );
   |                          ^^^^^^^^^^^^^^^^

warning: use of deprecated function `leptos::prelude::create_rw_signal`: This function is being removed to conform to Rust idioms. Please use `RwSignal::new()` instead.
  --> src/components/spectrogram_webgl.rs:40:21
   |
40 |     let drag_mode = create_rw_signal(0); // 0=rotate, 1=pan
   |                     ^^^^^^^^^^^^^^^^

warning: use of deprecated function `leptos::prelude::create_effect`: This function is being removed to conform to Rust idioms. Please use `Effect::new()` instead.
  --> src/components/spectrogram_webgl.rs:43:5
   |
43 |     create_effect(move |_| {
   |     ^^^^^^^^^^^^^

warning: use of deprecated function `leptos::prelude::create_effect`: This function is being removed to conform to Rust idioms. Please use `Effect::new()` instead.
  --> src/components/spectrogram_webgl.rs:70:5
   |
70 |     create_effect(move |_| {
   |     ^^^^^^^^^^^^^

warning: use of deprecated function `leptos::prelude::create_effect`: This function is being removed to conform to Rust idioms. Please use `Effect::new()` instead.
   --> src/components/spectrogram_webgl.rs:236:5
    |
236 |     create_effect(move |_| {
    |     ^^^^^^^^^^^^^

warning: `batchi` (lib) generated 10 warnings (run `cargo fix --lib -p batchi` to apply 1 suggestion)
    Finished `dev` profile [unoptimized + debuginfo] target(s) in 0.17s
2026-02-19T23:44:11.182516Z  INFO fetching cargo artifacts
2026-02-19T23:44:11.805291Z  INFO calling wasm-bindgen for batchi
2026-02-19T23:44:14.263178Z  INFO rust build complete
2026-02-19T23:44:14.265748Z  INFO applying new distribution
2026-02-19T23:44:14.273749Z  INFO ✅ success
2026-02-19T23:44:14.273787Z  INFO 📦 starting build
2026-02-19T23:44:14.274157Z  INFO spawning asset pipelines
2026-02-19T23:44:14.513702Z  INFO copying & hashing css path="style.css"
2026-02-19T23:44:14.513749Z  INFO building batchi
2026-02-19T23:44:14.514044Z  INFO finished copying & hashing css path="style.css"
warning: unused import: `HtmlCanvasElement`
 --> src/components/spectrogram_webgl.rs:6:15
  |
6 | use web_sys::{HtmlCanvasElement, WebGl2RenderingContext};
  |               ^^^^^^^^^^^^^^^^^
  |
  = note: `#[warn(unused_imports)]` (part of `#[warn(unused)]`) on by default

warning: use of deprecated function `leptos::prelude::store_value`: This function is being removed to conform to Rust idioms. Please use `StoredValue::new()` or `StoredValue::new_local()` instead.
  --> src/components/spectrogram_webgl.rs:33:20
   |
33 |     let renderer = store_value(None::<SendWrapper<Waterfall3D>>);
   |                    ^^^^^^^^^^^
   |
   = note: `#[warn(deprecated)]` on by default

warning: use of deprecated function `leptos::prelude::create_rw_signal`: This function is being removed to conform to Rust idioms. Please use `RwSignal::new()` instead.
  --> src/components/spectrogram_webgl.rs:34:26
   |
34 |     let renderer_ready = create_rw_signal(false);
   |                          ^^^^^^^^^^^^^^^^

warning: use of deprecated function `leptos::prelude::create_rw_signal`: This function is being removed to conform to Rust idioms. Please use `RwSignal::new()` instead.
  --> src/components/spectrogram_webgl.rs:35:21
   |
35 |     let last_dims = create_rw_signal::<(i32,i32)>( (0,0) );
   |                     ^^^^^^^^^^^^^^^^

warning: use of deprecated function `leptos::prelude::create_rw_signal`: This function is being removed to conform to Rust idioms. Please use `RwSignal::new()` instead.
  --> src/components/spectrogram_webgl.rs:38:23
   |
38 |     let is_dragging = create_rw_signal(false);
   |                       ^^^^^^^^^^^^^^^^

warning: use of deprecated function `leptos::prelude::create_rw_signal`: This function is being removed to conform to Rust idioms. Please use `RwSignal::new()` instead.
  --> src/components/spectrogram_webgl.rs:39:26
   |
39 |     let last_mouse_pos = create_rw_signal::<(i32,i32)>( (0,0) );
   |                          ^^^^^^^^^^^^^^^^

warning: use of deprecated function `leptos::prelude::create_rw_signal`: This function is being removed to conform to Rust idioms. Please use `RwSignal::new()` instead.
  --> src/components/spectrogram_webgl.rs:40:21
   |
40 |     let drag_mode = create_rw_signal(0); // 0=rotate, 1=pan
   |                     ^^^^^^^^^^^^^^^^

warning: use of deprecated function `leptos::prelude::create_effect`: This function is being removed to conform to Rust idioms. Please use `Effect::new()` instead.
  --> src/components/spectrogram_webgl.rs:43:5
   |
43 |     create_effect(move |_| {
   |     ^^^^^^^^^^^^^

warning: use of deprecated function `leptos::prelude::create_effect`: This function is being removed to conform to Rust idioms. Please use `Effect::new()` instead.
  --> src/components/spectrogram_webgl.rs:70:5
   |
70 |     create_effect(move |_| {
   |     ^^^^^^^^^^^^^

warning: use of deprecated function `leptos::prelude::create_effect`: This function is being removed to conform to Rust idioms. Please use `Effect::new()` instead.
   --> src/components/spectrogram_webgl.rs:236:5
    |
236 |     create_effect(move |_| {
    |     ^^^^^^^^^^^^^

warning: `batchi` (lib) generated 10 warnings (run `cargo fix --lib -p batchi` to apply 1 suggestion)
    Finished `dev` profile [unoptimized + debuginfo] target(s) in 0.17s
2026-02-19T23:44:14.772201Z  INFO fetching cargo artifacts
2026-02-19T23:44:15.396073Z  INFO calling wasm-bindgen for batchi
2026-02-19T23:44:17.848029Z  INFO rust build complete
2026-02-19T23:44:17.850959Z  INFO applying new distribution
2026-02-19T23:44:17.853424Z  INFO ✅ success
2026-02-19T23:44:17.853461Z  INFO 📦 starting build
2026-02-19T23:44:17.853757Z  INFO spawning asset pipelines
2026-02-19T23:44:18.090628Z  INFO copying & hashing css path="style.css"
2026-02-19T23:44:18.090680Z  INFO building batchi
2026-02-19T23:44:18.091017Z  INFO finished copying & hashing css path="style.css"
warning: unused import: `HtmlCanvasElement`
 --> src/components/spectrogram_webgl.rs:6:15
  |
6 | use web_sys::{HtmlCanvasElement, WebGl2RenderingContext};
  |               ^^^^^^^^^^^^^^^^^
  |
  = note: `#[warn(unused_imports)]` (part of `#[warn(unused)]`) on by default

warning: use of deprecated function `leptos::prelude::store_value`: This function is being removed to conform to Rust idioms. Please use `StoredValue::new()` or `StoredValue::new_local()` instead.
  --> src/components/spectrogram_webgl.rs:33:20
   |
33 |     let renderer = store_value(None::<SendWrapper<Waterfall3D>>);
   |                    ^^^^^^^^^^^
   |
   = note: `#[warn(deprecated)]` on by default

warning: use of deprecated function `leptos::prelude::create_rw_signal`: This function is being removed to conform to Rust idioms. Please use `RwSignal::new()` instead.
  --> src/components/spectrogram_webgl.rs:34:26
   |
34 |     let renderer_ready = create_rw_signal(false);
   |                          ^^^^^^^^^^^^^^^^

warning: use of deprecated function `leptos::prelude::create_rw_signal`: This function is being removed to conform to Rust idioms. Please use `RwSignal::new()` instead.
  --> src/components/spectrogram_webgl.rs:35:21
   |
35 |     let last_dims = create_rw_signal::<(i32,i32)>( (0,0) );
   |                     ^^^^^^^^^^^^^^^^

warning: use of deprecated function `leptos::prelude::create_rw_signal`: This function is being removed to conform to Rust idioms. Please use `RwSignal::new()` instead.
  --> src/components/spectrogram_webgl.rs:38:23
   |
38 |     let is_dragging = create_rw_signal(false);
   |                       ^^^^^^^^^^^^^^^^

warning: use of deprecated function `leptos::prelude::create_rw_signal`: This function is being removed to conform to Rust idioms. Please use `RwSignal::new()` instead.
  --> src/components/spectrogram_webgl.rs:39:26
   |
39 |     let last_mouse_pos = create_rw_signal::<(i32,i32)>( (0,0) );
   |                          ^^^^^^^^^^^^^^^^

warning: use of deprecated function `leptos::prelude::create_rw_signal`: This function is being removed to conform to Rust idioms. Please use `RwSignal::new()` instead.
  --> src/components/spectrogram_webgl.rs:40:21
   |
40 |     let drag_mode = create_rw_signal(0); // 0=rotate, 1=pan
   |                     ^^^^^^^^^^^^^^^^

warning: use of deprecated function `leptos::prelude::create_effect`: This function is being removed to conform to Rust idioms. Please use `Effect::new()` instead.
  --> src/components/spectrogram_webgl.rs:43:5
   |
43 |     create_effect(move |_| {
   |     ^^^^^^^^^^^^^

warning: use of deprecated function `leptos::prelude::create_effect`: This function is being removed to conform to Rust idioms. Please use `Effect::new()` instead.
  --> src/components/spectrogram_webgl.rs:70:5
   |
70 |     create_effect(move |_| {
   |     ^^^^^^^^^^^^^

warning: use of deprecated function `leptos::prelude::create_effect`: This function is being removed to conform to Rust idioms. Please use `Effect::new()` instead.
   --> src/components/spectrogram_webgl.rs:236:5
    |
236 |     create_effect(move |_| {
    |     ^^^^^^^^^^^^^

warning: `batchi` (lib) generated 10 warnings (run `cargo fix --lib -p batchi` to apply 1 suggestion)
    Finished `dev` profile [unoptimized + debuginfo] target(s) in 0.16s
2026-02-19T23:44:18.344710Z  INFO fetching cargo artifacts
2026-02-19T23:44:18.975562Z  INFO calling wasm-bindgen for batchi
2026-02-19T23:44:21.469730Z  INFO rust build complete
2026-02-19T23:44:21.472103Z  INFO applying new distribution
2026-02-19T23:44:21.475204Z  INFO ✅ success
2026-02-19T23:44:21.475238Z  INFO 📦 starting build
2026-02-19T23:44:21.475543Z  INFO spawning asset pipelines
2026-02-19T23:44:21.718824Z  INFO copying & hashing css path="style.css"
2026-02-19T23:44:21.718869Z  INFO building batchi
2026-02-19T23:44:21.719267Z  INFO finished copying & hashing css path="style.css"
warning: unused import: `HtmlCanvasElement`
 --> src/components/spectrogram_webgl.rs:6:15
  |
6 | use web_sys::{HtmlCanvasElement, WebGl2RenderingContext};
  |               ^^^^^^^^^^^^^^^^^
  |
  = note: `#[warn(unused_imports)]` (part of `#[warn(unused)]`) on by default

warning: use of deprecated function `leptos::prelude::store_value`: This function is being removed to conform to Rust idioms. Please use `StoredValue::new()` or `StoredValue::new_local()` instead.
  --> src/components/spectrogram_webgl.rs:33:20
   |
33 |     let renderer = store_value(None::<SendWrapper<Waterfall3D>>);
   |                    ^^^^^^^^^^^
   |
   = note: `#[warn(deprecated)]` on by default

warning: use of deprecated function `leptos::prelude::create_rw_signal`: This function is being removed to conform to Rust idioms. Please use `RwSignal::new()` instead.
  --> src/components/spectrogram_webgl.rs:34:26
   |
34 |     let renderer_ready = create_rw_signal(false);
   |                          ^^^^^^^^^^^^^^^^

warning: use of deprecated function `leptos::prelude::create_rw_signal`: This function is being removed to conform to Rust idioms. Please use `RwSignal::new()` instead.
  --> src/components/spectrogram_webgl.rs:35:21
   |
35 |     let last_dims = create_rw_signal::<(i32,i32)>( (0,0) );
   |                     ^^^^^^^^^^^^^^^^

warning: use of deprecated function `leptos::prelude::create_rw_signal`: This function is being removed to conform to Rust idioms. Please use `RwSignal::new()` instead.
  --> src/components/spectrogram_webgl.rs:38:23
   |
38 |     let is_dragging = create_rw_signal(false);
   |                       ^^^^^^^^^^^^^^^^

warning: use of deprecated function `leptos::prelude::create_rw_signal`: This function is being removed to conform to Rust idioms. Please use `RwSignal::new()` instead.
  --> src/components/spectrogram_webgl.rs:39:26
   |
39 |     let last_mouse_pos = create_rw_signal::<(i32,i32)>( (0,0) );
   |                          ^^^^^^^^^^^^^^^^

warning: use of deprecated function `leptos::prelude::create_rw_signal`: This function is being removed to conform to Rust idioms. Please use `RwSignal::new()` instead.
  --> src/components/spectrogram_webgl.rs:40:21
   |
40 |     let drag_mode = create_rw_signal(0); // 0=rotate, 1=pan
   |                     ^^^^^^^^^^^^^^^^

warning: use of deprecated function `leptos::prelude::create_effect`: This function is being removed to conform to Rust idioms. Please use `Effect::new()` instead.
  --> src/components/spectrogram_webgl.rs:43:5
   |
43 |     create_effect(move |_| {
   |     ^^^^^^^^^^^^^

warning: use of deprecated function `leptos::prelude::create_effect`: This function is being removed to conform to Rust idioms. Please use `Effect::new()` instead.
  --> src/components/spectrogram_webgl.rs:70:5
   |
70 |     create_effect(move |_| {
   |     ^^^^^^^^^^^^^

warning: use of deprecated function `leptos::prelude::create_effect`: This function is being removed to conform to Rust idioms. Please use `Effect::new()` instead.
   --> src/components/spectrogram_webgl.rs:236:5
    |
236 |     create_effect(move |_| {
    |     ^^^^^^^^^^^^^

warning: `batchi` (lib) generated 10 warnings (run `cargo fix --lib -p batchi` to apply 1 suggestion)
    Finished `dev` profile [unoptimized + debuginfo] target(s) in 0.17s
2026-02-19T23:44:21.976912Z  INFO fetching cargo artifacts
2026-02-19T23:44:22.595817Z  INFO calling wasm-bindgen for batchi
2026-02-19T23:44:25.074797Z  INFO rust build complete
2026-02-19T23:44:25.077096Z  INFO applying new distribution
2026-02-19T23:44:25.079610Z  INFO ✅ success
2026-02-19T23:44:25.079648Z  INFO 📦 starting build
2026-02-19T23:44:25.079902Z  INFO spawning asset pipelines
2026-02-19T23:44:25.322562Z  INFO copying & hashing css path="style.css"
2026-02-19T23:44:25.322604Z  INFO building batchi
2026-02-19T23:44:25.322979Z  INFO finished copying & hashing css path="style.css"
warning: unused import: `HtmlCanvasElement`
 --> src/components/spectrogram_webgl.rs:6:15
  |
6 | use web_sys::{HtmlCanvasElement, WebGl2RenderingContext};
  |               ^^^^^^^^^^^^^^^^^
  |
  = note: `#[warn(unused_imports)]` (part of `#[warn(unused)]`) on by default

warning: use of deprecated function `leptos::prelude::store_value`: This function is being removed to conform to Rust idioms. Please use `StoredValue::new()` or `StoredValue::new_local()` instead.
  --> src/components/spectrogram_webgl.rs:33:20
   |
33 |     let renderer = store_value(None::<SendWrapper<Waterfall3D>>);
   |                    ^^^^^^^^^^^
   |
   = note: `#[warn(deprecated)]` on by default

warning: use of deprecated function `leptos::prelude::create_rw_signal`: This function is being removed to conform to Rust idioms. Please use `RwSignal::new()` instead.
  --> src/components/spectrogram_webgl.rs:34:26
   |
34 |     let renderer_ready = create_rw_signal(false);
   |                          ^^^^^^^^^^^^^^^^

warning: use of deprecated function `leptos::prelude::create_rw_signal`: This function is being removed to conform to Rust idioms. Please use `RwSignal::new()` instead.
  --> src/components/spectrogram_webgl.rs:35:21
   |
35 |     let last_dims = create_rw_signal::<(i32,i32)>( (0,0) );
   |                     ^^^^^^^^^^^^^^^^

warning: use of deprecated function `leptos::prelude::create_rw_signal`: This function is being removed to conform to Rust idioms. Please use `RwSignal::new()` instead.
  --> src/components/spectrogram_webgl.rs:38:23
   |
38 |     let is_dragging = create_rw_signal(false);
   |                       ^^^^^^^^^^^^^^^^

warning: use of deprecated function `leptos::prelude::create_rw_signal`: This function is being removed to conform to Rust idioms. Please use `RwSignal::new()` instead.
  --> src/components/spectrogram_webgl.rs:39:26
   |
39 |     let last_mouse_pos = create_rw_signal::<(i32,i32)>( (0,0) );
   |                          ^^^^^^^^^^^^^^^^

warning: use of deprecated function `leptos::prelude::create_rw_signal`: This function is being removed to conform to Rust idioms. Please use `RwSignal::new()` instead.
  --> src/components/spectrogram_webgl.rs:40:21
   |
40 |     let drag_mode = create_rw_signal(0); // 0=rotate, 1=pan
   |                     ^^^^^^^^^^^^^^^^

warning: use of deprecated function `leptos::prelude::create_effect`: This function is being removed to conform to Rust idioms. Please use `Effect::new()` instead.
  --> src/components/spectrogram_webgl.rs:43:5
   |
43 |     create_effect(move |_| {
   |     ^^^^^^^^^^^^^

warning: use of deprecated function `leptos::prelude::create_effect`: This function is being removed to conform to Rust idioms. Please use `Effect::new()` instead.
  --> src/components/spectrogram_webgl.rs:70:5
   |
70 |     create_effect(move |_| {
   |     ^^^^^^^^^^^^^

warning: use of deprecated function `leptos::prelude::create_effect`: This function is being removed to conform to Rust idioms. Please use `Effect::new()` instead.
   --> src/components/spectrogram_webgl.rs:236:5
    |
236 |     create_effect(move |_| {
    |     ^^^^^^^^^^^^^

warning: `batchi` (lib) generated 10 warnings (run `cargo fix --lib -p batchi` to apply 1 suggestion)
    Finished `dev` profile [unoptimized + debuginfo] target(s) in 0.17s
2026-02-19T23:44:25.582185Z  INFO fetching cargo artifacts
2026-02-19T23:44:26.203367Z  INFO calling wasm-bindgen for batchi
2026-02-19T23:44:28.692282Z  INFO rust build complete
2026-02-19T23:44:28.694820Z  INFO applying new distribution
2026-02-19T23:44:28.697039Z  INFO ✅ success
2026-02-19T23:44:28.697076Z  INFO 📦 starting build
2026-02-19T23:44:28.697343Z  INFO spawning asset pipelines
2026-02-19T23:44:28.936456Z  INFO copying & hashing css path="style.css"
2026-02-19T23:44:28.936542Z  INFO building batchi
2026-02-19T23:44:28.936814Z  INFO finished copying & hashing css path="style.css"
warning: unused import: `HtmlCanvasElement`
 --> src/components/spectrogram_webgl.rs:6:15
  |
6 | use web_sys::{HtmlCanvasElement, WebGl2RenderingContext};
  |               ^^^^^^^^^^^^^^^^^
  |
  = note: `#[warn(unused_imports)]` (part of `#[warn(unused)]`) on by default

warning: use of deprecated function `leptos::prelude::store_value`: This function is being removed to conform to Rust idioms. Please use `StoredValue::new()` or `StoredValue::new_local()` instead.
  --> src/components/spectrogram_webgl.rs:33:20
   |
33 |     let renderer = store_value(None::<SendWrapper<Waterfall3D>>);
   |                    ^^^^^^^^^^^
   |
   = note: `#[warn(deprecated)]` on by default

warning: use of deprecated function `leptos::prelude::create_rw_signal`: This function is being removed to conform to Rust idioms. Please use `RwSignal::new()` instead.
  --> src/components/spectrogram_webgl.rs:34:26
   |
34 |     let renderer_ready = create_rw_signal(false);
   |                          ^^^^^^^^^^^^^^^^

warning: use of deprecated function `leptos::prelude::create_rw_signal`: This function is being removed to conform to Rust idioms. Please use `RwSignal::new()` instead.
  --> src/components/spectrogram_webgl.rs:35:21
   |
35 |     let last_dims = create_rw_signal::<(i32,i32)>( (0,0) );
   |                     ^^^^^^^^^^^^^^^^

warning: use of deprecated function `leptos::prelude::create_rw_signal`: This function is being removed to conform to Rust idioms. Please use `RwSignal::new()` instead.
  --> src/components/spectrogram_webgl.rs:38:23
   |
38 |     let is_dragging = create_rw_signal(false);
   |                       ^^^^^^^^^^^^^^^^

warning: use of deprecated function `leptos::prelude::create_rw_signal`: This function is being removed to conform to Rust idioms. Please use `RwSignal::new()` instead.
  --> src/components/spectrogram_webgl.rs:39:26
   |
39 |     let last_mouse_pos = create_rw_signal::<(i32,i32)>( (0,0) );
   |                          ^^^^^^^^^^^^^^^^

warning: use of deprecated function `leptos::prelude::create_rw_signal`: This function is being removed to conform to Rust idioms. Please use `RwSignal::new()` instead.
  --> src/components/spectrogram_webgl.rs:40:21
   |
40 |     let drag_mode = create_rw_signal(0); // 0=rotate, 1=pan
   |                     ^^^^^^^^^^^^^^^^

warning: use of deprecated function `leptos::prelude::create_effect`: This function is being removed to conform to Rust idioms. Please use `Effect::new()` instead.
  --> src/components/spectrogram_webgl.rs:43:5
   |
43 |     create_effect(move |_| {
   |     ^^^^^^^^^^^^^

warning: use of deprecated function `leptos::prelude::create_effect`: This function is being removed to conform to Rust idioms. Please use `Effect::new()` instead.
  --> src/components/spectrogram_webgl.rs:70:5
   |
70 |     create_effect(move |_| {
   |     ^^^^^^^^^^^^^

warning: use of deprecated function `leptos::prelude::create_effect`: This function is being removed to conform to Rust idioms. Please use `Effect::new()` instead.
   --> src/components/spectrogram_webgl.rs:236:5
    |
236 |     create_effect(move |_| {
    |     ^^^^^^^^^^^^^

warning: `batchi` (lib) generated 10 warnings (run `cargo fix --lib -p batchi` to apply 1 suggestion)
    Finished `dev` profile [unoptimized + debuginfo] target(s) in 0.17s
2026-02-19T23:44:29.194064Z  INFO fetching cargo artifacts
2026-02-19T23:44:29.817758Z  INFO calling wasm-bindgen for batchi
2026-02-19T23:44:32.265864Z  INFO rust build complete
2026-02-19T23:44:32.268306Z  INFO applying new distribution
2026-02-19T23:44:32.270703Z  INFO ✅ success
2026-02-19T23:44:32.270737Z  INFO 📦 starting build
2026-02-19T23:44:32.271002Z  INFO spawning asset pipelines
2026-02-19T23:44:32.518505Z  INFO copying & hashing css path="style.css"
2026-02-19T23:44:32.518554Z  INFO building batchi
2026-02-19T23:44:32.518882Z  INFO finished copying & hashing css path="style.css"
warning: unused import: `HtmlCanvasElement`
 --> src/components/spectrogram_webgl.rs:6:15
  |
6 | use web_sys::{HtmlCanvasElement, WebGl2RenderingContext};
  |               ^^^^^^^^^^^^^^^^^
  |
  = note: `#[warn(unused_imports)]` (part of `#[warn(unused)]`) on by default

warning: use of deprecated function `leptos::prelude::store_value`: This function is being removed to conform to Rust idioms. Please use `StoredValue::new()` or `StoredValue::new_local()` instead.
  --> src/components/spectrogram_webgl.rs:33:20
   |
33 |     let renderer = store_value(None::<SendWrapper<Waterfall3D>>);
   |                    ^^^^^^^^^^^
   |
   = note: `#[warn(deprecated)]` on by default

warning: use of deprecated function `leptos::prelude::create_rw_signal`: This function is being removed to conform to Rust idioms. Please use `RwSignal::new()` instead.
  --> src/components/spectrogram_webgl.rs:34:26
   |
34 |     let renderer_ready = create_rw_signal(false);
   |                          ^^^^^^^^^^^^^^^^

warning: use of deprecated function `leptos::prelude::create_rw_signal`: This function is being removed to conform to Rust idioms. Please use `RwSignal::new()` instead.
  --> src/components/spectrogram_webgl.rs:35:21
   |
35 |     let last_dims = create_rw_signal::<(i32,i32)>( (0,0) );
   |                     ^^^^^^^^^^^^^^^^

warning: use of deprecated function `leptos::prelude::create_rw_signal`: This function is being removed to conform to Rust idioms. Please use `RwSignal::new()` instead.
  --> src/components/spectrogram_webgl.rs:38:23
   |
38 |     let is_dragging = create_rw_signal(false);
   |                       ^^^^^^^^^^^^^^^^

warning: use of deprecated function `leptos::prelude::create_rw_signal`: This function is being removed to conform to Rust idioms. Please use `RwSignal::new()` instead.
  --> src/components/spectrogram_webgl.rs:39:26
   |
39 |     let last_mouse_pos = create_rw_signal::<(i32,i32)>( (0,0) );
   |                          ^^^^^^^^^^^^^^^^

warning: use of deprecated function `leptos::prelude::create_rw_signal`: This function is being removed to conform to Rust idioms. Please use `RwSignal::new()` instead.
  --> src/components/spectrogram_webgl.rs:40:21
   |
40 |     let drag_mode = create_rw_signal(0); // 0=rotate, 1=pan
   |                     ^^^^^^^^^^^^^^^^

warning: use of deprecated function `leptos::prelude::create_effect`: This function is being removed to conform to Rust idioms. Please use `Effect::new()` instead.
  --> src/components/spectrogram_webgl.rs:43:5
   |
43 |     create_effect(move |_| {
   |     ^^^^^^^^^^^^^

warning: use of deprecated function `leptos::prelude::create_effect`: This function is being removed to conform to Rust idioms. Please use `Effect::new()` instead.
  --> src/components/spectrogram_webgl.rs:70:5
   |
70 |     create_effect(move |_| {
   |     ^^^^^^^^^^^^^

warning: use of deprecated function `leptos::prelude::create_effect`: This function is being removed to conform to Rust idioms. Please use `Effect::new()` instead.
   --> src/components/spectrogram_webgl.rs:236:5
    |
236 |     create_effect(move |_| {
    |     ^^^^^^^^^^^^^

warning: `batchi` (lib) generated 10 warnings (run `cargo fix --lib -p batchi` to apply 1 suggestion)
    Finished `dev` profile [unoptimized + debuginfo] target(s) in 0.17s
2026-02-19T23:44:32.778130Z  INFO fetching cargo artifacts
2026-02-19T23:44:33.397307Z  INFO calling wasm-bindgen for batchi
2026-02-19T23:44:35.875051Z  INFO rust build complete
2026-02-19T23:44:35.877671Z  INFO applying new distribution
2026-02-19T23:44:35.880020Z  INFO ✅ success
2026-02-19T23:44:35.880050Z  INFO 📦 starting build
2026-02-19T23:44:35.880867Z  INFO spawning asset pipelines
2026-02-19T23:44:36.120715Z  INFO copying & hashing css path="style.css"
2026-02-19T23:44:36.120791Z  INFO building batchi
2026-02-19T23:44:36.121159Z  INFO finished copying & hashing css path="style.css"
warning: unused import: `HtmlCanvasElement`
 --> src/components/spectrogram_webgl.rs:6:15
  |
6 | use web_sys::{HtmlCanvasElement, WebGl2RenderingContext};
  |               ^^^^^^^^^^^^^^^^^
  |
  = note: `#[warn(unused_imports)]` (part of `#[warn(unused)]`) on by default

warning: use of deprecated function `leptos::prelude::store_value`: This function is being removed to conform to Rust idioms. Please use `StoredValue::new()` or `StoredValue::new_local()` instead.
  --> src/components/spectrogram_webgl.rs:33:20
   |
33 |     let renderer = store_value(None::<SendWrapper<Waterfall3D>>);
   |                    ^^^^^^^^^^^
   |
   = note: `#[warn(deprecated)]` on by default

warning: use of deprecated function `leptos::prelude::create_rw_signal`: This function is being removed to conform to Rust idioms. Please use `RwSignal::new()` instead.
  --> src/components/spectrogram_webgl.rs:34:26
   |
34 |     let renderer_ready = create_rw_signal(false);
   |                          ^^^^^^^^^^^^^^^^

warning: use of deprecated function `leptos::prelude::create_rw_signal`: This function is being removed to conform to Rust idioms. Please use `RwSignal::new()` instead.
  --> src/components/spectrogram_webgl.rs:35:21
   |
35 |     let last_dims = create_rw_signal::<(i32,i32)>( (0,0) );
   |                     ^^^^^^^^^^^^^^^^

warning: use of deprecated function `leptos::prelude::create_rw_signal`: This function is being removed to conform to Rust idioms. Please use `RwSignal::new()` instead.
  --> src/components/spectrogram_webgl.rs:38:23
   |
38 |     let is_dragging = create_rw_signal(false);
   |                       ^^^^^^^^^^^^^^^^

warning: use of deprecated function `leptos::prelude::create_rw_signal`: This function is being removed to conform to Rust idioms. Please use `RwSignal::new()` instead.
  --> src/components/spectrogram_webgl.rs:39:26
   |
39 |     let last_mouse_pos = create_rw_signal::<(i32,i32)>( (0,0) );
   |                          ^^^^^^^^^^^^^^^^

warning: use of deprecated function `leptos::prelude::create_rw_signal`: This function is being removed to conform to Rust idioms. Please use `RwSignal::new()` instead.
  --> src/components/spectrogram_webgl.rs:40:21
   |
40 |     let drag_mode = create_rw_signal(0); // 0=rotate, 1=pan
   |                     ^^^^^^^^^^^^^^^^

warning: use of deprecated function `leptos::prelude::create_effect`: This function is being removed to conform to Rust idioms. Please use `Effect::new()` instead.
  --> src/components/spectrogram_webgl.rs:43:5
   |
43 |     create_effect(move |_| {
   |     ^^^^^^^^^^^^^

warning: use of deprecated function `leptos::prelude::create_effect`: This function is being removed to conform to Rust idioms. Please use `Effect::new()` instead.
  --> src/components/spectrogram_webgl.rs:70:5
   |
70 |     create_effect(move |_| {
   |     ^^^^^^^^^^^^^

warning: use of deprecated function `leptos::prelude::create_effect`: This function is being removed to conform to Rust idioms. Please use `Effect::new()` instead.
   --> src/components/spectrogram_webgl.rs:236:5
    |
236 |     create_effect(move |_| {
    |     ^^^^^^^^^^^^^

warning: `batchi` (lib) generated 10 warnings (run `cargo fix --lib -p batchi` to apply 1 suggestion)
    Finished `dev` profile [unoptimized + debuginfo] target(s) in 0.17s
2026-02-19T23:44:36.381484Z  INFO fetching cargo artifacts
2026-02-19T23:44:37.005146Z  INFO calling wasm-bindgen for batchi
2026-02-19T23:44:39.448365Z  INFO rust build complete
2026-02-19T23:44:39.450739Z  INFO applying new distribution
2026-02-19T23:44:39.453235Z  INFO ✅ success
2026-02-19T23:44:39.453264Z  INFO 📦 starting build
2026-02-19T23:44:39.453620Z  INFO spawning asset pipelines
2026-02-19T23:44:39.697330Z  INFO copying & hashing css path="style.css"
2026-02-19T23:44:39.697406Z  INFO building batchi
2026-02-19T23:44:39.697755Z  INFO finished copying & hashing css path="style.css"
warning: unused import: `HtmlCanvasElement`
 --> src/components/spectrogram_webgl.rs:6:15
  |
6 | use web_sys::{HtmlCanvasElement, WebGl2RenderingContext};
  |               ^^^^^^^^^^^^^^^^^
  |
  = note: `#[warn(unused_imports)]` (part of `#[warn(unused)]`) on by default

warning: use of deprecated function `leptos::prelude::store_value`: This function is being removed to conform to Rust idioms. Please use `StoredValue::new()` or `StoredValue::new_local()` instead.
  --> src/components/spectrogram_webgl.rs:33:20
   |
33 |     let renderer = store_value(None::<SendWrapper<Waterfall3D>>);
   |                    ^^^^^^^^^^^
   |
   = note: `#[warn(deprecated)]` on by default

warning: use of deprecated function `leptos::prelude::create_rw_signal`: This function is being removed to conform to Rust idioms. Please use `RwSignal::new()` instead.
  --> src/components/spectrogram_webgl.rs:34:26
   |
34 |     let renderer_ready = create_rw_signal(false);
   |                          ^^^^^^^^^^^^^^^^

warning: use of deprecated function `leptos::prelude::create_rw_signal`: This function is being removed to conform to Rust idioms. Please use `RwSignal::new()` instead.
  --> src/components/spectrogram_webgl.rs:35:21
   |
35 |     let last_dims = create_rw_signal::<(i32,i32)>( (0,0) );
   |                     ^^^^^^^^^^^^^^^^

warning: use of deprecated function `leptos::prelude::create_rw_signal`: This function is being removed to conform to Rust idioms. Please use `RwSignal::new()` instead.
  --> src/components/spectrogram_webgl.rs:38:23
   |
38 |     let is_dragging = create_rw_signal(false);
   |                       ^^^^^^^^^^^^^^^^

warning: use of deprecated function `leptos::prelude::create_rw_signal`: This function is being removed to conform to Rust idioms. Please use `RwSignal::new()` instead.
  --> src/components/spectrogram_webgl.rs:39:26
   |
39 |     let last_mouse_pos = create_rw_signal::<(i32,i32)>( (0,0) );
   |                          ^^^^^^^^^^^^^^^^

warning: use of deprecated function `leptos::prelude::create_rw_signal`: This function is being removed to conform to Rust idioms. Please use `RwSignal::new()` instead.
  --> src/components/spectrogram_webgl.rs:40:21
   |
40 |     let drag_mode = create_rw_signal(0); // 0=rotate, 1=pan
   |                     ^^^^^^^^^^^^^^^^

warning: use of deprecated function `leptos::prelude::create_effect`: This function is being removed to conform to Rust idioms. Please use `Effect::new()` instead.
  --> src/components/spectrogram_webgl.rs:43:5
   |
43 |     create_effect(move |_| {
   |     ^^^^^^^^^^^^^

warning: use of deprecated function `leptos::prelude::create_effect`: This function is being removed to conform to Rust idioms. Please use `Effect::new()` instead.
  --> src/components/spectrogram_webgl.rs:70:5
   |
70 |     create_effect(move |_| {
   |     ^^^^^^^^^^^^^

warning: use of deprecated function `leptos::prelude::create_effect`: This function is being removed to conform to Rust idioms. Please use `Effect::new()` instead.
   --> src/components/spectrogram_webgl.rs:236:5
    |
236 |     create_effect(move |_| {
    |     ^^^^^^^^^^^^^

warning: `batchi` (lib) generated 10 warnings (run `cargo fix --lib -p batchi` to apply 1 suggestion)
    Finished `dev` profile [unoptimized + debuginfo] target(s) in 0.17s
2026-02-19T23:44:39.954724Z  INFO fetching cargo artifacts
2026-02-19T23:44:40.579369Z  INFO calling wasm-bindgen for batchi
2026-02-19T23:44:43.040187Z  INFO rust build complete
2026-02-19T23:44:43.042711Z  INFO applying new distribution
2026-02-19T23:44:43.045097Z  INFO ✅ success
2026-02-19T23:44:43.045127Z  INFO 📦 starting build
2026-02-19T23:44:43.045467Z  INFO spawning asset pipelines
2026-02-19T23:44:43.288598Z  INFO copying & hashing css path="style.css"
2026-02-19T23:44:43.288662Z  INFO building batchi
2026-02-19T23:44:43.289056Z  INFO finished copying & hashing css path="style.css"
warning: unused import: `HtmlCanvasElement`
 --> src/components/spectrogram_webgl.rs:6:15
  |
6 | use web_sys::{HtmlCanvasElement, WebGl2RenderingContext};
  |               ^^^^^^^^^^^^^^^^^
  |
  = note: `#[warn(unused_imports)]` (part of `#[warn(unused)]`) on by default

warning: use of deprecated function `leptos::prelude::store_value`: This function is being removed to conform to Rust idioms. Please use `StoredValue::new()` or `StoredValue::new_local()` instead.
  --> src/components/spectrogram_webgl.rs:33:20
   |
33 |     let renderer = store_value(None::<SendWrapper<Waterfall3D>>);
   |                    ^^^^^^^^^^^
   |
   = note: `#[warn(deprecated)]` on by default

warning: use of deprecated function `leptos::prelude::create_rw_signal`: This function is being removed to conform to Rust idioms. Please use `RwSignal::new()` instead.
  --> src/components/spectrogram_webgl.rs:34:26
   |
34 |     let renderer_ready = create_rw_signal(false);
   |                          ^^^^^^^^^^^^^^^^

warning: use of deprecated function `leptos::prelude::create_rw_signal`: This function is being removed to conform to Rust idioms. Please use `RwSignal::new()` instead.
  --> src/components/spectrogram_webgl.rs:35:21
   |
35 |     let last_dims = create_rw_signal::<(i32,i32)>( (0,0) );
   |                     ^^^^^^^^^^^^^^^^

warning: use of deprecated function `leptos::prelude::create_rw_signal`: This function is being removed to conform to Rust idioms. Please use `RwSignal::new()` instead.
  --> src/components/spectrogram_webgl.rs:38:23
   |
38 |     let is_dragging = create_rw_signal(false);
   |                       ^^^^^^^^^^^^^^^^

warning: use of deprecated function `leptos::prelude::create_rw_signal`: This function is being removed to conform to Rust idioms. Please use `RwSignal::new()` instead.
  --> src/components/spectrogram_webgl.rs:39:26
   |
39 |     let last_mouse_pos = create_rw_signal::<(i32,i32)>( (0,0) );
   |                          ^^^^^^^^^^^^^^^^

warning: use of deprecated function `leptos::prelude::create_rw_signal`: This function is being removed to conform to Rust idioms. Please use `RwSignal::new()` instead.
  --> src/components/spectrogram_webgl.rs:40:21
   |
40 |     let drag_mode = create_rw_signal(0); // 0=rotate, 1=pan
   |                     ^^^^^^^^^^^^^^^^

warning: use of deprecated function `leptos::prelude::create_effect`: This function is being removed to conform to Rust idioms. Please use `Effect::new()` instead.
  --> src/components/spectrogram_webgl.rs:43:5
   |
43 |     create_effect(move |_| {
   |     ^^^^^^^^^^^^^

warning: use of deprecated function `leptos::prelude::create_effect`: This function is being removed to conform to Rust idioms. Please use `Effect::new()` instead.
  --> src/components/spectrogram_webgl.rs:70:5
   |
70 |     create_effect(move |_| {
   |     ^^^^^^^^^^^^^

warning: use of deprecated function `leptos::prelude::create_effect`: This function is being removed to conform to Rust idioms. Please use `Effect::new()` instead.
   --> src/components/spectrogram_webgl.rs:236:5
    |
236 |     create_effect(move |_| {
    |     ^^^^^^^^^^^^^

warning: `batchi` (lib) generated 10 warnings (run `cargo fix --lib -p batchi` to apply 1 suggestion)
    Finished `dev` profile [unoptimized + debuginfo] target(s) in 0.17s
2026-02-19T23:44:43.546171Z  INFO fetching cargo artifacts
2026-02-19T23:44:44.172216Z  INFO calling wasm-bindgen for batchi
2026-02-19T23:44:46.594768Z  INFO rust build complete
2026-02-19T23:44:46.596922Z  INFO applying new distribution
2026-02-19T23:44:46.599772Z  INFO ✅ success
2026-02-19T23:44:46.599804Z  INFO 📦 starting build
2026-02-19T23:44:46.600049Z  INFO spawning asset pipelines
2026-02-19T23:44:46.843527Z  INFO copying & hashing css path="style.css"
2026-02-19T23:44:46.843590Z  INFO building batchi
2026-02-19T23:44:46.843954Z  INFO finished copying & hashing css path="style.css"
warning: unused import: `HtmlCanvasElement`
 --> src/components/spectrogram_webgl.rs:6:15
  |
6 | use web_sys::{HtmlCanvasElement, WebGl2RenderingContext};
  |               ^^^^^^^^^^^^^^^^^
  |
  = note: `#[warn(unused_imports)]` (part of `#[warn(unused)]`) on by default

warning: use of deprecated function `leptos::prelude::store_value`: This function is being removed to conform to Rust idioms. Please use `StoredValue::new()` or `StoredValue::new_local()` instead.
  --> src/components/spectrogram_webgl.rs:33:20
   |
33 |     let renderer = store_value(None::<SendWrapper<Waterfall3D>>);
   |                    ^^^^^^^^^^^
   |
   = note: `#[warn(deprecated)]` on by default

warning: use of deprecated function `leptos::prelude::create_rw_signal`: This function is being removed to conform to Rust idioms. Please use `RwSignal::new()` instead.
  --> src/components/spectrogram_webgl.rs:34:26
   |
34 |     let renderer_ready = create_rw_signal(false);
   |                          ^^^^^^^^^^^^^^^^

warning: use of deprecated function `leptos::prelude::create_rw_signal`: This function is being removed to conform to Rust idioms. Please use `RwSignal::new()` instead.
  --> src/components/spectrogram_webgl.rs:35:21
   |
35 |     let last_dims = create_rw_signal::<(i32,i32)>( (0,0) );
   |                     ^^^^^^^^^^^^^^^^

warning: use of deprecated function `leptos::prelude::create_rw_signal`: This function is being removed to conform to Rust idioms. Please use `RwSignal::new()` instead.
  --> src/components/spectrogram_webgl.rs:38:23
   |
38 |     let is_dragging = create_rw_signal(false);
   |                       ^^^^^^^^^^^^^^^^

warning: use of deprecated function `leptos::prelude::create_rw_signal`: This function is being removed to conform to Rust idioms. Please use `RwSignal::new()` instead.
  --> src/components/spectrogram_webgl.rs:39:26
   |
39 |     let last_mouse_pos = create_rw_signal::<(i32,i32)>( (0,0) );
   |                          ^^^^^^^^^^^^^^^^

warning: use of deprecated function `leptos::prelude::create_rw_signal`: This function is being removed to conform to Rust idioms. Please use `RwSignal::new()` instead.
  --> src/components/spectrogram_webgl.rs:40:21
   |
40 |     let drag_mode = create_rw_signal(0); // 0=rotate, 1=pan
   |                     ^^^^^^^^^^^^^^^^

warning: use of deprecated function `leptos::prelude::create_effect`: This function is being removed to conform to Rust idioms. Please use `Effect::new()` instead.
  --> src/components/spectrogram_webgl.rs:43:5
   |
43 |     create_effect(move |_| {
   |     ^^^^^^^^^^^^^

warning: use of deprecated function `leptos::prelude::create_effect`: This function is being removed to conform to Rust idioms. Please use `Effect::new()` instead.
  --> src/components/spectrogram_webgl.rs:70:5
   |
70 |     create_effect(move |_| {
   |     ^^^^^^^^^^^^^

warning: use of deprecated function `leptos::prelude::create_effect`: This function is being removed to conform to Rust idioms. Please use `Effect::new()` instead.
   --> src/components/spectrogram_webgl.rs:236:5
    |
236 |     create_effect(move |_| {
    |     ^^^^^^^^^^^^^

warning: `batchi` (lib) generated 10 warnings (run `cargo fix --lib -p batchi` to apply 1 suggestion)
    Finished `dev` profile [unoptimized + debuginfo] target(s) in 0.17s
2026-02-19T23:44:47.106151Z  INFO fetching cargo artifacts
2026-02-19T23:44:47.732027Z  INFO calling wasm-bindgen for batchi
2026-02-19T23:44:50.217908Z  INFO rust build complete
2026-02-19T23:44:50.220238Z  INFO applying new distribution
2026-02-19T23:44:50.222580Z  INFO ✅ success
2026-02-19T23:44:50.222617Z  INFO 📦 starting build
2026-02-19T23:44:50.222942Z  INFO spawning asset pipelines
2026-02-19T23:44:50.464359Z  INFO copying & hashing css path="style.css"
2026-02-19T23:44:50.464448Z  INFO building batchi
2026-02-19T23:44:50.464880Z  INFO finished copying & hashing css path="style.css"
warning: unused import: `HtmlCanvasElement`
 --> src/components/spectrogram_webgl.rs:6:15
  |
6 | use web_sys::{HtmlCanvasElement, WebGl2RenderingContext};
  |               ^^^^^^^^^^^^^^^^^
  |
  = note: `#[warn(unused_imports)]` (part of `#[warn(unused)]`) on by default

warning: use of deprecated function `leptos::prelude::store_value`: This function is being removed to conform to Rust idioms. Please use `StoredValue::new()` or `StoredValue::new_local()` instead.
  --> src/components/spectrogram_webgl.rs:33:20
   |
33 |     let renderer = store_value(None::<SendWrapper<Waterfall3D>>);
   |                    ^^^^^^^^^^^
   |
   = note: `#[warn(deprecated)]` on by default

warning: use of deprecated function `leptos::prelude::create_rw_signal`: This function is being removed to conform to Rust idioms. Please use `RwSignal::new()` instead.
  --> src/components/spectrogram_webgl.rs:34:26
   |
34 |     let renderer_ready = create_rw_signal(false);
   |                          ^^^^^^^^^^^^^^^^

warning: use of deprecated function `leptos::prelude::create_rw_signal`: This function is being removed to conform to Rust idioms. Please use `RwSignal::new()` instead.
  --> src/components/spectrogram_webgl.rs:35:21
   |
35 |     let last_dims = create_rw_signal::<(i32,i32)>( (0,0) );
   |                     ^^^^^^^^^^^^^^^^

warning: use of deprecated function `leptos::prelude::create_rw_signal`: This function is being removed to conform to Rust idioms. Please use `RwSignal::new()` instead.
  --> src/components/spectrogram_webgl.rs:38:23
   |
38 |     let is_dragging = create_rw_signal(false);
   |                       ^^^^^^^^^^^^^^^^

warning: use of deprecated function `leptos::prelude::create_rw_signal`: This function is being removed to conform to Rust idioms. Please use `RwSignal::new()` instead.
  --> src/components/spectrogram_webgl.rs:39:26
   |
39 |     let last_mouse_pos = create_rw_signal::<(i32,i32)>( (0,0) );
   |                          ^^^^^^^^^^^^^^^^

warning: use of deprecated function `leptos::prelude::create_rw_signal`: This function is being removed to conform to Rust idioms. Please use `RwSignal::new()` instead.
  --> src/components/spectrogram_webgl.rs:40:21
   |
40 |     let drag_mode = create_rw_signal(0); // 0=rotate, 1=pan
   |                     ^^^^^^^^^^^^^^^^

warning: use of deprecated function `leptos::prelude::create_effect`: This function is being removed to conform to Rust idioms. Please use `Effect::new()` instead.
  --> src/components/spectrogram_webgl.rs:43:5
   |
43 |     create_effect(move |_| {
   |     ^^^^^^^^^^^^^

warning: use of deprecated function `leptos::prelude::create_effect`: This function is being removed to conform to Rust idioms. Please use `Effect::new()` instead.
  --> src/components/spectrogram_webgl.rs:70:5
   |
70 |     create_effect(move |_| {
   |     ^^^^^^^^^^^^^

warning: use of deprecated function `leptos::prelude::create_effect`: This function is being removed to conform to Rust idioms. Please use `Effect::new()` instead.
   --> src/components/spectrogram_webgl.rs:236:5
    |
236 |     create_effect(move |_| {
    |     ^^^^^^^^^^^^^

warning: `batchi` (lib) generated 10 warnings (run `cargo fix --lib -p batchi` to apply 1 suggestion)
    Finished `dev` profile [unoptimized + debuginfo] target(s) in 0.17s
2026-02-19T23:44:50.721497Z  INFO fetching cargo artifacts
2026-02-19T23:44:51.348225Z  INFO calling wasm-bindgen for batchi
2026-02-19T23:44:53.764677Z  INFO rust build complete
2026-02-19T23:44:53.767022Z  INFO applying new distribution
2026-02-19T23:44:53.769426Z  INFO ✅ success
2026-02-19T23:44:53.769465Z  INFO 📦 starting build
2026-02-19T23:44:53.769753Z  INFO spawning asset pipelines
2026-02-19T23:44:54.015025Z  INFO copying & hashing css path="style.css"
2026-02-19T23:44:54.015101Z  INFO building batchi
2026-02-19T23:44:54.015461Z  INFO finished copying & hashing css path="style.css"
warning: unused import: `HtmlCanvasElement`
 --> src/components/spectrogram_webgl.rs:6:15
  |
6 | use web_sys::{HtmlCanvasElement, WebGl2RenderingContext};
  |               ^^^^^^^^^^^^^^^^^
  |
  = note: `#[warn(unused_imports)]` (part of `#[warn(unused)]`) on by default

warning: use of deprecated function `leptos::prelude::store_value`: This function is being removed to conform to Rust idioms. Please use `StoredValue::new()` or `StoredValue::new_local()` instead.
  --> src/components/spectrogram_webgl.rs:33:20
   |
33 |     let renderer = store_value(None::<SendWrapper<Waterfall3D>>);
   |                    ^^^^^^^^^^^
   |
   = note: `#[warn(deprecated)]` on by default

warning: use of deprecated function `leptos::prelude::create_rw_signal`: This function is being removed to conform to Rust idioms. Please use `RwSignal::new()` instead.
  --> src/components/spectrogram_webgl.rs:34:26
   |
34 |     let renderer_ready = create_rw_signal(false);
   |                          ^^^^^^^^^^^^^^^^

warning: use of deprecated function `leptos::prelude::create_rw_signal`: This function is being removed to conform to Rust idioms. Please use `RwSignal::new()` instead.
  --> src/components/spectrogram_webgl.rs:35:21
   |
35 |     let last_dims = create_rw_signal::<(i32,i32)>( (0,0) );
   |                     ^^^^^^^^^^^^^^^^

warning: use of deprecated function `leptos::prelude::create_rw_signal`: This function is being removed to conform to Rust idioms. Please use `RwSignal::new()` instead.
  --> src/components/spectrogram_webgl.rs:38:23
   |
38 |     let is_dragging = create_rw_signal(false);
   |                       ^^^^^^^^^^^^^^^^

warning: use of deprecated function `leptos::prelude::create_rw_signal`: This function is being removed to conform to Rust idioms. Please use `RwSignal::new()` instead.
  --> src/components/spectrogram_webgl.rs:39:26
   |
39 |     let last_mouse_pos = create_rw_signal::<(i32,i32)>( (0,0) );
   |                          ^^^^^^^^^^^^^^^^

warning: use of deprecated function `leptos::prelude::create_rw_signal`: This function is being removed to conform to Rust idioms. Please use `RwSignal::new()` instead.
  --> src/components/spectrogram_webgl.rs:40:21
   |
40 |     let drag_mode = create_rw_signal(0); // 0=rotate, 1=pan
   |                     ^^^^^^^^^^^^^^^^

warning: use of deprecated function `leptos::prelude::create_effect`: This function is being removed to conform to Rust idioms. Please use `Effect::new()` instead.
  --> src/components/spectrogram_webgl.rs:43:5
   |
43 |     create_effect(move |_| {
   |     ^^^^^^^^^^^^^

warning: use of deprecated function `leptos::prelude::create_effect`: This function is being removed to conform to Rust idioms. Please use `Effect::new()` instead.
  --> src/components/spectrogram_webgl.rs:70:5
   |
70 |     create_effect(move |_| {
   |     ^^^^^^^^^^^^^

warning: use of deprecated function `leptos::prelude::create_effect`: This function is being removed to conform to Rust idioms. Please use `Effect::new()` instead.
   --> src/components/spectrogram_webgl.rs:236:5
    |
236 |     create_effect(move |_| {
    |     ^^^^^^^^^^^^^

warning: `batchi` (lib) generated 10 warnings (run `cargo fix --lib -p batchi` to apply 1 suggestion)
    Finished `dev` profile [unoptimized + debuginfo] target(s) in 0.17s
2026-02-19T23:44:54.273091Z  INFO fetching cargo artifacts
2026-02-19T23:44:54.893444Z  INFO calling wasm-bindgen for batchi
2026-02-19T23:44:57.334279Z  INFO rust build complete
2026-02-19T23:44:57.336639Z  INFO applying new distribution
2026-02-19T23:44:57.339012Z  INFO ✅ success
2026-02-19T23:44:57.339050Z  INFO 📦 starting build
2026-02-19T23:44:57.339400Z  INFO spawning asset pipelines
2026-02-19T23:44:57.581957Z  INFO copying & hashing css path="style.css"
2026-02-19T23:44:57.581998Z  INFO building batchi
2026-02-19T23:44:57.582402Z  INFO finished copying & hashing css path="style.css"
warning: unused import: `HtmlCanvasElement`
 --> src/components/spectrogram_webgl.rs:6:15
  |
6 | use web_sys::{HtmlCanvasElement, WebGl2RenderingContext};
  |               ^^^^^^^^^^^^^^^^^
  |
  = note: `#[warn(unused_imports)]` (part of `#[warn(unused)]`) on by default

warning: use of deprecated function `leptos::prelude::store_value`: This function is being removed to conform to Rust idioms. Please use `StoredValue::new()` or `StoredValue::new_local()` instead.
  --> src/components/spectrogram_webgl.rs:33:20
   |
33 |     let renderer = store_value(None::<SendWrapper<Waterfall3D>>);
   |                    ^^^^^^^^^^^
   |
   = note: `#[warn(deprecated)]` on by default

warning: use of deprecated function `leptos::prelude::create_rw_signal`: This function is being removed to conform to Rust idioms. Please use `RwSignal::new()` instead.
  --> src/components/spectrogram_webgl.rs:34:26
   |
34 |     let renderer_ready = create_rw_signal(false);
   |                          ^^^^^^^^^^^^^^^^

warning: use of deprecated function `leptos::prelude::create_rw_signal`: This function is being removed to conform to Rust idioms. Please use `RwSignal::new()` instead.
  --> src/components/spectrogram_webgl.rs:35:21
   |
35 |     let last_dims = create_rw_signal::<(i32,i32)>( (0,0) );
   |                     ^^^^^^^^^^^^^^^^

warning: use of deprecated function `leptos::prelude::create_rw_signal`: This function is being removed to conform to Rust idioms. Please use `RwSignal::new()` instead.
  --> src/components/spectrogram_webgl.rs:38:23
   |
38 |     let is_dragging = create_rw_signal(false);
   |                       ^^^^^^^^^^^^^^^^

warning: use of deprecated function `leptos::prelude::create_rw_signal`: This function is being removed to conform to Rust idioms. Please use `RwSignal::new()` instead.
  --> src/components/spectrogram_webgl.rs:39:26
   |
39 |     let last_mouse_pos = create_rw_signal::<(i32,i32)>( (0,0) );
   |                          ^^^^^^^^^^^^^^^^

warning: use of deprecated function `leptos::prelude::create_rw_signal`: This function is being removed to conform to Rust idioms. Please use `RwSignal::new()` instead.
  --> src/components/spectrogram_webgl.rs:40:21
   |
40 |     let drag_mode = create_rw_signal(0); // 0=rotate, 1=pan
   |                     ^^^^^^^^^^^^^^^^

warning: use of deprecated function `leptos::prelude::create_effect`: This function is being removed to conform to Rust idioms. Please use `Effect::new()` instead.
  --> src/components/spectrogram_webgl.rs:43:5
   |
43 |     create_effect(move |_| {
   |     ^^^^^^^^^^^^^

warning: use of deprecated function `leptos::prelude::create_effect`: This function is being removed to conform to Rust idioms. Please use `Effect::new()` instead.
  --> src/components/spectrogram_webgl.rs:70:5
   |
70 |     create_effect(move |_| {
   |     ^^^^^^^^^^^^^

warning: use of deprecated function `leptos::prelude::create_effect`: This function is being removed to conform to Rust idioms. Please use `Effect::new()` instead.
   --> src/components/spectrogram_webgl.rs:236:5
    |
236 |     create_effect(move |_| {
    |     ^^^^^^^^^^^^^

warning: `batchi` (lib) generated 10 warnings (run `cargo fix --lib -p batchi` to apply 1 suggestion)
    Finished `dev` profile [unoptimized + debuginfo] target(s) in 0.17s
2026-02-19T23:44:57.838532Z  INFO fetching cargo artifacts
2026-02-19T23:44:58.463584Z  INFO calling wasm-bindgen for batchi
2026-02-19T23:45:00.967091Z  INFO rust build complete
2026-02-19T23:45:00.969462Z  INFO applying new distribution
2026-02-19T23:45:00.972069Z  INFO ✅ success
2026-02-19T23:45:00.972100Z  INFO 📦 starting build
2026-02-19T23:45:00.972383Z  INFO spawning asset pipelines
2026-02-19T23:45:01.215855Z  INFO copying & hashing css path="style.css"
2026-02-19T23:45:01.215904Z  INFO building batchi
2026-02-19T23:45:01.216340Z  INFO finished copying & hashing css path="style.css"
warning: unused import: `HtmlCanvasElement`
 --> src/components/spectrogram_webgl.rs:6:15
  |
6 | use web_sys::{HtmlCanvasElement, WebGl2RenderingContext};
  |               ^^^^^^^^^^^^^^^^^
  |
  = note: `#[warn(unused_imports)]` (part of `#[warn(unused)]`) on by default

warning: use of deprecated function `leptos::prelude::store_value`: This function is being removed to conform to Rust idioms. Please use `StoredValue::new()` or `StoredValue::new_local()` instead.
  --> src/components/spectrogram_webgl.rs:33:20
   |
33 |     let renderer = store_value(None::<SendWrapper<Waterfall3D>>);
   |                    ^^^^^^^^^^^
   |
   = note: `#[warn(deprecated)]` on by default

warning: use of deprecated function `leptos::prelude::create_rw_signal`: This function is being removed to conform to Rust idioms. Please use `RwSignal::new()` instead.
  --> src/components/spectrogram_webgl.rs:34:26
   |
34 |     let renderer_ready = create_rw_signal(false);
   |                          ^^^^^^^^^^^^^^^^

warning: use of deprecated function `leptos::prelude::create_rw_signal`: This function is being removed to conform to Rust idioms. Please use `RwSignal::new()` instead.
  --> src/components/spectrogram_webgl.rs:35:21
   |
35 |     let last_dims = create_rw_signal::<(i32,i32)>( (0,0) );
   |                     ^^^^^^^^^^^^^^^^

warning: use of deprecated function `leptos::prelude::create_rw_signal`: This function is being removed to conform to Rust idioms. Please use `RwSignal::new()` instead.
  --> src/components/spectrogram_webgl.rs:38:23
   |
38 |     let is_dragging = create_rw_signal(false);
   |                       ^^^^^^^^^^^^^^^^

warning: use of deprecated function `leptos::prelude::create_rw_signal`: This function is being removed to conform to Rust idioms. Please use `RwSignal::new()` instead.
  --> src/components/spectrogram_webgl.rs:39:26
   |
39 |     let last_mouse_pos = create_rw_signal::<(i32,i32)>( (0,0) );
   |                          ^^^^^^^^^^^^^^^^

warning: use of deprecated function `leptos::prelude::create_rw_signal`: This function is being removed to conform to Rust idioms. Please use `RwSignal::new()` instead.
  --> src/components/spectrogram_webgl.rs:40:21
   |
40 |     let drag_mode = create_rw_signal(0); // 0=rotate, 1=pan
   |                     ^^^^^^^^^^^^^^^^

warning: use of deprecated function `leptos::prelude::create_effect`: This function is being removed to conform to Rust idioms. Please use `Effect::new()` instead.
  --> src/components/spectrogram_webgl.rs:43:5
   |
43 |     create_effect(move |_| {
   |     ^^^^^^^^^^^^^

warning: use of deprecated function `leptos::prelude::create_effect`: This function is being removed to conform to Rust idioms. Please use `Effect::new()` instead.
  --> src/components/spectrogram_webgl.rs:70:5
   |
70 |     create_effect(move |_| {
   |     ^^^^^^^^^^^^^

warning: use of deprecated function `leptos::prelude::create_effect`: This function is being removed to conform to Rust idioms. Please use `Effect::new()` instead.
   --> src/components/spectrogram_webgl.rs:236:5
    |
236 |     create_effect(move |_| {
    |     ^^^^^^^^^^^^^

warning: `batchi` (lib) generated 10 warnings (run `cargo fix --lib -p batchi` to apply 1 suggestion)
    Finished `dev` profile [unoptimized + debuginfo] target(s) in 0.17s
2026-02-19T23:45:01.473482Z  INFO fetching cargo artifacts
2026-02-19T23:45:02.095705Z  INFO calling wasm-bindgen for batchi
2026-02-19T23:45:04.543901Z  INFO rust build complete
2026-02-19T23:45:04.546296Z  INFO applying new distribution
2026-02-19T23:45:04.548889Z  INFO ✅ success
2026-02-19T23:45:04.548922Z  INFO 📦 starting build
2026-02-19T23:45:04.549187Z  INFO spawning asset pipelines
2026-02-19T23:45:04.791116Z  INFO copying & hashing css path="style.css"
2026-02-19T23:45:04.791170Z  INFO building batchi
2026-02-19T23:45:04.791712Z  INFO finished copying & hashing css path="style.css"
warning: unused import: `HtmlCanvasElement`
 --> src/components/spectrogram_webgl.rs:6:15
  |
6 | use web_sys::{HtmlCanvasElement, WebGl2RenderingContext};
  |               ^^^^^^^^^^^^^^^^^
  |
  = note: `#[warn(unused_imports)]` (part of `#[warn(unused)]`) on by default

warning: use of deprecated function `leptos::prelude::store_value`: This function is being removed to conform to Rust idioms. Please use `StoredValue::new()` or `StoredValue::new_local()` instead.
  --> src/components/spectrogram_webgl.rs:33:20
   |
33 |     let renderer = store_value(None::<SendWrapper<Waterfall3D>>);
   |                    ^^^^^^^^^^^
   |
   = note: `#[warn(deprecated)]` on by default

warning: use of deprecated function `leptos::prelude::create_rw_signal`: This function is being removed to conform to Rust idioms. Please use `RwSignal::new()` instead.
  --> src/components/spectrogram_webgl.rs:34:26
   |
34 |     let renderer_ready = create_rw_signal(false);
   |                          ^^^^^^^^^^^^^^^^

warning: use of deprecated function `leptos::prelude::create_rw_signal`: This function is being removed to conform to Rust idioms. Please use `RwSignal::new()` instead.
  --> src/components/spectrogram_webgl.rs:35:21
   |
35 |     let last_dims = create_rw_signal::<(i32,i32)>( (0,0) );
   |                     ^^^^^^^^^^^^^^^^

warning: use of deprecated function `leptos::prelude::create_rw_signal`: This function is being removed to conform to Rust idioms. Please use `RwSignal::new()` instead.
  --> src/components/spectrogram_webgl.rs:38:23
   |
38 |     let is_dragging = create_rw_signal(false);
   |                       ^^^^^^^^^^^^^^^^

warning: use of deprecated function `leptos::prelude::create_rw_signal`: This function is being removed to conform to Rust idioms. Please use `RwSignal::new()` instead.
  --> src/components/spectrogram_webgl.rs:39:26
   |
39 |     let last_mouse_pos = create_rw_signal::<(i32,i32)>( (0,0) );
   |                          ^^^^^^^^^^^^^^^^

warning: use of deprecated function `leptos::prelude::create_rw_signal`: This function is being removed to conform to Rust idioms. Please use `RwSignal::new()` instead.
  --> src/components/spectrogram_webgl.rs:40:21
   |
40 |     let drag_mode = create_rw_signal(0); // 0=rotate, 1=pan
   |                     ^^^^^^^^^^^^^^^^

warning: use of deprecated function `leptos::prelude::create_effect`: This function is being removed to conform to Rust idioms. Please use `Effect::new()` instead.
  --> src/components/spectrogram_webgl.rs:43:5
   |
43 |     create_effect(move |_| {
   |     ^^^^^^^^^^^^^

warning: use of deprecated function `leptos::prelude::create_effect`: This function is being removed to conform to Rust idioms. Please use `Effect::new()` instead.
  --> src/components/spectrogram_webgl.rs:70:5
   |
70 |     create_effect(move |_| {
   |     ^^^^^^^^^^^^^

warning: use of deprecated function `leptos::prelude::create_effect`: This function is being removed to conform to Rust idioms. Please use `Effect::new()` instead.
   --> src/components/spectrogram_webgl.rs:236:5
    |
236 |     create_effect(move |_| {
    |     ^^^^^^^^^^^^^

warning: `batchi` (lib) generated 10 warnings (run `cargo fix --lib -p batchi` to apply 1 suggestion)
    Finished `dev` profile [unoptimized + debuginfo] target(s) in 0.17s
2026-02-19T23:45:05.054218Z  INFO fetching cargo artifacts
2026-02-19T23:45:05.677222Z  INFO calling wasm-bindgen for batchi
2026-02-19T23:45:08.114908Z  INFO rust build complete
2026-02-19T23:45:08.117271Z  INFO applying new distribution
2026-02-19T23:45:08.119510Z  INFO ✅ success
2026-02-19T23:45:08.119542Z  INFO 📦 starting build
2026-02-19T23:45:08.119790Z  INFO spawning asset pipelines
2026-02-19T23:45:08.359872Z  INFO copying & hashing css path="style.css"
2026-02-19T23:45:08.359946Z  INFO building batchi
2026-02-19T23:45:08.360349Z  INFO finished copying & hashing css path="style.css"
warning: unused import: `HtmlCanvasElement`
 --> src/components/spectrogram_webgl.rs:6:15
  |
6 | use web_sys::{HtmlCanvasElement, WebGl2RenderingContext};
  |               ^^^^^^^^^^^^^^^^^
  |
  = note: `#[warn(unused_imports)]` (part of `#[warn(unused)]`) on by default

warning: use of deprecated function `leptos::prelude::store_value`: This function is being removed to conform to Rust idioms. Please use `StoredValue::new()` or `StoredValue::new_local()` instead.
  --> src/components/spectrogram_webgl.rs:33:20
   |
33 |     let renderer = store_value(None::<SendWrapper<Waterfall3D>>);
   |                    ^^^^^^^^^^^
   |
   = note: `#[warn(deprecated)]` on by default

warning: use of deprecated function `leptos::prelude::create_rw_signal`: This function is being removed to conform to Rust idioms. Please use `RwSignal::new()` instead.
  --> src/components/spectrogram_webgl.rs:34:26
   |
34 |     let renderer_ready = create_rw_signal(false);
   |                          ^^^^^^^^^^^^^^^^

warning: use of deprecated function `leptos::prelude::create_rw_signal`: This function is being removed to conform to Rust idioms. Please use `RwSignal::new()` instead.
  --> src/components/spectrogram_webgl.rs:35:21
   |
35 |     let last_dims = create_rw_signal::<(i32,i32)>( (0,0) );
   |                     ^^^^^^^^^^^^^^^^

warning: use of deprecated function `leptos::prelude::create_rw_signal`: This function is being removed to conform to Rust idioms. Please use `RwSignal::new()` instead.
  --> src/components/spectrogram_webgl.rs:38:23
   |
38 |     let is_dragging = create_rw_signal(false);
   |                       ^^^^^^^^^^^^^^^^

warning: use of deprecated function `leptos::prelude::create_rw_signal`: This function is being removed to conform to Rust idioms. Please use `RwSignal::new()` instead.
  --> src/components/spectrogram_webgl.rs:39:26
   |
39 |     let last_mouse_pos = create_rw_signal::<(i32,i32)>( (0,0) );
   |                          ^^^^^^^^^^^^^^^^

warning: use of deprecated function `leptos::prelude::create_rw_signal`: This function is being removed to conform to Rust idioms. Please use `RwSignal::new()` instead.
  --> src/components/spectrogram_webgl.rs:40:21
   |
40 |     let drag_mode = create_rw_signal(0); // 0=rotate, 1=pan
   |                     ^^^^^^^^^^^^^^^^

warning: use of deprecated function `leptos::prelude::create_effect`: This function is being removed to conform to Rust idioms. Please use `Effect::new()` instead.
  --> src/components/spectrogram_webgl.rs:43:5
   |
43 |     create_effect(move |_| {
   |     ^^^^^^^^^^^^^

warning: use of deprecated function `leptos::prelude::create_effect`: This function is being removed to conform to Rust idioms. Please use `Effect::new()` instead.
  --> src/components/spectrogram_webgl.rs:70:5
   |
70 |     create_effect(move |_| {
   |     ^^^^^^^^^^^^^

warning: use of deprecated function `leptos::prelude::create_effect`: This function is being removed to conform to Rust idioms. Please use `Effect::new()` instead.
   --> src/components/spectrogram_webgl.rs:236:5
    |
236 |     create_effect(move |_| {
    |     ^^^^^^^^^^^^^

warning: `batchi` (lib) generated 10 warnings (run `cargo fix --lib -p batchi` to apply 1 suggestion)
    Finished `dev` profile [unoptimized + debuginfo] target(s) in 0.17s
2026-02-19T23:45:08.615609Z  INFO fetching cargo artifacts
